regime,strategy,budget_fraction,n_development,n_train,n_test,rmse,mae,bias,seed
spatial,coverage,0.2,40153,8031,9219,28.61307502543847,17.802898997622147,1.7048719831002597,0
spatial,random,0.2,40153,8031,9219,29.223221047747728,18.137391811401912,2.3186158533399124,0
spatial,coverage,0.2,40153,8031,9219,28.84858187230525,18.000120234434995,2.328880280907632,1
spatial,random,0.2,40153,8031,9219,29.01401040994252,18.00326496646604,2.0878607236334763,1
spatial,coverage,0.2,40153,8031,9219,28.644429065525017,18.010085732011476,1.960234617078628,2
spatial,random,0.2,40153,8031,9219,29.57993834899557,18.182246377208383,3.0272811292755857,2
spatial,coverage,0.2,40153,8031,9219,28.78119137416415,18.03562764281901,2.9667655540109106,3
spatial,random,0.2,40153,8031,9219,29.266483199477168,18.129234802100363,2.5831248169949754,3
spatial,coverage,0.2,40153,8031,9219,29.05432739708612,18.034603991270963,1.9021174940299743,4
spatial,random,0.2,40153,8031,9219,29.930384773820197,18.316131065892232,2.816879344588002,4
spatial,coverage,0.2,40153,8031,9219,28.239832046593893,17.73291020399339,1.4377179409991538,5
spatial,random,0.2,40153,8031,9219,28.68577300506045,17.96362717851399,2.3445051079349577,5
spatial,coverage,0.2,40153,8031,9219,29.21999192499374,18.129782601930888,2.3980662578558865,6
spatial,random,0.2,40153,8031,9219,30.391836410097145,18.284019282834773,3.011104886279786,6
spatial,coverage,0.2,40153,8031,9219,29.53395914693267,18.2856144932394,2.3667386652619955,7
spatial,random,0.2,40153,8031,9219,29.56834796740133,18.176523278772525,2.553947473744812,7
spatial,coverage,0.2,40153,8031,9219,28.96986643755117,17.934193238933453,2.304247742357884,8
spatial,random,0.2,40153,8031,9219,29.636225077743894,18.14765737453934,2.5288712407613145,8
spatial,coverage,0.2,40153,8031,9219,28.525758075662417,18.03261020694337,1.6750105426070765,9
spatial,random,0.2,40153,8031,9219,29.90704244848688,18.29350314656696,3.664570593151692,9
spatial,coverage,0.2,40153,8031,9219,29.07425901137028,18.200154950663787,2.9335397854473166,10
spatial,random,0.2,40153,8031,9219,30.366112568508203,18.235277541389603,3.467456947704028,10
spatial,coverage,0.2,40153,8031,9219,28.80172540030736,18.07227996857627,2.5431372840051005,11
spatial,random,0.2,40153,8031,9219,28.80291659924431,17.980371573488565,2.490807407640604,11
spatial,coverage,0.2,40153,8031,9219,29.22212362044761,18.056377346640915,2.8053772552473397,12
spatial,random,0.2,40153,8031,9219,28.984151192233934,18.15513386288861,2.321362689584968,12
spatial,coverage,0.2,40153,8031,9219,29.41067858696137,18.27039811177494,2.1321006200803576,13
spatial,random,0.2,40153,8031,9219,29.70442795656053,18.2642657713294,2.465214214590676,13
spatial,coverage,0.2,40153,8031,9219,28.563856207021548,17.721607429142605,2.5278601164672203,14
spatial,random,0.2,40153,8031,9219,29.95318854247063,18.28828414293617,3.490614164762491,14
spatial,coverage,0.2,40153,8031,9219,28.559708511689852,17.874063914642278,2.240557139973827,15
spatial,random,0.2,40153,8031,9219,28.197792668939925,17.618554751930592,2.641808670283164,15
spatial,coverage,0.2,40153,8031,9219,28.376050218384464,17.76625312201187,2.2748185822313878,16
spatial,random,0.2,40153,8031,9219,29.073320356125752,18.16043894222219,2.9287337245689757,16
spatial,coverage,0.2,40153,8031,9219,28.8094657895385,18.22548608149003,2.3449444996153077,17
spatial,random,0.2,40153,8031,9219,29.183332229469613,18.23554596701551,2.4594108190378074,17
spatial,coverage,0.2,40153,8031,9219,28.809862099896208,18.13656160969932,1.835663074892378,18
spatial,random,0.2,40153,8031,9219,29.57305161686011,18.054826900594488,2.848998944019612,18
spatial,coverage,0.2,40153,8031,9219,29.02840775026641,18.22869451055097,1.4511989304219544,19
spatial,random,0.2,40153,8031,9219,29.926943654736185,18.334730759226524,2.9795303611769723,19
temporal,coverage,0.2,49372,9875,9088,27.74733203055123,19.13338188635037,-7.670808612583063,0
temporal,random,0.2,49372,9875,9088,27.782696036289167,19.101729847670885,-8.348538870725545,0
temporal,coverage,0.2,49372,9875,9088,27.877832571821948,19.151619319339915,-7.24040087262179,1
temporal,random,0.2,49372,9875,9088,27.234468982515796,18.819369042887185,-6.829164194752593,1
temporal,coverage,0.2,49372,9875,9088,27.27108526491049,18.66640491608016,-6.534486324362264,2
temporal,random,0.2,49372,9875,9088,27.916542951238604,19.09355039485666,-6.672570800606192,2
temporal,coverage,0.2,49372,9875,9088,27.52838825437568,18.915789773074614,-6.687936850450391,3
temporal,random,0.2,49372,9875,9088,28.41507795933153,19.716858442458932,-8.714899315014335,3
temporal,coverage,0.2,49372,9875,9088,27.090286395222652,18.716981666569588,-7.173813919485304,4
temporal,random,0.2,49372,9875,9088,28.572212757630147,19.756770347557417,-8.634283864500654,4
temporal,coverage,0.2,49372,9875,9088,27.88586611334164,19.20657831675563,-7.450968935296174,5
temporal,random,0.2,49372,9875,9088,27.96440949765358,19.66676018782285,-8.421784120700371,5
temporal,coverage,0.2,49372,9875,9088,27.204645338185056,19.00920828540465,-7.838303040941099,6
temporal,random,0.2,49372,9875,9088,27.359519486194337,19.07706858196415,-8.186979655838261,6
temporal,coverage,0.2,49372,9875,9088,27.22210185453404,18.799686642982905,-7.315278366325616,7
temporal,random,0.2,49372,9875,9088,27.9004417445306,19.40461140423356,-8.326873094248647,7
temporal,coverage,0.2,49372,9875,9088,27.950871790672736,19.207081044091144,-7.3999643751739805,8
temporal,random,0.2,49372,9875,9088,28.591394296968343,20.11141129574941,-8.457742112498481,8
temporal,coverage,0.2,49372,9875,9088,27.96859253810914,19.35476012508056,-7.785734263454896,9
temporal,random,0.2,49372,9875,9088,27.483602694904384,19.254465867512486,-8.663797182835353,9
temporal,coverage,0.2,49372,9875,9088,27.752017696006583,19.75491352548871,-8.82460544632144,10
temporal,random,0.2,49372,9875,9088,28.635301279686868,20.03571078504546,-8.159189772078589,10
temporal,coverage,0.2,49372,9875,9088,27.99255030093478,19.092868492738933,-7.143479374276711,11
temporal,random,0.2,49372,9875,9088,28.296266687075946,19.438541089098628,-7.618418703617099,11
temporal,coverage,0.2,49372,9875,9088,27.81047383588046,19.254441672338025,-7.23572526258585,12
temporal,random,0.2,49372,9875,9088,28.36449028738774,19.59806723129477,-8.387057826308654,12
temporal,coverage,0.2,49372,9875,9088,27.081729866515804,18.71626706847805,-5.389508828699782,13
temporal,random,0.2,49372,9875,9088,27.376893637364773,18.6123448804428,-5.211806952633938,13
temporal,coverage,0.2,49372,9875,9088,28.117952629788235,19.16137121518689,-6.992964475336119,14
temporal,random,0.2,49372,9875,9088,28.435399479987428,19.519876200769904,-7.694365189829808,14
temporal,coverage,0.2,49372,9875,9088,28.320515731898663,19.098064438015005,-6.655588918591365,15
temporal,random,0.2,49372,9875,9088,27.56294823963084,19.266860296281536,-8.530315452295765,15
temporal,coverage,0.2,49372,9875,9088,26.96034972749932,18.825948434074157,-6.983549417959869,16
temporal,random,0.2,49372,9875,9088,27.41774139020487,19.18797464029953,-7.393721367460762,16
temporal,coverage,0.2,49372,9875,9088,27.67001547792261,19.14223207168297,-7.203105851094922,17
temporal,random,0.2,49372,9875,9088,28.452655451285853,19.57520821237248,-8.018752046888366,17
temporal,coverage,0.2,49372,9875,9088,27.6474807097987,18.92296838964011,-6.32461966389632,18
temporal,random,0.2,49372,9875,9088,27.56486443551644,18.997442494012017,-6.576080980926869,18
temporal,coverage,0.2,49372,9875,9088,27.46519047224504,18.71025877200763,-6.765690865940053,19
temporal,random,0.2,49372,9875,9088,27.817284479105783,19.02597043091874,-7.13022742276779,19
