validation_scheme,budget,comparison,metric,n_units,n_years,unit_definition,mean_random_baseline,mean_comparator_value,mean_difference,median_difference,q25_difference,q75_difference,minimum_difference,maximum_difference,units_below_zero,units_above_zero,mean_relative_error_change_percent
month_stratified_hidden_cells,500,historical_density_minus_random,bias,3,3,year,0.02619347542838964,-3.6266013342570638,-3.6527948096854534,-3.67902079845905,-3.7142649796220253,-3.60443763413568,-3.749509160785001,-3.5298544698123093,3,0,
month_stratified_hidden_cells,500,historical_density_minus_random,mae,3,3,year,17.09729296363294,21.964329854060157,4.867036890427216,4.825686645735285,4.70501201896303,5.008386639545437,4.5843373921907755,5.191086633355589,0,3,28.507030926644912
month_stratified_hidden_cells,500,historical_density_minus_random,median_absolute_error,3,3,year,11.227609099568895,14.216448397626818,2.9888392980579215,2.9794450092913642,2.9153360227591687,3.0576454289733954,2.851227036226973,3.1358458486554266,0,3,26.619787436279353
month_stratified_hidden_cells,500,historical_density_minus_random,p95_absolute_error,3,3,year,50.129643658659255,69.11783768021247,18.98819402155323,18.177406650959426,17.946262233797874,19.624732124011683,17.715117816636322,21.07205759706394,0,3,37.979874683336625
month_stratified_hidden_cells,500,historical_density_minus_random,p99_absolute_error,3,3,year,98.40512940533527,126.08170331804111,27.676573912705837,26.993338764698578,24.759127481294165,30.252402770113882,22.524916197889752,33.511466775529186,0,3,28.25110406403805
month_stratified_hidden_cells,500,historical_density_minus_random,rmse,3,3,year,32.58726446469193,39.92756924663615,7.340304781944223,7.003147197680708,6.963826184411252,7.548204587345436,6.924505171141796,8.093261977010165,0,3,22.568444609620087
month_stratified_hidden_cells,500,spatial_coverage_minus_random,bias,3,3,year,0.02619347542838964,0.2994288957940147,0.27323542036562504,0.14622881532530935,0.1266837483365396,0.35628378987455267,0.10713868134776983,0.5663387644237959,0,3,
month_stratified_hidden_cells,500,spatial_coverage_minus_random,mae,3,3,year,17.09729296363294,18.040826840138667,0.9435338765057288,1.0234229703327067,0.8702886856579735,1.0567236142669731,0.7171544009832402,1.0900242582012396,0,3,5.535485587487947
month_stratified_hidden_cells,500,spatial_coverage_minus_random,median_absolute_error,3,3,year,11.227609099568895,12.125404268741894,0.897795169172996,0.8764487500836164,0.8672298749438454,0.9176872538574568,0.8580109998040744,0.9589257576312971,0,3,8.000186363033785
month_stratified_hidden_cells,500,spatial_coverage_minus_random,p95_absolute_error,3,3,year,50.129643658659255,52.44795406508272,2.3183104064234663,2.5966674191907657,2.03768440510661,2.7381149141239725,1.4787013910224545,2.879562409057179,0,3,4.648851805465053
month_stratified_hidden_cells,500,spatial_coverage_minus_random,p99_absolute_error,3,3,year,98.40512940533527,100.41533346903266,2.0102040636973917,0.9406999750301992,0.6602301512433826,2.8254259318178043,0.37976032745656596,4.7101518886054095,0,3,2.082758718881625
month_stratified_hidden_cells,500,spatial_coverage_minus_random,rmse,3,3,year,32.58726446469193,33.36154206122443,0.7742775965324947,0.8192382866686714,0.5887654573747128,0.9822700807583651,0.3582926280807541,1.1453018748480588,0,3,2.3635495478369215
month_stratified_hidden_cells,1000,historical_density_minus_random,bias,3,3,year,0.3507019200905492,-3.618006848122942,-3.968708768213491,-4.202735035280246,-4.21189950049313,-3.842531169467229,-4.221063965706015,-3.482327303654212,3,0,
month_stratified_hidden_cells,1000,historical_density_minus_random,mae,3,3,year,14.45607223403538,19.36225504003846,4.906182806003078,4.952467273759829,4.828544599565819,5.006963246318712,4.704621925371809,5.061459218877594,0,3,33.95783117647752
month_stratified_hidden_cells,1000,historical_density_minus_random,median_absolute_error,3,3,year,9.071554566256378,11.774574638928486,2.70302007267211,2.6974732105133192,2.6847269021766307,2.718539812088194,2.671980593839942,2.7396064136630685,0,3,29.8002797848425
month_stratified_hidden_cells,1000,historical_density_minus_random,p95_absolute_error,3,3,year,42.64147628849432,62.700591078544356,20.059114790050035,20.849595935136918,19.572011062847533,20.94145908979598,18.29442619055815,21.033322244455043,0,3,47.125444890345456
month_stratified_hidden_cells,1000,historical_density_minus_random,p99_absolute_error,3,3,year,89.94307444702837,127.557405209196,37.61433076216763,38.89089759164611,36.76185071847347,39.10509422060104,34.63280384530083,39.31929084955597,0,3,41.891516735330434
month_stratified_hidden_cells,1000,historical_density_minus_random,rmse,3,3,year,30.400102761979507,38.05593051784908,7.6558277558695735,7.584467009553997,7.503410475453062,7.772564663128296,7.422353941352128,7.960662316702596,0,3,25.269431864694514
month_stratified_hidden_cells,1000,spatial_coverage_minus_random,bias,3,3,year,0.3507019200905492,0.3956096108282791,0.044907690737729954,0.016444337705289747,-0.028875006140397563,0.10445871109963736,-0.07419434998608487,0.19247308449398498,1,2,
month_stratified_hidden_cells,1000,spatial_coverage_minus_random,mae,3,3,year,14.45607223403538,15.085670013637612,0.6295977796022338,0.6848687454981217,0.5366406685458829,0.7501903736065287,0.38841259159364405,0.8155120017149358,0,3,4.3707327414898165
month_stratified_hidden_cells,1000,spatial_coverage_minus_random,median_absolute_error,3,3,year,9.071554566256378,9.72484044972226,0.6532858834658833,0.6901797900541435,0.6229523971685804,0.7020663230573163,0.5557250042830173,0.7139528560604891,0,3,7.211497758462779
month_stratified_hidden_cells,1000,spatial_coverage_minus_random,p95_absolute_error,3,3,year,42.64147628849432,44.503998224836,1.862521936341686,1.7746407080188717,1.5751048903738152,2.10599836814815,1.3755690727287586,2.437356028277428,0,3,4.395056154862023
month_stratified_hidden_cells,1000,spatial_coverage_minus_random,p99_absolute_error,3,3,year,89.94307444702837,89.83690319482106,-0.10617125220729899,0.01173741327120581,-1.380606447358737,1.2272182756833914,-2.7729503079886797,2.442699138095577,1,2,-0.09857942565680533
month_stratified_hidden_cells,1000,spatial_coverage_minus_random,rmse,3,3,year,30.400102761979507,30.355076507896243,-0.045026254083263474,0.0689680608147043,-0.2203222260435087,0.18726687532596564,-0.5096125129017217,0.305565689837227,1,2,-0.1852629489316421
month_stratified_hidden_cells,2500,historical_density_minus_random,bias,3,3,year,0.17018340048864408,-4.576869059041101,-4.747052459529745,-4.871804257817916,-5.0286493949453845,-4.527831423258191,-5.185494532072854,-4.183858588698466,3,0,
month_stratified_hidden_cells,2500,historical_density_minus_random,mae,3,3,year,12.134154648921688,17.593017479231197,5.45886283030951,5.353014125300872,5.256017076344721,5.60878423176998,5.15902002738857,5.864554338239088,0,3,44.98191133670045
month_stratified_hidden_cells,2500,historical_density_minus_random,median_absolute_error,3,3,year,7.652429981758473,10.043468885251908,2.3910389034934343,2.36664807156642,2.3513041273838002,2.4185782636395614,2.3359601832011805,2.470508455712703,0,3,31.24498907396986
month_stratified_hidden_cells,2500,historical_density_minus_random,p95_absolute_error,3,3,year,34.900851261005016,60.25052249631997,25.34967123531494,24.2572597546979,24.047993184897216,26.105143545424145,23.838726615096533,27.95302733615039,0,3,72.6202805442904
month_stratified_hidden_cells,2500,historical_density_minus_random,p99_absolute_error,3,3,year,77.76301582906598,129.216369405701,51.45335357663501,51.55318893722004,47.23363435674288,55.72299047681965,42.91407977626572,59.892792016419264,0,3,66.41092857651904
month_stratified_hidden_cells,2500,historical_density_minus_random,rmse,3,3,year,27.914074028319437,36.89133770244016,8.97726367412072,8.811923051224362,8.2743652267085,9.597491810084762,7.736807402192639,10.383060568945162,0,3,32.47713133682148
month_stratified_hidden_cells,2500,spatial_coverage_minus_random,bias,3,3,year,0.17018340048864408,0.23527480186048763,0.06509140137184352,0.08318253549525184,0.014401419309093194,0.12482695049629801,-0.05437969687706545,0.16647136549734418,1,2,
month_stratified_hidden_cells,2500,spatial_coverage_minus_random,mae,3,3,year,12.134154648921688,12.496078689121896,0.3619240402002107,0.34644883089334755,0.3448116985725571,0.3712987771744327,0.3431745662517667,0.3961487234555179,0,3,2.9812842604467114
month_stratified_hidden_cells,2500,spatial_coverage_minus_random,median_absolute_error,3,3,year,7.652429981758473,8.278130760102481,0.6257007783440072,0.6306648172341749,0.6134134589492803,0.6404701171838179,0.5961621006643858,0.6502754171334608,0,3,8.182202701427858
month_stratified_hidden_cells,2500,spatial_coverage_minus_random,p95_absolute_error,3,3,year,34.900851261005016,35.443918494036794,0.5430672330317753,0.5458839725172453,0.4810235641378817,0.6065192716684038,0.41616315575851814,0.6671545708195623,0,3,1.551467025634257
month_stratified_hidden_cells,2500,spatial_coverage_minus_random,p99_absolute_error,3,3,year,77.76301582906598,70.60882190974081,-7.154193919325162,-5.994562265433402,-7.7807264516097945,-5.947845560094649,-9.566890637786187,-5.901128854755896,3,0,-9.167395248740062
month_stratified_hidden_cells,2500,spatial_coverage_minus_random,rmse,3,3,year,27.914074028319437,26.791480441711784,-1.1225935866076568,-1.09725734877253,-1.2328730581115082,-0.9996459961862421,-1.3684887674504864,-0.9020346435999542,3,0,-4.008091691142219
month_stratified_hidden_cells,5000,historical_density_minus_random,bias,3,3,year,0.06482711518863521,-4.821721798214945,-4.886548913403581,-5.283877940802499,-5.287023953767237,-4.684738386739383,-5.290169966731976,-4.085598832676266,3,0,
month_stratified_hidden_cells,5000,historical_density_minus_random,mae,3,3,year,10.93617525469852,16.366403404175927,5.430228149477405,5.390238042291184,5.316420096387398,5.524041148974302,5.242602150483613,5.6578442556574196,0,3,49.648795254242536
month_stratified_hidden_cells,5000,historical_density_minus_random,median_absolute_error,3,3,year,7.083431327297313,9.05723723028303,1.973805902985718,1.9250649684519363,1.9084801019288742,2.014761236775671,1.891895235405812,2.104457505099406,0,3,27.852863813984
month_stratified_hidden_cells,5000,historical_density_minus_random,p95_absolute_error,3,3,year,30.695512375707782,56.371380934211025,25.675868558503236,26.46565814593278,25.079257438019738,26.66737447270151,23.692856730106698,26.869090799470236,0,3,83.72377909869373
month_stratified_hidden_cells,5000,historical_density_minus_random,p99_absolute_error,3,3,year,66.40595088521074,127.95362083014959,61.54766994493887,62.5125168870408,57.03254682104342,66.54521653988527,51.55257675504603,70.57791619272976,0,3,92.77554594291287
month_stratified_hidden_cells,5000,historical_density_minus_random,rmse,3,3,year,25.935714235208774,35.800685519904484,9.86497128469571,9.94827778159797,9.454143406369669,10.31745241147288,8.960009031141368,10.68662704134779,0,3,38.311437066309544
month_stratified_hidden_cells,5000,spatial_coverage_minus_random,bias,3,3,year,0.06482711518863521,0.07131095972249998,0.006483844533864779,0.011138916421130102,-0.026854284391654333,0.04214950940301655,-0.06484748520443877,0.073160102384903,1,2,
month_stratified_hidden_cells,5000,spatial_coverage_minus_random,mae,3,3,year,10.93617525469852,11.435920854189844,0.4997455994913202,0.4476633938658505,0.44089976381551743,0.5325503323543881,0.43413613376518434,0.6174372708429257,0,3,4.564630261699173
month_stratified_hidden_cells,5000,spatial_coverage_minus_random,median_absolute_error,3,3,year,7.083431327297313,7.753802051931042,0.6703707246337292,0.6182055028557869,0.6171912367446533,0.6974676016338339,0.6161769706335196,0.7767297004118809,0,3,9.46596487892898
month_stratified_hidden_cells,5000,spatial_coverage_minus_random,p95_absolute_error,3,3,year,30.695512375707782,31.785307210746755,1.089794835038969,1.0695523002454372,1.041790613185393,1.1276777894957792,1.0140289261253486,1.1858032787461212,0,3,3.551273662913404
month_stratified_hidden_cells,5000,spatial_coverage_minus_random,p99_absolute_error,3,3,year,66.40595088521074,61.685599177109644,-4.7203517081010915,-4.253114723319214,-4.977212670979686,-4.229872252831559,-5.701310618640157,-4.206629782343903,3,0,-7.098704631160989
month_stratified_hidden_cells,5000,spatial_coverage_minus_random,rmse,3,3,year,25.935714235208774,24.82877382822588,-1.1069404069828899,-1.0883186637380504,-1.2861500043920948,-0.9184199379512652,-1.4839813450461392,-0.74852121216448,3,0,-4.233611839419473
whole_spatial_blocks,1000,historical_density_minus_random,bias,15,3,year-fold,0.2448741210367667,-3.5619263598952458,-3.806800480932012,-3.726255317139665,-4.353043603621455,-3.010487661183527,-6.252404931222459,-1.2528442201582781,15,0,
whole_spatial_blocks,1000,historical_density_minus_random,mae,15,3,year-fold,15.756649113935177,20.480081513802826,4.72343239986765,4.297078592242116,4.102293875225119,5.3812535039058105,3.8953737329624154,6.207385484794269,0,15,30.022897812800913
whole_spatial_blocks,1000,historical_density_minus_random,median_absolute_error,15,3,year-fold,10.062421600288364,12.797500902312231,2.7350793020238666,2.701044637539791,2.4128850403279403,2.7783094113614437,2.335471896790054,3.543539030557005,0,15,27.258011068572003
whole_spatial_blocks,1000,historical_density_minus_random,p95_absolute_error,15,3,year-fold,45.8607207561382,65.20643978885946,19.34571903272125,17.13291521745512,14.214548776875485,24.02716987515228,11.76847240282828,31.058817696296174,0,15,42.424960775383724
whole_spatial_blocks,1000,historical_density_minus_random,p99_absolute_error,15,3,year-fold,101.0878015030335,130.09889255381245,29.011091050778965,27.86515663100458,22.552218635350016,34.270941031117815,12.389896522736763,51.68375435719112,0,15,32.07048515940566
whole_spatial_blocks,1000,historical_density_minus_random,rmse,15,3,year-fold,31.48608844282035,38.54981939110242,7.063730948282062,6.876980049014293,6.139925467390473,7.59755960684841,5.189460664209989,10.823287228264782,0,15,22.981731546948758
whole_spatial_blocks,1000,spatial_coverage_minus_random,bias,15,3,year-fold,0.2448741210367667,0.31499234972611273,0.07011822868934584,0.22644292898639445,-0.5149595292965572,0.5573266991500181,-0.9323568276941288,0.9390638331627221,6,9,
whole_spatial_blocks,1000,spatial_coverage_minus_random,mae,15,3,year-fold,15.756649113935177,16.24302579515277,0.48637668121759403,0.48034987134968077,0.3259977558843197,0.6668849448162,0.08390358394147412,0.9607096563592563,0,15,3.169801190588486
whole_spatial_blocks,1000,spatial_coverage_minus_random,median_absolute_error,15,3,year-fold,10.062421600288364,10.668277214831305,0.6058556145429399,0.5913285705162199,0.4794359189651587,0.7162398784787314,0.40894132857385124,0.8744201717686124,0,15,6.055623507933698
whole_spatial_blocks,1000,spatial_coverage_minus_random,p95_absolute_error,15,3,year-fold,45.8607207561382,47.09954533902805,1.2388245828898385,1.1944869600565085,0.8075394338655393,1.5182747706995379,0.30971849483969294,2.4320901131643993,0,15,2.7706709683825523
whole_spatial_blocks,1000,spatial_coverage_minus_random,p99_absolute_error,15,3,year-fold,101.0878015030335,95.67939868272808,-5.4084028203054295,0.524837081345197,-4.3328632339750754,4.082837202826148,-33.7061627259322,6.524551397782318,7,8,-3.2076579178195077
whole_spatial_blocks,1000,spatial_coverage_minus_random,rmse,15,3,year-fold,31.48608844282035,31.377725737352826,-0.10836270546752758,0.3170404993837863,-0.6763566036065001,0.6488527453083375,-2.526056284820335,1.3255151749691905,5,10,0.008873912321597748
whole_spatial_blocks,5000,historical_density_minus_random,bias,15,3,year-fold,0.10350693529749053,-4.850685123557378,-4.954192058854869,-5.25666850322602,-5.613368941317912,-4.316134910920136,-6.188400457574339,-3.357865911504901,15,0,
whole_spatial_blocks,5000,historical_density_minus_random,mae,15,3,year-fold,12.828210348179455,17.808777790241205,4.980567442061745,4.835263497083236,4.549525440670996,5.4001100156531665,3.9098966020255546,6.131048642638264,0,15,38.88921638334704
whole_spatial_blocks,5000,historical_density_minus_random,median_absolute_error,15,3,year-fold,8.294726588177795,10.381721709564175,2.0869951213863818,2.1384514832774855,1.9464359050585034,2.219574416909249,1.4676678301077821,2.554195431186372,0,15,25.141585547848806
whole_spatial_blocks,5000,historical_density_minus_random,p95_absolute_error,15,3,year-fold,36.58843904153152,59.57091140468422,22.98247236315268,23.125371742066,19.05090916640007,25.983260136687026,15.564932880393243,31.460196284377304,0,15,63.27275404127527
whole_spatial_blocks,5000,historical_density_minus_random,p99_absolute_error,15,3,year-fold,80.3672410979976,128.3094454819552,47.94220438395758,42.46738628233928,37.2230068825074,58.85538338746669,31.884439902045216,67.69991319659447,0,15,62.12087384782006
whole_spatial_blocks,5000,historical_density_minus_random,rmse,15,3,year-fold,27.54923606734805,36.48564660554782,8.936410538199762,8.761365837980733,8.180828700652043,9.548322259073204,7.170700060717678,12.586638648574045,0,15,33.54620371301869
whole_spatial_blocks,5000,spatial_coverage_minus_random,bias,15,3,year-fold,0.10350693529749053,0.2555422442556898,0.15203530895819922,0.3201369448586899,-0.4289678331169411,0.5574358114495579,-0.6565257409427396,1.0165657830428871,6,9,
whole_spatial_blocks,5000,spatial_coverage_minus_random,mae,15,3,year-fold,12.828210348179455,13.460365807626392,0.6321554594469352,0.5501334104584625,0.3832112470503768,0.8154041846878641,0.1595350675932128,1.3794024249595065,0,15,4.943032699118986
whole_spatial_blocks,5000,spatial_coverage_minus_random,median_absolute_error,15,3,year-fold,8.294726588177795,8.958215243331306,0.6634886551535109,0.6263806320141043,0.508848456170135,0.7751251567529929,0.40908149850429254,1.0687892723772503,0,15,8.027250689029923
whole_spatial_blocks,5000,spatial_coverage_minus_random,p95_absolute_error,15,3,year-fold,36.58843904153152,37.845851580444915,1.2574125389133897,1.2732784441682838,0.6009832086208284,1.6351325414216014,-0.023459794915503096,3.054516994646036,1,14,3.435107179012394
whole_spatial_blocks,5000,spatial_coverage_minus_random,p99_absolute_error,15,3,year-fold,80.3672410979976,76.77684955976784,-3.5903915382297895,-1.0023317783598316,-11.1062101325262,2.2067852228358475,-16.787720724093774,6.294130936597966,9,6,-3.4652578397172076
whole_spatial_blocks,5000,spatial_coverage_minus_random,rmse,15,3,year-fold,27.54923606734805,27.72804951485593,0.17881344750787775,-0.32087018519084864,-0.9395976242088082,1.3681687011658532,-2.4961997865153194,2.922345039572093,8,7,1.2365705392791155
