domain,weighting,response,coverage_group,n_cells,cell_fraction_of_domain,weight_fraction_of_domain,weight_fraction_of_global,group_mean_signed_error,contribution_to_domain_mean,contribution_to_global_mean
global,equal_cell,signed_error_historical_density,all,37920,1.0,1.0,1.0,-5.114058410736266,-5.114058410736266,-5.114058410736266
global,equal_cell,signed_error_historical_density,zero_density,20160,0.5316455696202531,0.5316455696202531,0.5316455696202531,-9.423291782157953,-5.009851327223216,-5.009851327223216
global,equal_cell,signed_error_historical_density,positive_density,17760,0.46835443037974683,0.46835443037974683,0.46835443037974683,-0.2224962053386752,-0.10420708351305041,-0.10420708351305041
global,equal_cell,signed_error_historical_spatial_month_balanced,all,37920,1.0,1.0,1.0,-4.2198733495534295,-4.2198733495534295,-4.2198733495534295
global,equal_cell,signed_error_historical_spatial_month_balanced,zero_density,20160,0.5316455696202531,0.5316455696202531,0.5316455696202531,-7.9308006705634195,-4.216375040046375,-4.216375040046375
global,equal_cell,signed_error_historical_spatial_month_balanced,positive_density,17760,0.46835443037974683,0.46835443037974683,0.46835443037974683,-0.007469363542087841,-0.0034983095070537993,-0.0034983095070537993
global,spherical_cell_area,signed_error_historical_density,all,37920,1.0,1.0,1.0,-1.8333869483509018,-1.8333869483509018,-1.8333869483509018
global,spherical_cell_area,signed_error_historical_density,zero_density,20160,0.5316455696202531,0.49247437352508644,0.49247437352508644,-3.844532031366052,-1.8933335036441243,-1.8933335036441243
global,spherical_cell_area,signed_error_historical_density,positive_density,17760,0.46835443037974683,0.5075256264749137,0.5075256264749137,0.1181153269236645,0.05994655529322207,0.05994655529322207
global,spherical_cell_area,signed_error_historical_spatial_month_balanced,all,37920,1.0,1.0,1.0,-1.4701336549527384,-1.4701336549527384,-1.4701336549527384
global,spherical_cell_area,signed_error_historical_spatial_month_balanced,zero_density,20160,0.5316455696202531,0.49247437352508644,0.49247437352508644,-3.128375646108179,-1.540644836468263,-1.540644836468263
global,spherical_cell_area,signed_error_historical_spatial_month_balanced,positive_density,17760,0.46835443037974683,0.5075256264749137,0.5075256264749137,0.13893127329405966,0.07051118151552507,0.07051118151552507
south_of_60n,equal_cell,signed_error_historical_density,all,33822,1.0,1.0,0.8919303797468354,-0.6436500016267661,-0.6436500016267661,-0.5740909903750128
south_of_60n,equal_cell,signed_error_historical_density,zero_density,16611,0.49113003370587194,0.49113003370587194,0.43805379746835443,-1.2753413155128166,-0.6263584232743007,-0.558668106328676
south_of_60n,equal_cell,signed_error_historical_density,positive_density,17211,0.5088699662941281,0.5088699662941281,0.453876582278481,-0.033980347628672844,-0.017291578352465507,-0.015422884046336717
south_of_60n,equal_cell,signed_error_historical_spatial_month_balanced,all,33822,1.0,1.0,0.8919303797468354,-0.2898717649838983,-0.2898717649838983,-0.2585454334199738
south_of_60n,equal_cell,signed_error_historical_spatial_month_balanced,zero_density,16611,0.49113003370587194,0.49113003370587194,0.43805379746835443,-0.6500037834073852,-0.31923638005381333,-0.2847366256904028
south_of_60n,equal_cell,signed_error_historical_spatial_month_balanced,positive_density,17211,0.5088699662941281,0.5088699662941281,0.453876582278481,0.0577055377894758,0.029364615069915084,0.026191192270429008
south_of_60n,spherical_cell_area,signed_error_historical_density,all,33822,1.0,1.0,0.9618575717087817,-0.4552589932432919,-0.4552589932432919,-0.4378943097395774
south_of_60n,spherical_cell_area,signed_error_historical_density,zero_density,16611,0.49113003370587194,0.47981861447062657,0.461517167375389,-1.1646539806953762,-0.5588226593549553,-0.537507806143001
south_of_60n,spherical_cell_area,signed_error_historical_density,positive_density,17211,0.5088699662941281,0.5201813855293733,0.5003404043333927,0.1990914496224612,0.1035636661116633,0.09961349640342351
south_of_60n,spherical_cell_area,signed_error_historical_spatial_month_balanced,all,33822,1.0,1.0,0.9618575717087817,-0.20217388360472877,-0.20217388360472877,-0.19446248074697828
south_of_60n,spherical_cell_area,signed_error_historical_spatial_month_balanced,zero_density,16611,0.49113003370587194,0.47981861447062657,0.461517167375389,-0.6086003358715733,-0.29201776992425627,-0.28087950307515885
south_of_60n,spherical_cell_area,signed_error_historical_spatial_month_balanced,positive_density,17211,0.5088699662941281,0.5201813855293733,0.5003404043333927,0.1727164577949981,0.08984388631952767,0.0864170223281807
60_to_90n,equal_cell,signed_error_historical_density,all,4098,1.0,1.0,0.10806962025316456,-42.00965460714952,-42.00965460714952,-4.539967420361253
60_to_90n,equal_cell,signed_error_historical_density,zero_density,3549,0.8660322108345534,0.8660322108345534,0.09359177215189873,-47.55955698402957,-41.188108281191056,-4.451183220894539
60_to_90n,equal_cell,signed_error_historical_density,positive_density,549,0.13396778916544655,0.13396778916544655,0.014477848101265824,-6.132416837482301,-0.8215463259584634,-0.08878419946671369
60_to_90n,equal_cell,signed_error_historical_spatial_month_balanced,all,4098,1.0,1.0,0.10806962025316456,-36.6553329867693,-36.6553329867693,-3.961327916133455
60_to_90n,equal_cell,signed_error_historical_spatial_month_balanced,zero_density,3549,0.8660322108345534,0.8660322108345534,0.09359177215189873,-42.008376633524506,-36.380607289501825,-3.931638414355972
60_to_90n,equal_cell,signed_error_historical_spatial_month_balanced,positive_density,549,0.13396778916544655,0.13396778916544655,0.014477848101265824,-2.0506847129365173,-0.27472569726748364,-0.029689501777482807
60_to_90n,spherical_cell_area,signed_error_historical_density,all,4098,1.0,1.0,0.03814242829121833,-36.5863606783686,-36.5863606783686,-1.3954926386113244
60_to_90n,spherical_cell_area,signed_error_historical_density,zero_density,3549,0.8660322108345534,0.8116212715493188,0.030957206149697335,-43.79677193558305,-35.546391728113434,-1.3558256975011234
60_to_90n,spherical_cell_area,signed_error_historical_density,positive_density,549,0.13396778916544655,0.18837872845068113,0.007185222141520995,-5.520628357609078,-1.03996895025517,-0.039666941110201435
60_to_90n,spherical_cell_area,signed_error_historical_spatial_month_balanced,all,4098,1.0,1.0,0.03814242829121833,-33.44493865115195,-33.44493865115195,-1.2756711742057596
60_to_90n,spherical_cell_area,signed_error_historical_spatial_month_balanced,zero_density,3549,0.8660322108345534,0.8116212715493188,0.030957206149697335,-40.69376697953154,-33.02792690005907,-1.259765333393104
60_to_90n,spherical_cell_area,signed_error_historical_spatial_month_balanced,positive_density,549,0.13396778916544655,0.18837872845068113,0.007185222141520995,-2.213688108644694,-0.4170117510928807,-0.01590584081265559
