validation_scheme,year,spatial_fold,budget,domain,weighting,mean_bias_historical_density,mean_bias_random,mean_mae_historical_density,mean_mae_random,mean_rmse_historical_density,mean_rmse_random,mean_bias_difference,mean_mae_difference,mean_rmse_difference
hidden_cells,2005,-1,5000,60_to_90n,equal_cell,-42.41360135651439,-0.014730055521665317,49.59116975945009,17.926346197918996,74.75155324282721,42.32854283527739,-42.398871300992724,31.664823561531094,32.423010407549825
hidden_cells,2005,-1,5000,60_to_90n,spherical_cell_area,-37.123090043589826,0.3727169251113088,45.79876199111214,20.291700455614098,75.94523607222877,47.36873105307814,-37.49580696870113,25.50706153549804,28.576505019150623
hidden_cells,2005,-1,5000,global,equal_cell,-5.172579755527504,0.11759021120447186,16.02524453593963,10.782642385456018,35.45457834329955,26.494569312158184,-5.290169966731976,5.242602150483613,8.960009031141368
hidden_cells,2005,-1,5000,global,spherical_cell_area,-1.8891924185645745,0.11390176424600762,12.887378966278622,10.0437667396257,29.32711507490534,24.108854197154955,-2.003094182810582,2.8436122266529207,5.218260877750385
hidden_cells,2005,-1,5000,south_of_60n,equal_cell,-0.6950984684131601,0.13349905292530578,11.989619421161237,9.923756168968799,27.127392486541215,23.843248862989775,-0.828597521338466,2.065863252192438,3.28414362355144
hidden_cells,2005,-1,5000,south_of_60n,spherical_cell_area,-0.5067999846136149,0.10374722148211331,11.596109763859255,9.641691834845616,25.833509956808047,22.686249777082224,-0.6105472060957282,1.9544179290136388,3.147260179725823
hidden_cells,2010,-1,5000,60_to_90n,equal_cell,-27.734318118072743,-0.48393260639341007,49.279746915421114,18.256861663658377,82.98136165923893,51.12884840644351,-27.250385511679333,31.022885251762737,31.85251325279542
hidden_cells,2010,-1,5000,60_to_90n,spherical_cell_area,-27.632368775066915,-0.4348393478111882,47.20807229598722,20.379388831394188,85.7458494382135,55.38533926591964,-27.197529427255727,26.828683464593034,30.360510172293857
hidden_cells,2010,-1,5000,global,equal_cell,-4.109266349262609,-0.02366751658634337,16.430125416159676,11.039887373868492,37.555325789589396,27.607048007991427,-4.085598832676266,5.390238042291184,9.94827778159797
hidden_cells,2010,-1,5000,global,spherical_cell_area,-2.0438978756609223,0.0026676262599261923,13.423270292642774,10.308279524016251,31.0595415085865,24.834001443616565,-2.0465655019208486,3.114990768626523,6.225540064969934
hidden_cells,2010,-1,5000,south_of_60n,equal_cell,-1.2688306508189386,0.03167007186124458,12.480621368509315,10.172191861152932,27.398769440575524,23.20281370421705,-1.3005007226801832,2.308429507356383,4.195955736358474
hidden_cells,2010,-1,5000,south_of_60n,spherical_cell_area,-1.0399411478480765,0.019833093935211602,12.097732733074492,9.913142277033845,26.713186086851437,22.801614619560336,-1.059774241783288,2.184590456040647,3.9115714672911004
hidden_cells,2014,-1,5000,60_to_90n,equal_cell,-39.54101121865183,0.13212712513480426,48.658564036474715,16.134179054919887,72.91144189884747,35.029182545591695,-39.67313834378663,32.52438498155483,37.882259353255776
hidden_cells,2014,-1,5000,60_to_90n,spherical_cell_area,-35.734517412032055,0.24821787930360167,46.2107027954639,18.201056467836203,74.38674605205937,39.420822473316754,-35.98273529133566,28.0096463276277,34.96592357874261
hidden_cells,2014,-1,5000,global,equal_cell,-5.1833192898547225,0.10055865094777712,16.643840260428476,10.985996004771057,34.392152426824495,23.705525385476705,-5.283877940802499,5.6578442556574196,10.68662704134779
hidden_cells,2014,-1,5000,global,spherical_cell_area,-2.035603095241357,0.06119917307906515,13.90160667979455,10.551506152258751,29.40766734216374,22.944795842560833,-2.096802268320422,3.3501005275357993,6.462871499602908
hidden_cells,2014,-1,5000,south_of_60n,equal_cell,-1.0525002073956111,0.09676317900961147,12.794715814938424,10.36703088838258,26.154832203314395,21.94950451767455,-1.1492633864052226,2.4276849265558447,4.205327685639844
hidden_cells,2014,-1,5000,south_of_60n,spherical_cell_area,-0.7134353158014366,0.053861544774540845,12.633968041190666,10.251378116697035,26.096331412045753,22.046544819500344,-0.7672968605759775,2.3825899244936313,4.049786592545409
whole_blocks,2005,0,5000,60_to_90n,equal_cell,-43.41028489485036,-0.9412882935266811,51.332664057603324,21.836752818370364,77.49860421955655,48.07698559944885,-42.46899660132368,29.49591123923296,29.421618620107708
whole_blocks,2005,0,5000,60_to_90n,spherical_cell_area,-38.44474250528426,-0.25045273418366254,47.21618455950031,25.119256187458987,77.75169997697044,53.15334232709372,-38.1942897711006,22.096928372041326,24.598357649876725
whole_blocks,2005,0,5000,global,equal_cell,-4.846604710114148,0.6426126416014897,17.602641155902344,13.098274810904917,33.02855072344445,25.85785066272677,-5.489217351715638,4.504366344997427,7.170700060717678
whole_blocks,2005,0,5000,global,spherical_cell_area,-1.260562549342532,0.8307135862555217,14.334504773046627,12.158177634519994,26.065234823166207,23.111105184421632,-2.091276135598054,2.1763271385266325,2.9541296387445755
whole_blocks,2005,0,5000,south_of_60n,equal_cell,0.1319810606028891,0.8470948544006637,13.248082377800163,11.97013397846147,21.34576182108528,21.273580643669266,-0.7151137937977745,1.2779483993386922,0.07218117741601304
whole_blocks,2005,0,5000,south_of_60n,spherical_cell_area,0.3463799017043659,0.877437006242582,12.913498119862657,11.59805482522988,21.14400544399893,20.804443160754197,-0.5310571045382162,1.315443294632777,0.3395622832447316
whole_blocks,2005,1,5000,60_to_90n,equal_cell,-43.95788671217469,3.0795259818121172,51.872290002491376,19.864030678510396,74.40893163132166,37.71336029107569,-47.03741269398681,32.00825932398098,36.695571340245976
whole_blocks,2005,1,5000,60_to_90n,spherical_cell_area,-35.57148230863218,5.6156779069350105,46.13484813331432,22.564445531001013,73.34846576936019,41.30904479677807,-41.18716021556719,23.570402602313308,32.03942097258212
whole_blocks,2005,1,5000,global,equal_cell,-3.651627213967159,0.6724207642119725,16.124942176352263,11.65576708041506,28.858136522968902,20.677362498208964,-4.324047978179132,4.469175095937203,8.180774024759938
whole_blocks,2005,1,5000,global,spherical_cell_area,-0.4860581699910149,0.834493546387989,13.181827421792741,10.998573174730945,22.15708457926165,18.760509725800173,-1.320551716379004,2.1832542470617966,3.396574853461477
whole_blocks,2005,1,5000,south_of_60n,equal_cell,0.4577861085191944,0.4270050304529926,12.480331407972168,10.818895879652985,18.771104664075352,17.739535876012738,0.030781078066201784,1.661435528319183,1.0315687880626143
whole_blocks,2005,1,5000,south_of_60n,spherical_cell_area,0.6082495737005793,0.6853693103779297,12.15402893772276,10.637835803222995,18.38590256322326,17.43871108931448,-0.07711973667735039,1.5161931344997654,0.9471914739087808
whole_blocks,2005,2,5000,60_to_90n,equal_cell,-36.75313774087298,-0.6412456246060382,47.07574858247931,20.42543404588934,72.14103750543545,43.73787473233497,-36.111892116266944,26.650314536589967,28.403162773100476
whole_blocks,2005,2,5000,60_to_90n,spherical_cell_area,-29.382950643936244,-1.2632341585177216,42.032976397402365,21.348451251564075,71.12487972722114,47.317273008625875,-28.11971648541852,20.68452514583829,23.807606718595267
whole_blocks,2005,2,5000,global,equal_cell,-5.483840138624849,0.15810641625436372,18.860052248985465,13.78220647179046,42.067833744848905,34.78126208349667,-5.641946554879213,5.077845777195005,7.286571661352234
whole_blocks,2005,2,5000,global,spherical_cell_area,-1.4879030927664119,0.6309438952264421,15.79640568927123,13.010179843571942,36.12859263975857,32.19658347253323,-2.118846987992854,2.7862258456992883,3.9320091672253454
whole_blocks,2005,2,5000,south_of_60n,equal_cell,-1.1777608878124668,0.2681847838924023,14.974482893562989,12.867370942731592,35.980283661378635,33.32675761898817,-1.445945671704869,2.1071119508313974,2.6535260423904674
whole_blocks,2005,2,5000,south_of_60n,spherical_cell_area,-0.20326905819992813,0.7181753505915938,14.58814850239428,12.6261823895253,33.64266937695787,31.311440541065224,-0.9214444087915219,1.9619661128689803,2.331228835892645
whole_blocks,2005,3,5000,60_to_90n,equal_cell,-44.504492607429185,-0.4765689697961272,52.331321384762646,15.899392118365673,77.35531921458107,35.553956673751095,-44.02792363763306,36.43192926639697,41.80136254082998
whole_blocks,2005,3,5000,60_to_90n,spherical_cell_area,-37.14521331537669,-1.6481221007345794,46.268085541079344,16.966842888104424,77.6848312391152,40.84234331504064,-35.497091214642104,29.30124265297492,36.84248792407456
whole_blocks,2005,3,5000,global,equal_cell,-5.734692867995738,0.4537075895786007,18.120808405152847,12.026514733445893,49.83342893258974,39.99506302170977,-6.188400457574339,6.094293671706954,9.838365910879972
whole_blocks,2005,3,5000,global,spherical_cell_area,-2.0121037368090455,0.47254390378575417,14.542013546436872,11.479067811321196,43.064913467893774,37.00581730225806,-2.4846476405947997,3.062945735115676,6.059096165635715
whole_blocks,2005,3,5000,south_of_60n,equal_cell,-0.9605964945777193,0.5682614427900071,13.90814063161763,11.549610287142237,45.26224134308917,40.506737507592234,-1.5288579373677265,2.358530344475394,4.755503835496938
whole_blocks,2005,3,5000,south_of_60n,spherical_cell_area,-0.5937121141174629,0.5581592942655484,13.261170624250378,11.257515711621105,41.04679474286181,36.84164187487099,-1.1518714083830113,2.0036549126292726,4.205152867990826
whole_blocks,2005,4,5000,60_to_90n,equal_cell,-50.643334933588434,1.2033789986303567,55.40826678801542,19.94895618618925,77.31519186925448,41.203961571105744,-51.84671393221879,35.45931060182617,36.11123029814873
whole_blocks,2005,4,5000,60_to_90n,spherical_cell_area,-46.67890220396655,0.6681956099728915,53.08824294454452,23.460173647789144,80.66487594065003,47.585632782406435,-47.34709781393944,29.628069296755374,33.0792431582436
whole_blocks,2005,4,5000,global,equal_cell,-6.779866349627059,-0.8813146832134638,17.659151548819118,12.823888051735882,31.97187327421009,22.902231748247537,-5.898551666413595,4.835263497083236,9.069641525962552
whole_blocks,2005,4,5000,global,spherical_cell_area,-3.33389121206015,-1.5509314760193302,14.2102249738958,12.148140787818402,25.497302499943384,21.20547706238599,-1.7829597360408196,2.0620841860773975,4.291825437557392
whole_blocks,2005,4,5000,south_of_60n,equal_cell,-1.642856944276485,-1.125460698032328,13.238216171667483,11.98944556002117,20.995214257566516,19.670942836813513,-0.517396246244157,1.2487706116463126,1.3242714207530035
whole_blocks,2005,4,5000,south_of_60n,spherical_cell_area,-1.674181273214942,-1.635903360808323,12.72155923470526,11.714995359161279,20.62131895226691,19.495987741087163,-0.03827791240661882,1.006563875543982,1.1253312111797484
whole_blocks,2010,0,5000,60_to_90n,equal_cell,-33.35325505156287,-2.43288634548341,53.1487014124976,22.182585745958566,88.1708915441968,52.13973803446064,-30.920368706079458,30.966115666539036,36.031153509736164
whole_blocks,2010,0,5000,60_to_90n,spherical_cell_area,-35.419829241526266,-3.5366617734416237,52.39091586631107,25.270605975717597,91.2808480097116,56.6154854865831,-31.883167468084643,27.12030989059347,34.66536252312851
whole_blocks,2010,0,5000,global,equal_cell,-3.8211074276966728,0.4871144159644681,18.243267547640674,13.27329666360545,36.724826639149555,27.271153505601365,-4.308221843661141,4.969970884035224,9.45367313354819
whole_blocks,2010,0,5000,global,spherical_cell_area,-1.1005826603505109,0.8123755570677661,14.977143171655005,12.35285715706096,28.900301851211275,24.319485505916187,-1.9129582174182769,2.6242860145940448,4.580816345295087
whole_blocks,2010,0,5000,south_of_60n,equal_cell,-0.008495943663827596,0.8640876242212194,13.73696276739658,12.123104056465113,22.75118041709466,22.06734845197621,-0.872583567885047,1.613858710931467,0.6838319651184506
whole_blocks,2010,0,5000,south_of_60n,spherical_cell_area,0.3825495287842683,1.0003224935300958,13.360278696813864,11.794606874998646,22.587473875445475,21.852338511952446,-0.6177729647458275,1.5656718218152186,0.7351353634930291
whole_blocks,2010,1,5000,60_to_90n,equal_cell,-27.05186878259184,3.216868294817041,48.363904503224944,21.638869678754723,79.07904496663333,44.72533719717097,-30.26873707740888,26.72503482447022,34.35370776946236
whole_blocks,2010,1,5000,60_to_90n,spherical_cell_area,-25.499569267621503,4.307830898627597,47.19050934252292,24.351781205338494,82.92834373029032,47.92257367530841,-29.8074001662491,22.83872813718443,35.00577005498191
whole_blocks,2010,1,5000,global,equal_cell,-2.3190366262355786,1.0388292852693224,16.448009022830806,12.45525330440518,31.21807047611191,23.037187099567763,-3.357865911504901,3.9927557184256273,8.180883376544148
whole_blocks,2010,1,5000,global,spherical_cell_area,-0.33547803130616793,1.2481527670119088,13.905530589484211,11.749534323196722,24.76489665103178,20.5883737443334,-1.5836307983180768,2.15599626628749,4.176522906698381
whole_blocks,2010,1,5000,south_of_60n,equal_cell,0.2025923026574449,0.8167679321653856,13.194032898054298,11.518940286348165,20.825809837287554,19.332449328144286,-0.6141756295079407,1.6750926117061322,1.493360509143269
whole_blocks,2010,1,5000,south_of_60n,spherical_cell_area,0.44938521543832916,1.1527219847189472,12.867378396877678,11.356472626221175,20.406292805806515,19.02882903527937,-0.7033367692806181,1.5109057706565032,1.3774637705271466
whole_blocks,2010,2,5000,60_to_90n,equal_cell,-32.41087937913054,-1.417307621266319,51.78654041101794,21.323192585332457,90.64110896001013,66.7699210939602,-30.993571757864224,30.46334782568548,23.871187866049922
whole_blocks,2010,2,5000,60_to_90n,spherical_cell_area,-26.700129386642676,-2.268703306264805,46.14313885354488,22.213749757705013,88.87336254267527,69.43346177395325,-24.43142608037787,23.92938909583987,19.439900768722012
whole_blocks,2010,2,5000,global,equal_cell,-5.509514595043564,-0.2528460918175437,19.46403083435825,13.332982191719987,43.43480690268832,34.67344106470759,-5.25666850322602,6.131048642638264,8.761365837980733
whole_blocks,2010,2,5000,global,spherical_cell_area,-1.9782380390320402,0.11204676401348494,15.984711518933022,12.388366355728893,35.47114368852543,30.035032371916778,-2.090284803045525,3.596345163204129,5.4361113166086525
whole_blocks,2010,2,5000,south_of_60n,equal_cell,-1.8049411764528156,-0.09248868008060342,15.012914292097571,12.232654335839833,31.831183445125106,27.43799624922631,-1.712452496372212,2.780259956257739,4.393187195898797
whole_blocks,2010,2,5000,south_of_60n,spherical_cell_area,-0.839735479904356,0.2216860310721202,14.595843401322744,11.935883817468662,30.85297121613342,26.85465795092163,-1.0614215109764762,2.659959583854082,3.998313265211788
whole_blocks,2010,3,5000,60_to_90n,equal_cell,-30.517851010811704,-1.3885415623982817,45.30249660841202,16.373877508442764,75.08056755663408,38.67967886270223,-29.129309448413423,28.928619099969257,36.40088869393185
whole_blocks,2010,3,5000,60_to_90n,spherical_cell_area,-26.70305555841988,-1.6587591518708156,40.45838731706783,17.40139251055276,78.19146632923257,44.99824270872471,-25.044296406549066,23.05699480651507,33.19322362050786
whole_blocks,2010,3,5000,global,equal_cell,-4.8193392330570015,-0.1784470957919857,16.970182034407202,12.304350363342465,43.87906110704663,34.23608972244841,-4.640892137265016,4.665831671064737,9.64297138459822
whole_blocks,2010,3,5000,global,spherical_cell_area,-2.6411277825309387,-0.286739649475606,14.068984880015293,11.653275699150779,37.62815675347876,31.467762417440326,-2.3543881330553327,2.415709180864514,6.160394336038436
whole_blocks,2010,3,5000,south_of_60n,equal_cell,-1.6548356063944243,-0.029436586494917254,13.481353070436095,11.803230550613883,38.29583923760609,33.64321242503924,-1.625399019899507,1.678122519822212,4.652626812566851
whole_blocks,2010,3,5000,south_of_60n,spherical_cell_area,-1.6697011939789612,-0.23134856705476609,13.003593635302185,11.421213099815168,35.011387367593365,30.79473536912094,-1.438352626924195,1.582380535487017,4.216651998472425
whole_blocks,2010,4,5000,60_to_90n,equal_cell,-28.378282699435196,1.7124602970376028,50.749537353607344,19.070255031111987,78.72489111927388,45.01987235283153,-30.090742996472798,31.679282322495357,33.70501876644235
whole_blocks,2010,4,5000,60_to_90n,spherical_cell_area,-31.224618701286875,1.9029661337857615,50.82107272537843,22.235413498751367,85.06808171458087,51.425121231536195,-33.12758483507264,28.58565922662706,33.642960483044675
whole_blocks,2010,4,5000,global,equal_cell,-4.835624627583764,-0.6377110495001872,17.61230725736462,12.976844806693176,32.99258145771368,24.357729568661,-4.197913578083576,4.635462450671444,8.634851889052683
whole_blocks,2010,4,5000,global,spherical_cell_area,-3.135591514054908,-1.314565634995298,14.809474540148898,12.46886793670771,27.18073707327693,22.530028693670648,-1.82102587905961,2.340606603441188,4.650708379606282
whole_blocks,2010,4,5000,south_of_60n,equal_cell,-2.078458816344783,-0.912948113533114,13.73148642474337,12.263223503043141,22.101510337797613,20.61186534661337,-1.1655107028116687,1.4682629217002283,1.4896449911842424
whole_blocks,2010,4,5000,south_of_60n,spherical_cell_area,-2.0600435668217836,-1.43776711385046,13.43056596326825,12.094900267382739,22.12046432897369,20.628841389555227,-0.6222764529713236,1.3356656958855115,1.4916229394184626
whole_blocks,2014,0,5000,60_to_90n,equal_cell,-42.66481049965094,-4.286485514150693,49.59720010115965,20.018340658733244,80.47336024074552,45.00837499271756,-38.37832498550025,29.578859442426406,35.46498524802796
whole_blocks,2014,0,5000,60_to_90n,spherical_cell_area,-40.954400455997536,-4.999283958877338,48.96896985971181,22.938823039480102,83.2432784717781,49.318310107335826,-35.9551164971202,26.03014682023171,33.92496836444227
whole_blocks,2014,0,5000,global,equal_cell,-4.169176543641076,0.6912771122721073,18.133858348427623,13.539173812083058,35.14056095444454,26.738756850101804,-4.860453655913184,4.594684536344564,8.401804104342734
whole_blocks,2014,0,5000,global,spherical_cell_area,-0.6393221535060787,1.1201104131661863,15.354456697493768,12.916413632012361,28.745741344500495,24.909960734979006,-1.759432566672265,2.4380430654814074,3.835780609521489
whole_blocks,2014,0,5000,south_of_60n,equal_cell,0.8006244330815822,1.3339081594957745,14.071928968270608,12.702710909312652,23.593592855890382,23.345350110703798,-0.5332837264141923,1.3692180589579568,0.24824274518658385
whole_blocks,2014,0,5000,south_of_60n,spherical_cell_area,1.1029244367996263,1.3845646677116838,13.901780095894773,12.483287631715607,23.695913609140995,23.276561967698488,-0.2816402309120576,1.4184924641791667,0.4193516414425069
whole_blocks,2014,1,5000,60_to_90n,equal_cell,-31.196832206190084,3.1303802028723027,43.03658870817871,16.763356804117247,65.11654485153842,29.020025704311234,-34.32721240906238,26.273231904061465,36.096519147227184
whole_blocks,2014,1,5000,60_to_90n,spherical_cell_area,-24.476656132913764,3.991130800909775,39.43708371942374,19.290076053215568,65.87659940539433,32.942840260974755,-28.46778693382354,20.14700766620817,32.933759144419575
whole_blocks,2014,1,5000,global,equal_cell,-2.3607938044240964,1.186351281795048,16.04847471554937,12.138578113523817,27.938821173490943,20.285300872628586,-3.5471450862191443,3.9098966020255546,7.653520300862358
whole_blocks,2014,1,5000,global,spherical_cell_area,0.3402755127342353,1.3674237025353382,13.959073468765993,11.861091222955734,23.153924962824632,19.559619292241106,-1.0271481898011028,2.0979822458102593,3.594305670583527
whole_blocks,2014,1,5000,south_of_60n,equal_cell,0.5791763602897748,0.9881483612802103,13.296909162932824,11.667060106115544,20.599401316320236,19.154051695244945,-0.4089720009904355,1.6298490568172799,1.445349621075291
whole_blocks,2014,1,5000,south_of_60n,spherical_cell_area,1.1143109174990289,1.2855907743203518,13.16441914733106,11.62938259103507,20.40454628179115,18.983788630542403,-0.17127985682132296,1.5350365562959905,1.4207576512487456
whole_blocks,2014,2,5000,60_to_90n,equal_cell,-33.03164293610904,0.6632304059770492,47.60085870333522,18.451056929110756,72.05862084173232,38.6318209978159,-33.69487334208608,29.149801774224464,33.42679984391642
whole_blocks,2014,2,5000,60_to_90n,spherical_cell_area,-25.909505006057753,0.6461276630774001,41.76505646445528,19.84495421166428,68.9856643623745,42.741300086710915,-26.555632669135154,21.920102252790997,26.244364275663578
whole_blocks,2014,2,5000,global,equal_cell,-5.70376471260156,-0.363121524030914,19.83346641916929,14.111092165057963,39.24115297964551,29.21702995246452,-5.340643188570645,5.722374254111328,10.024123027180991
whole_blocks,2014,2,5000,global,spherical_cell_area,-1.9337071420474004,-0.1923738067372811,16.945484825192516,13.781884724701001,34.48397252500595,28.927969550988244,-1.7413333353101192,3.1636001004915144,5.556002974017709
whole_blocks,2014,2,5000,south_of_60n,equal_cell,-1.9404563427163133,-0.5044599322694407,16.009632788975487,13.51343779950544,32.11250858399261,27.66033964608431,-1.4359964104468725,2.496194989470048,4.452168937908297
whole_blocks,2014,2,5000,south_of_60n,spherical_cell_area,-0.8295639823881358,-0.23098881623608322,15.80248385368778,13.502665791569342,31.98872895950425,28.125283638291187,-0.5985751661520525,2.2998180621184385,3.8634453212130637
whole_blocks,2014,3,5000,60_to_90n,equal_cell,-42.528990587134835,-3.7624347447790805,50.36992262290953,15.266981217995484,79.2839820941722,36.633910873583645,-38.76655584235576,35.10294140491404,42.65007122058856
whole_blocks,2014,3,5000,60_to_90n,spherical_cell_area,-36.119707055644724,-3.996084760973475,45.31666766545098,16.49368074577682,81.344315501537,42.848981739914166,-32.12362229467125,28.822986919674157,38.49533376162283
whole_blocks,2014,3,5000,global,equal_cell,-6.382885667019031,-0.7067640251581698,18.05200506520449,12.01972488333403,37.50150991042774,24.914871261853698,-5.6761216418608615,6.03228018187046,12.586638648574045
whole_blocks,2014,3,5000,global,spherical_cell_area,-2.9237191677174814,-0.6028265040358582,15.158624404615072,11.809948507482684,30.77902802452425,23.184563748048188,-2.320892663681623,3.348675897132388,7.594464276476064
whole_blocks,2014,3,5000,south_of_60n,equal_cell,-1.9318699390014018,-0.33049005420793975,14.072390673445529,11.619859142601358,28.34429263900061,23.055954513273285,-1.6013798847934622,2.452531530844171,5.288338125727325
whole_blocks,2014,3,5000,south_of_60n,spherical_cell_area,-1.5835328963624806,-0.4658341016267807,13.941085836835274,11.620857173142623,26.79259221334062,22.020951874080414,-1.1176987947357,2.3202286636926512,4.771640339260205
whole_blocks,2014,4,5000,60_to_90n,equal_cell,-47.12442087165657,0.37727992927681775,53.677946933082545,18.172442602867807,77.52364276976039,41.24612471267925,-47.501700800933385,35.505504330214734,36.27751805708114
whole_blocks,2014,4,5000,60_to_90n,spherical_cell_area,-46.51392169880002,0.32754647886883903,54.19854499189514,21.42439232678202,82.57575283810907,47.57692527238771,-46.84146817766886,32.77415266511312,34.998827565721356
whole_blocks,2014,4,5000,global,equal_cell,-6.3424023357293615,-0.7576110079727495,17.958470073453682,12.885207770634523,33.4534842844363,24.293211097796302,-5.584791327756612,5.07326230281916,9.160273186639998
whole_blocks,2014,4,5000,global,spherical_cell_area,-3.232824309016057,-1.3821913799714172,15.179328788125577,12.59711380297217,28.448252474369717,23.520885041463977,-1.85063292904464,2.5822149851534064,4.92736743290574
whole_blocks,2014,4,5000,south_of_60n,equal_cell,-1.5662726872673594,-0.8905221891197386,13.775232985604935,12.266000582094701,23.352569620749033,21.444473224382012,-0.6757504981476208,1.509232403510234,1.9080963963670214
whole_blocks,2014,4,5000,south_of_60n,spherical_cell_area,-1.5755616654475721,-1.4476584049461472,13.685256472595679,12.259111307098824,24.054537318717795,22.08287475119959,-0.12790326050142498,1.4261451654968553,1.9716625675182051
