evaluation_domain,budget,comparison,metric,n_years,years,mean_of_year_effects,minimum_year_effect,maximum_year_effect,years_effect_below_zero,years_effect_above_zero,years_interval_entirely_below_zero,years_interval_entirely_above_zero
all,500,historical_density_minus_random,mae,3,2005;2010;2014,4.815745281501794,4.464213375778476,5.224354155888936,0,3,0,3
all,500,historical_density_minus_random,median_absolute_error,3,2005;2010;2014,2.963543679259699,2.7786270531050334,3.0922560317407957,0,3,0,3
all,500,historical_density_minus_random,p95_absolute_error,3,2005;2010;2014,18.74827850299118,17.42173747826197,20.899750868457048,0,3,0,3
all,500,historical_density_minus_random,p99_absolute_error,3,2005;2010;2014,27.332045046833553,22.575438124845924,33.30628797230396,0,3,0,3
all,500,historical_density_minus_random,rmse,3,2005;2010;2014,7.262896415914756,6.8006234375598,8.073452438003281,0,3,0,3
all,500,spatial_coverage_minus_random,mae,3,2005;2010;2014,0.9457388086530766,0.7198807955783805,1.125990152489476,0,3,0,3
all,500,spatial_coverage_minus_random,median_absolute_error,3,2005;2010;2014,0.9036278193452825,0.8753622133834043,0.9430404435033708,0,3,0,3
all,500,spatial_coverage_minus_random,p95_absolute_error,3,2005;2010;2014,2.307313443048945,1.3735295682724187,3.0674881123283813,0,3,0,0
all,500,spatial_coverage_minus_random,p99_absolute_error,3,2005;2010;2014,1.917414072407263,-0.020387323723617002,5.026473921514241,1,2,0,0
all,500,spatial_coverage_minus_random,rmse,3,2005;2010;2014,0.764823325561844,0.31283873894800107,1.1964029868977932,0,3,0,0
all,1000,historical_density_minus_random,mae,3,2005;2010;2014,4.8846952528831755,4.651291748747721,5.079788846704532,0,3,0,3
all,1000,historical_density_minus_random,median_absolute_error,3,2005;2010;2014,2.710071632541123,2.6399975244314398,2.7543089157511447,0,3,0,3
all,1000,historical_density_minus_random,p95_absolute_error,3,2005;2010;2014,19.897835458272073,17.904497523256815,21.31318512321562,0,3,0,3
all,1000,historical_density_minus_random,p99_absolute_error,3,2005;2010;2014,37.193094723957266,34.654256547086064,39.396744497225114,0,3,0,3
all,1000,historical_density_minus_random,rmse,3,2005;2010;2014,7.602536821034974,7.345530948858401,8.006370846494239,0,3,0,3
all,1000,spatial_coverage_minus_random,mae,3,2005;2010;2014,0.606445603418051,0.3691010262760311,0.8067884576812077,0,3,0,2
all,1000,spatial_coverage_minus_random,median_absolute_error,3,2005;2010;2014,0.6281997768115768,0.512836655660395,0.6942268763777477,0,3,0,3
all,1000,spatial_coverage_minus_random,p95_absolute_error,3,2005;2010;2014,1.8196466764411252,1.3591606063952806,2.385778211714403,0,3,0,1
all,1000,spatial_coverage_minus_random,p99_absolute_error,3,2005;2010;2014,-0.14385039719367665,-2.9202741421369947,2.03155029985347,1,2,0,0
all,1000,spatial_coverage_minus_random,rmse,3,2005;2010;2014,-0.05062493951137281,-0.5001940141910197,0.2807121243030279,1,2,0,0
all,2500,historical_density_minus_random,mae,3,2005;2010;2014,5.4049062961851035,5.088358926662781,5.854474876678301,0,3,0,3
all,2500,historical_density_minus_random,median_absolute_error,3,2005;2010;2014,2.3503902829856522,2.2950493581455733,2.439574796073279,0,3,0,3
all,2500,historical_density_minus_random,p95_absolute_error,3,2005;2010;2014,25.209315762118155,23.430688085486327,27.955968376100675,0,3,0,3
all,2500,historical_density_minus_random,p99_absolute_error,3,2005;2010;2014,50.977334425444475,42.50380991507896,59.45655849817668,0,3,0,3
all,2500,historical_density_minus_random,rmse,3,2005;2010;2014,8.915362479869733,7.675372171952047,10.387335657097873,0,3,0,3
all,2500,spatial_coverage_minus_random,mae,3,2005;2010;2014,0.3410556909513196,0.28598479602743054,0.3994905429945962,0,3,0,2
all,2500,spatial_coverage_minus_random,median_absolute_error,3,2005;2010;2014,0.6183329292046754,0.5544061885732248,0.6714289662428982,0,3,0,3
all,2500,spatial_coverage_minus_random,p95_absolute_error,3,2005;2010;2014,0.48161789638220404,0.41641473186807987,0.5564292385385443,0,3,0,0
all,2500,spatial_coverage_minus_random,p99_absolute_error,3,2005;2010;2014,-7.505201245571189,-10.097599647891059,-6.026410606581504,3,0,3,0
all,2500,spatial_coverage_minus_random,rmse,3,2005;2010;2014,-1.1522513246060169,-1.355465552995635,-0.96372595841397,3,0,2,0
all,5000,historical_density_minus_random,mae,3,2005;2010;2014,5.425467815055106,5.27003544921075,5.652264277178278,0,3,0,3
all,5000,historical_density_minus_random,median_absolute_error,3,2005;2010;2014,1.9884291948097577,1.9301485256845496,2.1015207797307354,0,3,0,3
all,5000,historical_density_minus_random,p95_absolute_error,3,2005;2010;2014,25.623619690875245,23.57146512867399,26.864498386332535,0,3,0,3
all,5000,historical_density_minus_random,p99_absolute_error,3,2005;2010;2014,60.6658204226085,51.64319138866826,69.15361356471271,0,3,0,3
all,5000,historical_density_minus_random,rmse,3,2005;2010;2014,9.80344216896173,8.940758147150845,10.630945966564065,0,3,0,3
all,5000,spatial_coverage_minus_random,mae,3,2005;2010;2014,0.49152391285555425,0.4456708240771195,0.5633124140251794,0,3,0,3
all,5000,spatial_coverage_minus_random,median_absolute_error,3,2005;2010;2014,0.6594046453195602,0.5937881783074104,0.7469288717317497,0,3,0,3
all,5000,spatial_coverage_minus_random,p95_absolute_error,3,2005;2010;2014,1.039509157450983,0.9291147441423725,1.1832992849143118,0,3,0,3
all,5000,spatial_coverage_minus_random,p99_absolute_error,3,2005;2010;2014,-4.99409394094025,-5.692824826237535,-4.264472403767069,3,0,3,0
all,5000,spatial_coverage_minus_random,rmse,3,2005;2010;2014,-1.1029759514718718,-1.463788591170939,-0.6921011818655775,3,0,3,0
spco2_le_threshold,500,historical_density_minus_random,mae,3,2005;2010;2014,4.803275883455414,4.450744691027855,5.2080238125632645,0,3,0,3
spco2_le_threshold,500,historical_density_minus_random,median_absolute_error,3,2005;2010;2014,2.9630926633292454,2.77811648683695,3.091753809174078,0,3,0,3
spco2_le_threshold,500,historical_density_minus_random,p95_absolute_error,3,2005;2010;2014,18.702148520742856,17.381968354568347,20.845642240259075,0,3,0,3
spco2_le_threshold,500,historical_density_minus_random,p99_absolute_error,3,2005;2010;2014,27.39132291096942,22.695665143289528,33.19041349881826,0,3,0,3
spco2_le_threshold,500,historical_density_minus_random,rmse,3,2005;2010;2014,7.793662000404276,7.246440088365408,8.731828765937383,0,3,0,3
spco2_le_threshold,500,spatial_coverage_minus_random,mae,3,2005;2010;2014,0.9492227561446184,0.7218941383481556,1.1314116154054084,0,3,0,3
spco2_le_threshold,500,spatial_coverage_minus_random,median_absolute_error,3,2005;2010;2014,0.9033315575942723,0.8751769615462877,0.9427995733687823,0,3,0,3
spco2_le_threshold,500,spatial_coverage_minus_random,p95_absolute_error,3,2005;2010;2014,2.299749680065308,1.3659662164022488,3.063591770677065,0,3,0,1
spco2_le_threshold,500,spatial_coverage_minus_random,p99_absolute_error,3,2005;2010;2014,1.9213323486607745,0.05914528003233706,4.912056254057812,0,3,0,0
spco2_le_threshold,500,spatial_coverage_minus_random,rmse,3,2005;2010;2014,1.0030866978829975,0.4122692081395279,1.5622627383524903,0,3,0,0
spco2_le_threshold,1000,historical_density_minus_random,mae,3,2005;2010;2014,4.869626188758468,4.63511027352666,5.070097628567205,0,3,0,3
spco2_le_threshold,1000,historical_density_minus_random,median_absolute_error,3,2005;2010;2014,2.709379461898848,2.6391265876949204,2.7536216421299557,0,3,0,3
spco2_le_threshold,1000,historical_density_minus_random,p95_absolute_error,3,2005;2010;2014,19.854635930559613,17.86765017891612,21.28112620614521,0,3,0,3
spco2_le_threshold,1000,historical_density_minus_random,p99_absolute_error,3,2005;2010;2014,37.14314625498373,34.50762451207619,39.3421932079835,0,3,0,3
spco2_le_threshold,1000,historical_density_minus_random,rmse,3,2005;2010;2014,8.214702206509267,8.074656019280418,8.478687897280402,0,3,0,3
spco2_le_threshold,1000,spatial_coverage_minus_random,mae,3,2005;2010;2014,0.6109175097821562,0.3699828787337399,0.816676148875568,0,3,0,2
spco2_le_threshold,1000,spatial_coverage_minus_random,median_absolute_error,3,2005;2010;2014,0.6279226026616375,0.512519672757685,0.694073403049947,0,3,0,3
spco2_le_threshold,1000,spatial_coverage_minus_random,p95_absolute_error,3,2005;2010;2014,1.8142470425400459,1.3511717904097544,2.378189333147942,0,3,0,1
spco2_le_threshold,1000,spatial_coverage_minus_random,p99_absolute_error,3,2005;2010;2014,-0.07981204681591396,-2.8907560622809916,2.1240302888590366,1,2,0,0
spco2_le_threshold,1000,spatial_coverage_minus_random,rmse,3,2005;2010;2014,0.16473005521920484,-0.5504364535966205,0.8167689084764087,1,2,0,0
spco2_le_threshold,2500,historical_density_minus_random,mae,3,2005;2010;2014,5.388706601570154,5.065827089873058,5.844114562069633,0,3,0,3
spco2_le_threshold,2500,historical_density_minus_random,median_absolute_error,3,2005;2010;2014,2.3500189999167103,2.294689451170254,2.4393784203072073,0,3,0,3
spco2_le_threshold,2500,historical_density_minus_random,p95_absolute_error,3,2005;2010;2014,25.14793183227626,23.363444810809334,27.902742458271575,0,3,0,3
spco2_le_threshold,2500,historical_density_minus_random,p99_absolute_error,3,2005;2010;2014,50.97255240646168,42.55348849139752,59.425492357153175,0,3,0,3
spco2_le_threshold,2500,historical_density_minus_random,rmse,3,2005;2010;2014,9.937849383427775,8.480142849955469,11.33903069338841,0,3,0,3
spco2_le_threshold,2500,spatial_coverage_minus_random,mae,3,2005;2010;2014,0.35144284551177624,0.2905706350966592,0.4098753436378867,0,3,0,2
spco2_le_threshold,2500,spatial_coverage_minus_random,median_absolute_error,3,2005;2010;2014,0.6180844940124387,0.5546063064240428,0.6709023773004134,0,3,0,3
spco2_le_threshold,2500,spatial_coverage_minus_random,p95_absolute_error,3,2005;2010;2014,0.48438160509005074,0.4231572431302508,0.5620407120080593,0,3,0,0
spco2_le_threshold,2500,spatial_coverage_minus_random,p99_absolute_error,3,2005;2010;2014,-7.333828507377874,-9.816165896154933,-5.8736313696114735,3,0,3,0
spco2_le_threshold,2500,spatial_coverage_minus_random,rmse,3,2005;2010;2014,-0.6695963055737121,-0.7702811460095036,-0.6076251449956763,3,0,1,0
spco2_le_threshold,5000,historical_density_minus_random,mae,3,2005;2010;2014,5.406063586051914,5.240660272424153,5.639868671738219,0,3,0,3
spco2_le_threshold,5000,historical_density_minus_random,median_absolute_error,3,2005;2010;2014,1.987996543405042,1.9298949233504346,2.1012514113546006,0,3,0,3
spco2_le_threshold,5000,historical_density_minus_random,p95_absolute_error,3,2005;2010;2014,25.561252104787513,23.509063808625104,26.807991182970085,0,3,0,3
spco2_le_threshold,5000,historical_density_minus_random,p99_absolute_error,3,2005;2010;2014,60.39393898687308,51.492424540068384,68.6729558090158,0,3,0,3
spco2_le_threshold,5000,historical_density_minus_random,rmse,3,2005;2010;2014,10.94458256658472,9.676914627306616,11.637815273352942,0,3,0,3
spco2_le_threshold,5000,spatial_coverage_minus_random,mae,3,2005;2010;2014,0.5050742634916222,0.451079883760824,0.5808891345249683,0,3,0,3
spco2_le_threshold,5000,spatial_coverage_minus_random,median_absolute_error,3,2005;2010;2014,0.659282860061784,0.5936620577887866,0.74668742464724,0,3,0,3
spco2_le_threshold,5000,spatial_coverage_minus_random,p95_absolute_error,3,2005;2010;2014,1.0433554337574493,0.9369510989314108,1.1845736954305521,0,3,0,3
spco2_le_threshold,5000,spatial_coverage_minus_random,p99_absolute_error,3,2005;2010;2014,-4.911258136469573,-5.558209365492769,-4.1895660516815285,3,0,3,0
spco2_le_threshold,5000,spatial_coverage_minus_random,rmse,3,2005;2010;2014,-0.38249980309914805,-0.5890047860769639,-0.1514221536357022,3,0,0,0
