validation_scheme,year,spatial_fold,budget,domain,weighting,strategy,n_seeds,mean_bias,sd_bias,mean_mae,mean_rmse
hidden_cells_latitude_cap,2005,-1,5000,global,equal_cell,historical_density,20,-0.9997356632647977,0.2538215661305117,11.992753916706487,28.432837057507435
hidden_cells_latitude_cap,2005,-1,5000,global,equal_cell,random,20,0.02534824791135056,0.28222417340315314,9.673039238872168,24.032911891607277
hidden_cells_latitude_cap,2005,-1,5000,global,equal_cell,spatial_coverage,20,-0.05990689816461592,0.14778234655091005,9.817438044118092,21.82869570369683
hidden_cells_latitude_cap,2005,-1,5000,global,spherical_cell_area,historical_density,20,-0.6859596060522885,0.2971309457468184,11.522527648767202,26.575104327530358
hidden_cells_latitude_cap,2005,-1,5000,global,spherical_cell_area,random,20,0.03932709335297808,0.26234906983902856,9.328888687301383,22.528895975820753
hidden_cells_latitude_cap,2005,-1,5000,global,spherical_cell_area,spatial_coverage,20,0.014240976514012862,0.1563940249890843,9.508790332619107,20.519945538116893
hidden_cells_latitude_cap,2005,-1,5000,south_of_60n,equal_cell,historical_density,20,-0.9997356632647977,0.2538215661305117,11.992753916706487,28.432837057507435
hidden_cells_latitude_cap,2005,-1,5000,south_of_60n,equal_cell,random,20,0.02534824791135056,0.28222417340315314,9.673039238872168,24.032911891607277
hidden_cells_latitude_cap,2005,-1,5000,south_of_60n,equal_cell,spatial_coverage,20,-0.05990689816461592,0.14778234655091005,9.817438044118092,21.82869570369683
hidden_cells_latitude_cap,2005,-1,5000,south_of_60n,spherical_cell_area,historical_density,20,-0.6859596060522885,0.2971309457468184,11.522527648767202,26.575104327530358
hidden_cells_latitude_cap,2005,-1,5000,south_of_60n,spherical_cell_area,random,20,0.03932709335297808,0.26234906983902856,9.328888687301383,22.528895975820753
hidden_cells_latitude_cap,2005,-1,5000,south_of_60n,spherical_cell_area,spatial_coverage,20,0.014240976514012862,0.1563940249890843,9.508790332619107,20.519945538116893
hidden_cells_latitude_cap,2010,-1,5000,global,equal_cell,historical_density,20,-1.427511637241022,0.3567932102390995,12.26462482613355,24.608154314230667
hidden_cells_latitude_cap,2010,-1,5000,global,equal_cell,random,20,0.06735930869658424,0.23495658696794386,9.699930856193486,20.02871597123507
hidden_cells_latitude_cap,2010,-1,5000,global,equal_cell,spatial_coverage,20,0.06256916701861963,0.1893767996328401,9.882324175644865,18.0689650564035
hidden_cells_latitude_cap,2010,-1,5000,global,spherical_cell_area,historical_density,20,-1.0975025423794904,0.36870590993109825,11.873835511452054,23.524697286990303
hidden_cells_latitude_cap,2010,-1,5000,global,spherical_cell_area,random,20,0.08058450262052093,0.2519727733315372,9.431333192158245,19.261369645850003
hidden_cells_latitude_cap,2010,-1,5000,global,spherical_cell_area,spatial_coverage,20,0.11016863417367909,0.19185859485830847,9.661275961424376,17.509986645474843
hidden_cells_latitude_cap,2010,-1,5000,south_of_60n,equal_cell,historical_density,20,-1.427511637241022,0.3567932102390995,12.26462482613355,24.608154314230667
hidden_cells_latitude_cap,2010,-1,5000,south_of_60n,equal_cell,random,20,0.06735930869658424,0.23495658696794386,9.699930856193486,20.02871597123507
hidden_cells_latitude_cap,2010,-1,5000,south_of_60n,equal_cell,spatial_coverage,20,0.06256916701861963,0.1893767996328401,9.882324175644865,18.0689650564035
hidden_cells_latitude_cap,2010,-1,5000,south_of_60n,spherical_cell_area,historical_density,20,-1.0975025423794904,0.36870590993109825,11.873835511452054,23.524697286990303
hidden_cells_latitude_cap,2010,-1,5000,south_of_60n,spherical_cell_area,random,20,0.08058450262052093,0.2519727733315372,9.431333192158245,19.261369645850003
hidden_cells_latitude_cap,2010,-1,5000,south_of_60n,spherical_cell_area,spatial_coverage,20,0.11016863417367909,0.19185859485830847,9.661275961424376,17.509986645474843
hidden_cells_latitude_cap,2014,-1,5000,global,equal_cell,historical_density,20,-1.03093739502522,0.30245198060986245,12.705009736088872,24.72999605310653
hidden_cells_latitude_cap,2014,-1,5000,global,equal_cell,random,20,-0.008246091455757061,0.2824410874634113,9.892107562277797,20.15095980516332
hidden_cells_latitude_cap,2014,-1,5000,global,equal_cell,spatial_coverage,20,-0.11048422021062565,0.20758945098625892,9.993681648687529,18.533969602397512
hidden_cells_latitude_cap,2014,-1,5000,global,spherical_cell_area,historical_density,20,-0.6299006693040872,0.3266523464752776,12.527620773365514,24.86997460309449
hidden_cells_latitude_cap,2014,-1,5000,global,spherical_cell_area,random,20,-0.02719351148839467,0.28030139468820253,9.764903084558757,20.50701207866144
hidden_cells_latitude_cap,2014,-1,5000,global,spherical_cell_area,spatial_coverage,20,-0.036540913336219324,0.22192699840068594,9.914337255147704,19.03293454831037
hidden_cells_latitude_cap,2014,-1,5000,south_of_60n,equal_cell,historical_density,20,-1.03093739502522,0.30245198060986245,12.705009736088872,24.72999605310653
hidden_cells_latitude_cap,2014,-1,5000,south_of_60n,equal_cell,random,20,-0.008246091455757061,0.2824410874634113,9.892107562277797,20.15095980516332
hidden_cells_latitude_cap,2014,-1,5000,south_of_60n,equal_cell,spatial_coverage,20,-0.11048422021062565,0.20758945098625892,9.993681648687529,18.533969602397512
hidden_cells_latitude_cap,2014,-1,5000,south_of_60n,spherical_cell_area,historical_density,20,-0.6299006693040872,0.3266523464752776,12.527620773365514,24.86997460309449
hidden_cells_latitude_cap,2014,-1,5000,south_of_60n,spherical_cell_area,random,20,-0.02719351148839467,0.28030139468820253,9.764903084558757,20.50701207866144
hidden_cells_latitude_cap,2014,-1,5000,south_of_60n,spherical_cell_area,spatial_coverage,20,-0.036540913336219324,0.22192699840068594,9.914337255147704,19.03293454831037
whole_blocks_latitude_cap,2005,0,5000,global,equal_cell,historical_density,20,0.32968878908198085,0.3596905545004716,13.375849376410056,22.77890808827368
whole_blocks_latitude_cap,2005,0,5000,global,equal_cell,random,20,1.2253558326555392,0.4097611003171989,11.845870105127107,22.487608339429528
whole_blocks_latitude_cap,2005,0,5000,global,equal_cell,spatial_coverage,20,0.8499156223670136,0.281502812132674,11.928926735605346,19.39245760950859
whole_blocks_latitude_cap,2005,0,5000,global,spherical_cell_area,historical_density,20,0.5755861945088665,0.38559855982030083,13.02956565872071,22.5814765259096
whole_blocks_latitude_cap,2005,0,5000,global,spherical_cell_area,random,20,1.2635031610400471,0.4260560245585557,11.47558142699268,21.944760008352795
whole_blocks_latitude_cap,2005,0,5000,global,spherical_cell_area,spatial_coverage,20,1.0012338047301972,0.2883693393246684,11.596779354597704,19.01434885086592
whole_blocks_latitude_cap,2005,0,5000,south_of_60n,equal_cell,historical_density,20,0.32968878908198085,0.3596905545004716,13.375849376410056,22.77890808827368
whole_blocks_latitude_cap,2005,0,5000,south_of_60n,equal_cell,random,20,1.2253558326555392,0.4097611003171989,11.845870105127107,22.487608339429528
whole_blocks_latitude_cap,2005,0,5000,south_of_60n,equal_cell,spatial_coverage,20,0.8499156223670136,0.281502812132674,11.928926735605346,19.39245760950859
whole_blocks_latitude_cap,2005,0,5000,south_of_60n,spherical_cell_area,historical_density,20,0.5755861945088665,0.38559855982030083,13.02956565872071,22.5814765259096
whole_blocks_latitude_cap,2005,0,5000,south_of_60n,spherical_cell_area,random,20,1.2635031610400471,0.4260560245585557,11.47558142699268,21.944760008352795
whole_blocks_latitude_cap,2005,0,5000,south_of_60n,spherical_cell_area,spatial_coverage,20,1.0012338047301972,0.2883693393246684,11.596779354597704,19.01434885086592
whole_blocks_latitude_cap,2005,1,5000,global,equal_cell,historical_density,20,0.39221599985619654,0.6039943773589609,12.462821935710057,18.79631901779286
whole_blocks_latitude_cap,2005,1,5000,global,equal_cell,random,20,-1.054571810707395,0.6846942942724175,11.509394288641285,23.59064036554792
whole_blocks_latitude_cap,2005,1,5000,global,equal_cell,spatial_coverage,20,0.13017701792470987,0.43055504821794227,11.064031008122043,18.5356889196576
whole_blocks_latitude_cap,2005,1,5000,global,spherical_cell_area,historical_density,20,0.5142875648513766,0.5963814398210947,12.150654666737392,18.435704805944578
whole_blocks_latitude_cap,2005,1,5000,global,spherical_cell_area,random,20,-0.7520792651403772,0.6672418551582414,11.244336887468766,22.96468843966491
whole_blocks_latitude_cap,2005,1,5000,global,spherical_cell_area,spatial_coverage,20,0.5381702628799845,0.4362965512125075,10.888640834430362,18.20919601938013
whole_blocks_latitude_cap,2005,1,5000,south_of_60n,equal_cell,historical_density,20,0.39221599985619654,0.6039943773589609,12.462821935710057,18.79631901779286
whole_blocks_latitude_cap,2005,1,5000,south_of_60n,equal_cell,random,20,-1.054571810707395,0.6846942942724175,11.509394288641285,23.59064036554792
whole_blocks_latitude_cap,2005,1,5000,south_of_60n,equal_cell,spatial_coverage,20,0.13017701792470987,0.43055504821794227,11.064031008122043,18.5356889196576
whole_blocks_latitude_cap,2005,1,5000,south_of_60n,spherical_cell_area,historical_density,20,0.5142875648513766,0.5963814398210947,12.150654666737392,18.435704805944578
whole_blocks_latitude_cap,2005,1,5000,south_of_60n,spherical_cell_area,random,20,-0.7520792651403772,0.6672418551582414,11.244336887468766,22.96468843966491
whole_blocks_latitude_cap,2005,1,5000,south_of_60n,spherical_cell_area,spatial_coverage,20,0.5381702628799845,0.4362965512125075,10.888640834430362,18.20919601938013
whole_blocks_latitude_cap,2005,2,5000,global,equal_cell,historical_density,20,-0.8955888776221477,0.7171400985077376,15.725933414339455,37.76346736266639
whole_blocks_latitude_cap,2005,2,5000,global,equal_cell,random,20,0.5985814656740919,1.0839905118739175,13.199948271332412,34.74661865912186
whole_blocks_latitude_cap,2005,2,5000,global,equal_cell,spatial_coverage,20,0.46382502750764,1.122676325968775,13.092934037613318,33.63537257942547
whole_blocks_latitude_cap,2005,2,5000,global,spherical_cell_area,historical_density,20,0.11189776624390928,0.6919951936663231,15.189940684875314,35.04670512709618
whole_blocks_latitude_cap,2005,2,5000,global,spherical_cell_area,random,20,0.9988456189430955,0.8607528995208958,12.801692428247884,32.31508325375004
whole_blocks_latitude_cap,2005,2,5000,global,spherical_cell_area,spatial_coverage,20,0.7931672959198631,0.9072010292157523,12.686325121185266,31.281541145019844
whole_blocks_latitude_cap,2005,2,5000,south_of_60n,equal_cell,historical_density,20,-0.8955888776221477,0.7171400985077376,15.725933414339455,37.76346736266639
whole_blocks_latitude_cap,2005,2,5000,south_of_60n,equal_cell,random,20,0.5985814656740919,1.0839905118739175,13.199948271332412,34.74661865912186
whole_blocks_latitude_cap,2005,2,5000,south_of_60n,equal_cell,spatial_coverage,20,0.46382502750764,1.122676325968775,13.092934037613318,33.63537257942547
whole_blocks_latitude_cap,2005,2,5000,south_of_60n,spherical_cell_area,historical_density,20,0.11189776624390928,0.6919951936663231,15.189940684875314,35.04670512709618
whole_blocks_latitude_cap,2005,2,5000,south_of_60n,spherical_cell_area,random,20,0.9988456189430955,0.8607528995208958,12.801692428247884,32.31508325375004
whole_blocks_latitude_cap,2005,2,5000,south_of_60n,spherical_cell_area,spatial_coverage,20,0.7931672959198631,0.9072010292157523,12.686325121185266,31.281541145019844
whole_blocks_latitude_cap,2005,3,5000,global,equal_cell,historical_density,20,-1.2831834422804995,0.411313431895574,14.098820661913674,45.940149885659125
whole_blocks_latitude_cap,2005,3,5000,global,equal_cell,random,20,0.16713049390324222,0.2670038281538504,11.41153221653367,41.46925666566968
whole_blocks_latitude_cap,2005,3,5000,global,equal_cell,spatial_coverage,20,-0.07852079175080781,0.25745061125666646,11.44103704069909,38.47796351368946
whole_blocks_latitude_cap,2005,3,5000,global,spherical_cell_area,historical_density,20,-0.7508629165843114,0.4640711371929261,13.395494754957753,41.584935319168636
whole_blocks_latitude_cap,2005,3,5000,global,spherical_cell_area,random,20,0.21429482300660707,0.27917251064827475,11.039805864837799,37.652494342683305
whole_blocks_latitude_cap,2005,3,5000,global,spherical_cell_area,spatial_coverage,20,0.02780478350608371,0.24708021128867574,11.100552643274197,34.98607629749139
whole_blocks_latitude_cap,2005,3,5000,south_of_60n,equal_cell,historical_density,20,-1.2831834422804995,0.411313431895574,14.098820661913674,45.940149885659125
whole_blocks_latitude_cap,2005,3,5000,south_of_60n,equal_cell,random,20,0.16713049390324222,0.2670038281538504,11.41153221653367,41.46925666566968
whole_blocks_latitude_cap,2005,3,5000,south_of_60n,equal_cell,spatial_coverage,20,-0.07852079175080781,0.25745061125666646,11.44103704069909,38.47796351368946
whole_blocks_latitude_cap,2005,3,5000,south_of_60n,spherical_cell_area,historical_density,20,-0.7508629165843114,0.4640711371929261,13.395494754957753,41.584935319168636
whole_blocks_latitude_cap,2005,3,5000,south_of_60n,spherical_cell_area,random,20,0.21429482300660707,0.27917251064827475,11.039805864837799,37.652494342683305
whole_blocks_latitude_cap,2005,3,5000,south_of_60n,spherical_cell_area,spatial_coverage,20,0.02780478350608371,0.24708021128867574,11.100552643274197,34.98607629749139
whole_blocks_latitude_cap,2005,4,5000,global,equal_cell,historical_density,20,-1.648173571564626,0.350705599626139,13.239260315541117,21.039002050721937
whole_blocks_latitude_cap,2005,4,5000,global,equal_cell,random,20,-0.9146051754318888,0.35912611896786667,12.081136229727687,20.169099824218456
whole_blocks_latitude_cap,2005,4,5000,global,equal_cell,spatial_coverage,20,-1.1250765362521578,0.41883573388956336,12.720969569680618,20.62672820942963
whole_blocks_latitude_cap,2005,4,5000,global,spherical_cell_area,historical_density,20,-1.6978539375480648,0.3484041534540049,12.680312356958911,20.572696080528637
whole_blocks_latitude_cap,2005,4,5000,global,spherical_cell_area,random,20,-1.4644636026265012,0.33465920948618155,11.656371196809678,19.66956849516918
whole_blocks_latitude_cap,2005,4,5000,global,spherical_cell_area,spatial_coverage,20,-1.5344120632984086,0.3708750209394406,12.353423962447701,20.20672666016295
whole_blocks_latitude_cap,2005,4,5000,south_of_60n,equal_cell,historical_density,20,-1.648173571564626,0.350705599626139,13.239260315541117,21.039002050721937
whole_blocks_latitude_cap,2005,4,5000,south_of_60n,equal_cell,random,20,-0.9146051754318888,0.35912611896786667,12.081136229727687,20.169099824218456
whole_blocks_latitude_cap,2005,4,5000,south_of_60n,equal_cell,spatial_coverage,20,-1.1250765362521578,0.41883573388956336,12.720969569680618,20.62672820942963
whole_blocks_latitude_cap,2005,4,5000,south_of_60n,spherical_cell_area,historical_density,20,-1.6978539375480648,0.3484041534540049,12.680312356958911,20.572696080528637
whole_blocks_latitude_cap,2005,4,5000,south_of_60n,spherical_cell_area,random,20,-1.4644636026265012,0.33465920948618155,11.656371196809678,19.66956849516918
whole_blocks_latitude_cap,2005,4,5000,south_of_60n,spherical_cell_area,spatial_coverage,20,-1.5344120632984086,0.3708750209394406,12.353423962447701,20.20672666016295
whole_blocks_latitude_cap,2010,0,5000,global,equal_cell,historical_density,20,0.08839715058668188,0.46796719828614647,13.816710268858348,23.203383518694082
whole_blocks_latitude_cap,2010,0,5000,global,equal_cell,random,20,1.0313552048155818,0.38398058241012933,12.05618098817892,23.17739224803344
whole_blocks_latitude_cap,2010,0,5000,global,equal_cell,spatial_coverage,20,0.9106023132270163,0.362212757809541,12.067072357187932,20.006692914944857
whole_blocks_latitude_cap,2010,0,5000,global,spherical_cell_area,historical_density,20,0.5336118331406483,0.4637291426673934,13.469836306461477,23.078437686368062
whole_blocks_latitude_cap,2010,0,5000,global,spherical_cell_area,random,20,1.2109954362201336,0.3985726435336625,11.732710670972377,22.928073543802654
whole_blocks_latitude_cap,2010,0,5000,global,spherical_cell_area,spatial_coverage,20,1.1925128189298841,0.3869804614734787,11.814366989467409,19.96471341726887
whole_blocks_latitude_cap,2010,0,5000,south_of_60n,equal_cell,historical_density,20,0.08839715058668188,0.46796719828614647,13.816710268858348,23.203383518694082
whole_blocks_latitude_cap,2010,0,5000,south_of_60n,equal_cell,random,20,1.0313552048155818,0.38398058241012933,12.05618098817892,23.17739224803344
whole_blocks_latitude_cap,2010,0,5000,south_of_60n,equal_cell,spatial_coverage,20,0.9106023132270163,0.362212757809541,12.067072357187932,20.006692914944857
whole_blocks_latitude_cap,2010,0,5000,south_of_60n,spherical_cell_area,historical_density,20,0.5336118331406483,0.4637291426673934,13.469836306461477,23.078437686368062
whole_blocks_latitude_cap,2010,0,5000,south_of_60n,spherical_cell_area,random,20,1.2109954362201336,0.3985726435336625,11.732710670972377,22.928073543802654
whole_blocks_latitude_cap,2010,0,5000,south_of_60n,spherical_cell_area,spatial_coverage,20,1.1925128189298841,0.3869804614734787,11.814366989467409,19.96471341726887
whole_blocks_latitude_cap,2010,1,5000,global,equal_cell,historical_density,20,-0.0041523195588900495,0.7207552153503585,13.180038306601876,20.896078126606433
whole_blocks_latitude_cap,2010,1,5000,global,equal_cell,random,20,-0.19829990496660482,0.7722732847860546,11.833504072305272,23.40591723811044
whole_blocks_latitude_cap,2010,1,5000,global,equal_cell,spatial_coverage,20,0.9641971411943109,0.5303759358458123,11.495536878020781,18.846936294621678
whole_blocks_latitude_cap,2010,1,5000,global,spherical_cell_area,historical_density,20,0.27810599983619544,0.7429439652042185,12.863102754136003,20.47354716730336
whole_blocks_latitude_cap,2010,1,5000,global,spherical_cell_area,random,20,0.10797901812314656,0.7711382516674611,11.645671169446294,22.8925142621895
whole_blocks_latitude_cap,2010,1,5000,global,spherical_cell_area,spatial_coverage,20,1.3780761273718762,0.5061586717134645,11.368639618471056,18.568831545523402
whole_blocks_latitude_cap,2010,1,5000,south_of_60n,equal_cell,historical_density,20,-0.0041523195588900495,0.7207552153503585,13.180038306601876,20.896078126606433
whole_blocks_latitude_cap,2010,1,5000,south_of_60n,equal_cell,random,20,-0.19829990496660482,0.7722732847860546,11.833504072305272,23.40591723811044
whole_blocks_latitude_cap,2010,1,5000,south_of_60n,equal_cell,spatial_coverage,20,0.9641971411943109,0.5303759358458123,11.495536878020781,18.846936294621678
whole_blocks_latitude_cap,2010,1,5000,south_of_60n,spherical_cell_area,historical_density,20,0.27810599983619544,0.7429439652042185,12.863102754136003,20.47354716730336
whole_blocks_latitude_cap,2010,1,5000,south_of_60n,spherical_cell_area,random,20,0.10797901812314656,0.7711382516674611,11.645671169446294,22.8925142621895
whole_blocks_latitude_cap,2010,1,5000,south_of_60n,spherical_cell_area,spatial_coverage,20,1.3780761273718762,0.5061586717134645,11.368639618471056,18.568831545523402
whole_blocks_latitude_cap,2010,2,5000,global,equal_cell,historical_density,20,-1.9208811448853969,0.65741676864828,15.523332805031023,34.1208079514996
whole_blocks_latitude_cap,2010,2,5000,global,equal_cell,random,20,0.15694556581315083,1.2094311237689375,12.671242155264698,30.806357771334792
whole_blocks_latitude_cap,2010,2,5000,global,equal_cell,spatial_coverage,20,-0.32440402297196763,0.958405414832823,12.404761176180074,28.557642037729398
whole_blocks_latitude_cap,2010,2,5000,global,spherical_cell_area,historical_density,20,-0.7975386900468265,0.6206417786885667,14.926127458264187,32.35599599088916
whole_blocks_latitude_cap,2010,2,5000,global,spherical_cell_area,random,20,0.42480127272711365,0.9919408663315902,12.159383667460352,29.44989495417614
whole_blocks_latitude_cap,2010,2,5000,global,spherical_cell_area,spatial_coverage,20,-0.011174522332739984,0.812489722047028,11.985157476257749,27.538061080927626
whole_blocks_latitude_cap,2010,2,5000,south_of_60n,equal_cell,historical_density,20,-1.9208811448853969,0.65741676864828,15.523332805031023,34.1208079514996
whole_blocks_latitude_cap,2010,2,5000,south_of_60n,equal_cell,random,20,0.15694556581315083,1.2094311237689375,12.671242155264698,30.806357771334792
whole_blocks_latitude_cap,2010,2,5000,south_of_60n,equal_cell,spatial_coverage,20,-0.32440402297196763,0.958405414832823,12.404761176180074,28.557642037729398
whole_blocks_latitude_cap,2010,2,5000,south_of_60n,spherical_cell_area,historical_density,20,-0.7975386900468265,0.6206417786885667,14.926127458264187,32.35599599088916
whole_blocks_latitude_cap,2010,2,5000,south_of_60n,spherical_cell_area,random,20,0.42480127272711365,0.9919408663315902,12.159383667460352,29.44989495417614
whole_blocks_latitude_cap,2010,2,5000,south_of_60n,spherical_cell_area,spatial_coverage,20,-0.011174522332739984,0.812489722047028,11.985157476257749,27.538061080927626
whole_blocks_latitude_cap,2010,3,5000,global,equal_cell,historical_density,20,-1.8807197282451011,0.41622354913858073,13.60731173321864,38.57560698486923
whole_blocks_latitude_cap,2010,3,5000,global,equal_cell,random,20,-0.10523334503497687,0.28941230271364127,11.51662695836271,34.39444514017608
whole_blocks_latitude_cap,2010,3,5000,global,equal_cell,spatial_coverage,20,-0.4191923604235005,0.23179141221878902,11.456905067629894,31.27203526934273
whole_blocks_latitude_cap,2010,3,5000,global,spherical_cell_area,historical_density,20,-1.8109822718238142,0.38575333141925533,13.058465657470663,35.193068817983104
whole_blocks_latitude_cap,2010,3,5000,global,spherical_cell_area,random,20,-0.3258719230384577,0.2567380357213523,11.08092809312196,31.426676663642287
whole_blocks_latitude_cap,2010,3,5000,global,spherical_cell_area,spatial_coverage,20,-0.5837659336286821,0.20505349309896873,11.101060730604134,28.71740797086896
whole_blocks_latitude_cap,2010,3,5000,south_of_60n,equal_cell,historical_density,20,-1.8807197282451011,0.41622354913858073,13.60731173321864,38.57560698486923
whole_blocks_latitude_cap,2010,3,5000,south_of_60n,equal_cell,random,20,-0.10523334503497687,0.28941230271364127,11.51662695836271,34.39444514017608
whole_blocks_latitude_cap,2010,3,5000,south_of_60n,equal_cell,spatial_coverage,20,-0.4191923604235005,0.23179141221878902,11.456905067629894,31.27203526934273
whole_blocks_latitude_cap,2010,3,5000,south_of_60n,spherical_cell_area,historical_density,20,-1.8109822718238142,0.38575333141925533,13.058465657470663,35.193068817983104
whole_blocks_latitude_cap,2010,3,5000,south_of_60n,spherical_cell_area,random,20,-0.3258719230384577,0.2567380357213523,11.08092809312196,31.426676663642287
whole_blocks_latitude_cap,2010,3,5000,south_of_60n,spherical_cell_area,spatial_coverage,20,-0.5837659336286821,0.20505349309896873,11.101060730604134,28.71740797086896
whole_blocks_latitude_cap,2010,4,5000,global,equal_cell,historical_density,20,-2.083211671527283,0.4179115726693647,13.699926048232433,22.165169066596647
whole_blocks_latitude_cap,2010,4,5000,global,equal_cell,random,20,-0.8373984362904201,0.4198528856216459,12.023347971828805,20.408597903519798
whole_blocks_latitude_cap,2010,4,5000,global,equal_cell,spatial_coverage,20,-1.0048687416287883,0.3464090641591719,12.484996418294172,20.087719423186876
whole_blocks_latitude_cap,2010,4,5000,global,spherical_cell_area,historical_density,20,-2.1517899529077686,0.373317836363916,13.365836944022604,22.118071255416403
whole_blocks_latitude_cap,2010,4,5000,global,spherical_cell_area,random,20,-1.3666958810393994,0.37615047526351153,11.729074958636485,20.149035893996842
whole_blocks_latitude_cap,2010,4,5000,global,spherical_cell_area,spatial_coverage,20,-1.3649776146154993,0.3081506720449591,12.321097246538903,19.965528611453642
whole_blocks_latitude_cap,2010,4,5000,south_of_60n,equal_cell,historical_density,20,-2.083211671527283,0.4179115726693647,13.699926048232433,22.165169066596647
whole_blocks_latitude_cap,2010,4,5000,south_of_60n,equal_cell,random,20,-0.8373984362904201,0.4198528856216459,12.023347971828805,20.408597903519798
whole_blocks_latitude_cap,2010,4,5000,south_of_60n,equal_cell,spatial_coverage,20,-1.0048687416287883,0.3464090641591719,12.484996418294172,20.087719423186876
whole_blocks_latitude_cap,2010,4,5000,south_of_60n,spherical_cell_area,historical_density,20,-2.1517899529077686,0.373317836363916,13.365836944022604,22.118071255416403
whole_blocks_latitude_cap,2010,4,5000,south_of_60n,spherical_cell_area,random,20,-1.3666958810393994,0.37615047526351153,11.729074958636485,20.149035893996842
whole_blocks_latitude_cap,2010,4,5000,south_of_60n,spherical_cell_area,spatial_coverage,20,-1.3649776146154993,0.3081506720449591,12.321097246538903,19.965528611453642
whole_blocks_latitude_cap,2014,0,5000,global,equal_cell,historical_density,20,0.8262151059417533,0.41748595020212603,14.147820175218465,24.27540757283168
whole_blocks_latitude_cap,2014,0,5000,global,equal_cell,random,20,1.3384403146665313,0.44355152923285374,12.3559836755672,23.864940701186907
whole_blocks_latitude_cap,2014,0,5000,global,equal_cell,spatial_coverage,20,1.0801889767825221,0.3729293470376682,12.193719508684381,20.756008060462662
whole_blocks_latitude_cap,2014,0,5000,global,spherical_cell_area,historical_density,20,1.142367412981319,0.4282885265887097,13.96651190526516,24.379216112432623
whole_blocks_latitude_cap,2014,0,5000,global,spherical_cell_area,random,20,1.3711458948322088,0.47090807167376914,12.160702726148886,23.783066997967556
whole_blocks_latitude_cap,2014,0,5000,global,spherical_cell_area,spatial_coverage,20,1.2623951157335038,0.4010883760019255,12.065456620812022,20.90193730469232
whole_blocks_latitude_cap,2014,0,5000,south_of_60n,equal_cell,historical_density,20,0.8262151059417533,0.41748595020212603,14.147820175218465,24.27540757283168
whole_blocks_latitude_cap,2014,0,5000,south_of_60n,equal_cell,random,20,1.3384403146665313,0.44355152923285374,12.3559836755672,23.864940701186907
whole_blocks_latitude_cap,2014,0,5000,south_of_60n,equal_cell,spatial_coverage,20,1.0801889767825221,0.3729293470376682,12.193719508684381,20.756008060462662
whole_blocks_latitude_cap,2014,0,5000,south_of_60n,spherical_cell_area,historical_density,20,1.142367412981319,0.4282885265887097,13.96651190526516,24.379216112432623
whole_blocks_latitude_cap,2014,0,5000,south_of_60n,spherical_cell_area,random,20,1.3711458948322088,0.47090807167376914,12.160702726148886,23.783066997967556
whole_blocks_latitude_cap,2014,0,5000,south_of_60n,spherical_cell_area,spatial_coverage,20,1.2623951157335038,0.4010883760019255,12.065456620812022,20.90193730469232
whole_blocks_latitude_cap,2014,1,5000,global,equal_cell,historical_density,20,0.3049037484662832,0.6792231653440777,13.549769457648136,21.411916435528873
whole_blocks_latitude_cap,2014,1,5000,global,equal_cell,random,20,0.050882487445110355,0.4681837704897211,11.765615056654571,21.927487758830846
whole_blocks_latitude_cap,2014,1,5000,global,equal_cell,spatial_coverage,20,1.2132010379896265,0.5308230498653529,11.490062234955378,18.637878764856488
whole_blocks_latitude_cap,2014,1,5000,global,spherical_cell_area,historical_density,20,0.837127619949196,0.7177528051088482,13.416869574308786,21.192712859945672
whole_blocks_latitude_cap,2014,1,5000,global,spherical_cell_area,random,20,0.37113523336711135,0.45835865406125786,11.718580503904715,21.597768037254873
whole_blocks_latitude_cap,2014,1,5000,global,spherical_cell_area,spatial_coverage,20,1.645153657501167,0.5072177876256883,11.51947736384172,18.52763875641959
whole_blocks_latitude_cap,2014,1,5000,south_of_60n,equal_cell,historical_density,20,0.3049037484662832,0.6792231653440777,13.549769457648136,21.411916435528873
whole_blocks_latitude_cap,2014,1,5000,south_of_60n,equal_cell,random,20,0.050882487445110355,0.4681837704897211,11.765615056654571,21.927487758830846
whole_blocks_latitude_cap,2014,1,5000,south_of_60n,equal_cell,spatial_coverage,20,1.2132010379896265,0.5308230498653529,11.490062234955378,18.637878764856488
whole_blocks_latitude_cap,2014,1,5000,south_of_60n,spherical_cell_area,historical_density,20,0.837127619949196,0.7177528051088482,13.416869574308786,21.192712859945672
whole_blocks_latitude_cap,2014,1,5000,south_of_60n,spherical_cell_area,random,20,0.37113523336711135,0.45835865406125786,11.718580503904715,21.597768037254873
whole_blocks_latitude_cap,2014,1,5000,south_of_60n,spherical_cell_area,spatial_coverage,20,1.645153657501167,0.5072177876256883,11.51947736384172,18.52763875641959
whole_blocks_latitude_cap,2014,2,5000,global,equal_cell,historical_density,20,-1.71103304040364,0.7164462821573166,16.618872370002443,33.817464485001366
whole_blocks_latitude_cap,2014,2,5000,global,equal_cell,random,20,-0.3728112781654483,0.7684545211556961,14.054120462491346,30.60117535716327
whole_blocks_latitude_cap,2014,2,5000,global,equal_cell,spatial_coverage,20,-0.8363120637863771,0.7007292078255377,13.438684839726822,28.367807144607617
whole_blocks_latitude_cap,2014,2,5000,global,spherical_cell_area,historical_density,20,-0.5113530096322296,0.6580369515038366,16.278266882905257,33.08675907432173
whole_blocks_latitude_cap,2014,2,5000,global,spherical_cell_area,random,20,-0.10594757220289405,0.6342492498254896,13.811317527536747,30.166515501902346
whole_blocks_latitude_cap,2014,2,5000,global,spherical_cell_area,spatial_coverage,20,-0.4587249152275815,0.6286545091238149,13.351221877442683,28.44865446087915
whole_blocks_latitude_cap,2014,2,5000,south_of_60n,equal_cell,historical_density,20,-1.71103304040364,0.7164462821573166,16.618872370002443,33.817464485001366
whole_blocks_latitude_cap,2014,2,5000,south_of_60n,equal_cell,random,20,-0.3728112781654483,0.7684545211556961,14.054120462491346,30.60117535716327
whole_blocks_latitude_cap,2014,2,5000,south_of_60n,equal_cell,spatial_coverage,20,-0.8363120637863771,0.7007292078255377,13.438684839726822,28.367807144607617
whole_blocks_latitude_cap,2014,2,5000,south_of_60n,spherical_cell_area,historical_density,20,-0.5113530096322296,0.6580369515038366,16.278266882905257,33.08675907432173
whole_blocks_latitude_cap,2014,2,5000,south_of_60n,spherical_cell_area,random,20,-0.10594757220289405,0.6342492498254896,13.811317527536747,30.166515501902346
whole_blocks_latitude_cap,2014,2,5000,south_of_60n,spherical_cell_area,spatial_coverage,20,-0.4587249152275815,0.6286545091238149,13.351221877442683,28.44865446087915
whole_blocks_latitude_cap,2014,3,5000,global,equal_cell,historical_density,20,-2.122282238177483,0.533492986240276,14.11583902839896,28.66109749418684
whole_blocks_latitude_cap,2014,3,5000,global,equal_cell,random,20,-0.42337870661210164,0.2717060093268712,11.490858493439715,23.984143404031318
whole_blocks_latitude_cap,2014,3,5000,global,equal_cell,spatial_coverage,20,-0.8704431402804638,0.31135227575795915,11.198798050598292,21.798459357161686
whole_blocks_latitude_cap,2014,3,5000,global,spherical_cell_area,historical_density,20,-1.726392680319599,0.5361432129361184,13.87510757441937,26.909372216005927
whole_blocks_latitude_cap,2014,3,5000,global,spherical_cell_area,random,20,-0.5501822399745138,0.26958677152247373,11.44979128074463,22.84461953417385
whole_blocks_latitude_cap,2014,3,5000,global,spherical_cell_area,spatial_coverage,20,-0.9193265080484103,0.29175129095760743,11.175326700913374,20.876430836161912
whole_blocks_latitude_cap,2014,3,5000,south_of_60n,equal_cell,historical_density,20,-2.122282238177483,0.533492986240276,14.11583902839896,28.66109749418684
whole_blocks_latitude_cap,2014,3,5000,south_of_60n,equal_cell,random,20,-0.42337870661210164,0.2717060093268712,11.490858493439715,23.984143404031318
whole_blocks_latitude_cap,2014,3,5000,south_of_60n,equal_cell,spatial_coverage,20,-0.8704431402804638,0.31135227575795915,11.198798050598292,21.798459357161686
whole_blocks_latitude_cap,2014,3,5000,south_of_60n,spherical_cell_area,historical_density,20,-1.726392680319599,0.5361432129361184,13.87510757441937,26.909372216005927
whole_blocks_latitude_cap,2014,3,5000,south_of_60n,spherical_cell_area,random,20,-0.5501822399745138,0.26958677152247373,11.44979128074463,22.84461953417385
whole_blocks_latitude_cap,2014,3,5000,south_of_60n,spherical_cell_area,spatial_coverage,20,-0.9193265080484103,0.29175129095760743,11.175326700913374,20.876430836161912
whole_blocks_latitude_cap,2014,4,5000,global,equal_cell,historical_density,20,-1.7487515961963744,0.2741603653608404,13.836240706141933,23.363285548304752
whole_blocks_latitude_cap,2014,4,5000,global,equal_cell,random,20,-1.0095824993354172,0.3500567577561685,11.932697695420876,21.120186037141355
whole_blocks_latitude_cap,2014,4,5000,global,equal_cell,spatial_coverage,20,-1.3279269429739031,0.4440096533953797,12.118489394254384,20.587996350150732
whole_blocks_latitude_cap,2014,4,5000,global,spherical_cell_area,historical_density,20,-1.7836547899318784,0.26718471175101116,13.70014760162348,23.978267880409838
whole_blocks_latitude_cap,2014,4,5000,global,spherical_cell_area,random,20,-1.538380999765594,0.345311388903919,11.83719542955988,21.548499179549054
whole_blocks_latitude_cap,2014,4,5000,global,spherical_cell_area,spatial_coverage,20,-1.6937552537955285,0.3966523704275633,12.112847328292952,21.10898919393735
whole_blocks_latitude_cap,2014,4,5000,south_of_60n,equal_cell,historical_density,20,-1.7487515961963744,0.2741603653608404,13.836240706141933,23.363285548304752
whole_blocks_latitude_cap,2014,4,5000,south_of_60n,equal_cell,random,20,-1.0095824993354172,0.3500567577561685,11.932697695420876,21.120186037141355
whole_blocks_latitude_cap,2014,4,5000,south_of_60n,equal_cell,spatial_coverage,20,-1.3279269429739031,0.4440096533953797,12.118489394254384,20.587996350150732
whole_blocks_latitude_cap,2014,4,5000,south_of_60n,spherical_cell_area,historical_density,20,-1.7836547899318784,0.26718471175101116,13.70014760162348,23.978267880409838
whole_blocks_latitude_cap,2014,4,5000,south_of_60n,spherical_cell_area,random,20,-1.538380999765594,0.345311388903919,11.83719542955988,21.548499179549054
whole_blocks_latitude_cap,2014,4,5000,south_of_60n,spherical_cell_area,spatial_coverage,20,-1.6937552537955285,0.3966523704275633,12.112847328292952,21.10898919393735
