validation_scheme,year,spatial_fold,budget,domain,weighting,comparison,random_bias,comparator_bias,difference_bias,random_mae,comparator_mae,difference_mae,random_rmse,comparator_rmse,difference_rmse
hidden_cells_latitude_cap,2005,-1,5000,global,equal_cell,historical_density_minus_random,0.02534824791135056,-0.9997356632647977,-1.0250839111761483,9.673039238872168,11.992753916706487,2.3197146778343196,24.032911891607277,28.432837057507435,4.399925165900157
hidden_cells_latitude_cap,2005,-1,5000,global,equal_cell,spatial_coverage_minus_random,0.02534824791135056,-0.05990689816461592,-0.08525514607596647,9.673039238872168,9.817438044118092,0.14439880524592397,24.032911891607277,21.82869570369683,-2.204216187910447
hidden_cells_latitude_cap,2005,-1,5000,global,spherical_cell_area,historical_density_minus_random,0.03932709335297808,-0.6859596060522885,-0.7252866994052666,9.328888687301383,11.522527648767202,2.193638961465819,22.528895975820753,26.575104327530358,4.0462083517096055
hidden_cells_latitude_cap,2005,-1,5000,global,spherical_cell_area,spatial_coverage_minus_random,0.03932709335297808,0.014240976514012862,-0.025086116838965215,9.328888687301383,9.508790332619107,0.1799016453177238,22.528895975820753,20.519945538116893,-2.0089504377038594
hidden_cells_latitude_cap,2005,-1,5000,south_of_60n,equal_cell,historical_density_minus_random,0.02534824791135056,-0.9997356632647977,-1.0250839111761483,9.673039238872168,11.992753916706487,2.3197146778343196,24.032911891607277,28.432837057507435,4.399925165900157
hidden_cells_latitude_cap,2005,-1,5000,south_of_60n,equal_cell,spatial_coverage_minus_random,0.02534824791135056,-0.05990689816461592,-0.08525514607596647,9.673039238872168,9.817438044118092,0.14439880524592397,24.032911891607277,21.82869570369683,-2.204216187910447
hidden_cells_latitude_cap,2005,-1,5000,south_of_60n,spherical_cell_area,historical_density_minus_random,0.03932709335297808,-0.6859596060522885,-0.7252866994052666,9.328888687301383,11.522527648767202,2.193638961465819,22.528895975820753,26.575104327530358,4.0462083517096055
hidden_cells_latitude_cap,2005,-1,5000,south_of_60n,spherical_cell_area,spatial_coverage_minus_random,0.03932709335297808,0.014240976514012862,-0.025086116838965215,9.328888687301383,9.508790332619107,0.1799016453177238,22.528895975820753,20.519945538116893,-2.0089504377038594
hidden_cells_latitude_cap,2010,-1,5000,global,equal_cell,historical_density_minus_random,0.06735930869658424,-1.427511637241022,-1.4948709459376062,9.699930856193486,12.26462482613355,2.5646939699400644,20.02871597123507,24.608154314230667,4.579438342995598
hidden_cells_latitude_cap,2010,-1,5000,global,equal_cell,spatial_coverage_minus_random,0.06735930869658424,0.06256916701861963,-0.004790141677964613,9.699930856193486,9.882324175644865,0.1823933194513785,20.02871597123507,18.0689650564035,-1.9597509148315702
hidden_cells_latitude_cap,2010,-1,5000,global,spherical_cell_area,historical_density_minus_random,0.08058450262052093,-1.0975025423794904,-1.1780870450000114,9.431333192158245,11.873835511452054,2.4425023192938085,19.261369645850003,23.524697286990303,4.2633276411403
hidden_cells_latitude_cap,2010,-1,5000,global,spherical_cell_area,spatial_coverage_minus_random,0.08058450262052093,0.11016863417367909,0.029584131553158158,9.431333192158245,9.661275961424376,0.2299427692661311,19.261369645850003,17.509986645474843,-1.75138300037516
hidden_cells_latitude_cap,2010,-1,5000,south_of_60n,equal_cell,historical_density_minus_random,0.06735930869658424,-1.427511637241022,-1.4948709459376062,9.699930856193486,12.26462482613355,2.5646939699400644,20.02871597123507,24.608154314230667,4.579438342995598
hidden_cells_latitude_cap,2010,-1,5000,south_of_60n,equal_cell,spatial_coverage_minus_random,0.06735930869658424,0.06256916701861963,-0.004790141677964613,9.699930856193486,9.882324175644865,0.1823933194513785,20.02871597123507,18.0689650564035,-1.9597509148315702
hidden_cells_latitude_cap,2010,-1,5000,south_of_60n,spherical_cell_area,historical_density_minus_random,0.08058450262052093,-1.0975025423794904,-1.1780870450000114,9.431333192158245,11.873835511452054,2.4425023192938085,19.261369645850003,23.524697286990303,4.2633276411403
hidden_cells_latitude_cap,2010,-1,5000,south_of_60n,spherical_cell_area,spatial_coverage_minus_random,0.08058450262052093,0.11016863417367909,0.029584131553158158,9.431333192158245,9.661275961424376,0.2299427692661311,19.261369645850003,17.509986645474843,-1.75138300037516
hidden_cells_latitude_cap,2014,-1,5000,global,equal_cell,historical_density_minus_random,-0.008246091455757061,-1.03093739502522,-1.022691303569463,9.892107562277797,12.705009736088872,2.812902173811075,20.15095980516332,24.72999605310653,4.579036247943208
hidden_cells_latitude_cap,2014,-1,5000,global,equal_cell,spatial_coverage_minus_random,-0.008246091455757061,-0.11048422021062565,-0.1022381287548686,9.892107562277797,9.993681648687529,0.10157408640973209,20.15095980516332,18.533969602397512,-1.616990202765809
hidden_cells_latitude_cap,2014,-1,5000,global,spherical_cell_area,historical_density_minus_random,-0.02719351148839467,-0.6299006693040872,-0.6027071578156925,9.764903084558757,12.527620773365514,2.7627176888067577,20.50701207866144,24.86997460309449,4.362962524433051
hidden_cells_latitude_cap,2014,-1,5000,global,spherical_cell_area,spatial_coverage_minus_random,-0.02719351148839467,-0.036540913336219324,-0.009347401847824656,9.764903084558757,9.914337255147704,0.1494341705889468,20.50701207866144,19.03293454831037,-1.474077530351071
hidden_cells_latitude_cap,2014,-1,5000,south_of_60n,equal_cell,historical_density_minus_random,-0.008246091455757061,-1.03093739502522,-1.022691303569463,9.892107562277797,12.705009736088872,2.812902173811075,20.15095980516332,24.72999605310653,4.579036247943208
hidden_cells_latitude_cap,2014,-1,5000,south_of_60n,equal_cell,spatial_coverage_minus_random,-0.008246091455757061,-0.11048422021062565,-0.1022381287548686,9.892107562277797,9.993681648687529,0.10157408640973209,20.15095980516332,18.533969602397512,-1.616990202765809
hidden_cells_latitude_cap,2014,-1,5000,south_of_60n,spherical_cell_area,historical_density_minus_random,-0.02719351148839467,-0.6299006693040872,-0.6027071578156925,9.764903084558757,12.527620773365514,2.7627176888067577,20.50701207866144,24.86997460309449,4.362962524433051
hidden_cells_latitude_cap,2014,-1,5000,south_of_60n,spherical_cell_area,spatial_coverage_minus_random,-0.02719351148839467,-0.036540913336219324,-0.009347401847824656,9.764903084558757,9.914337255147704,0.1494341705889468,20.50701207866144,19.03293454831037,-1.474077530351071
whole_blocks_latitude_cap,2005,0,5000,global,equal_cell,historical_density_minus_random,1.2253558326555392,0.32968878908198085,-0.8956670435735583,11.845870105127107,13.375849376410056,1.529979271282949,22.487608339429528,22.77890808827368,0.29129974884415333
whole_blocks_latitude_cap,2005,0,5000,global,equal_cell,spatial_coverage_minus_random,1.2253558326555392,0.8499156223670136,-0.3754402102885256,11.845870105127107,11.928926735605346,0.08305663047823941,22.487608339429528,19.39245760950859,-3.095150729920938
whole_blocks_latitude_cap,2005,0,5000,global,spherical_cell_area,historical_density_minus_random,1.2635031610400471,0.5755861945088665,-0.6879169665311806,11.47558142699268,13.02956565872071,1.5539842317280304,21.944760008352795,22.5814765259096,0.6367165175568061
whole_blocks_latitude_cap,2005,0,5000,global,spherical_cell_area,spatial_coverage_minus_random,1.2635031610400471,1.0012338047301972,-0.26226935630984993,11.47558142699268,11.596779354597704,0.12119792760502435,21.944760008352795,19.01434885086592,-2.9304111574868728
whole_blocks_latitude_cap,2005,0,5000,south_of_60n,equal_cell,historical_density_minus_random,1.2253558326555392,0.32968878908198085,-0.8956670435735583,11.845870105127107,13.375849376410056,1.529979271282949,22.487608339429528,22.77890808827368,0.29129974884415333
whole_blocks_latitude_cap,2005,0,5000,south_of_60n,equal_cell,spatial_coverage_minus_random,1.2253558326555392,0.8499156223670136,-0.3754402102885256,11.845870105127107,11.928926735605346,0.08305663047823941,22.487608339429528,19.39245760950859,-3.095150729920938
whole_blocks_latitude_cap,2005,0,5000,south_of_60n,spherical_cell_area,historical_density_minus_random,1.2635031610400471,0.5755861945088665,-0.6879169665311806,11.47558142699268,13.02956565872071,1.5539842317280304,21.944760008352795,22.5814765259096,0.6367165175568061
whole_blocks_latitude_cap,2005,0,5000,south_of_60n,spherical_cell_area,spatial_coverage_minus_random,1.2635031610400471,1.0012338047301972,-0.26226935630984993,11.47558142699268,11.596779354597704,0.12119792760502435,21.944760008352795,19.01434885086592,-2.9304111574868728
whole_blocks_latitude_cap,2005,1,5000,global,equal_cell,historical_density_minus_random,-1.054571810707395,0.39221599985619654,1.4467878105635914,11.509394288641285,12.462821935710057,0.9534276470687715,23.59064036554792,18.79631901779286,-4.794321347755059
whole_blocks_latitude_cap,2005,1,5000,global,equal_cell,spatial_coverage_minus_random,-1.054571810707395,0.13017701792470987,1.1847488286321048,11.509394288641285,11.064031008122043,-0.445363280519242,23.59064036554792,18.5356889196576,-5.054951445890321
whole_blocks_latitude_cap,2005,1,5000,global,spherical_cell_area,historical_density_minus_random,-0.7520792651403772,0.5142875648513766,1.2663668299917537,11.244336887468766,12.150654666737392,0.9063177792686261,22.96468843966491,18.435704805944578,-4.528983633720333
whole_blocks_latitude_cap,2005,1,5000,global,spherical_cell_area,spatial_coverage_minus_random,-0.7520792651403772,0.5381702628799845,1.2902495280203616,11.244336887468766,10.888640834430362,-0.3556960530384039,22.96468843966491,18.20919601938013,-4.7554924202847815
whole_blocks_latitude_cap,2005,1,5000,south_of_60n,equal_cell,historical_density_minus_random,-1.054571810707395,0.39221599985619654,1.4467878105635914,11.509394288641285,12.462821935710057,0.9534276470687715,23.59064036554792,18.79631901779286,-4.794321347755059
whole_blocks_latitude_cap,2005,1,5000,south_of_60n,equal_cell,spatial_coverage_minus_random,-1.054571810707395,0.13017701792470987,1.1847488286321048,11.509394288641285,11.064031008122043,-0.445363280519242,23.59064036554792,18.5356889196576,-5.054951445890321
whole_blocks_latitude_cap,2005,1,5000,south_of_60n,spherical_cell_area,historical_density_minus_random,-0.7520792651403772,0.5142875648513766,1.2663668299917537,11.244336887468766,12.150654666737392,0.9063177792686261,22.96468843966491,18.435704805944578,-4.528983633720333
whole_blocks_latitude_cap,2005,1,5000,south_of_60n,spherical_cell_area,spatial_coverage_minus_random,-0.7520792651403772,0.5381702628799845,1.2902495280203616,11.244336887468766,10.888640834430362,-0.3556960530384039,22.96468843966491,18.20919601938013,-4.7554924202847815
whole_blocks_latitude_cap,2005,2,5000,global,equal_cell,historical_density_minus_random,0.5985814656740919,-0.8955888776221477,-1.4941703432962394,13.199948271332412,15.725933414339455,2.525985143007043,34.74661865912186,37.76346736266639,3.0168487035445324
whole_blocks_latitude_cap,2005,2,5000,global,equal_cell,spatial_coverage_minus_random,0.5985814656740919,0.46382502750764,-0.1347564381664519,13.199948271332412,13.092934037613318,-0.10701423371909335,34.74661865912186,33.63537257942547,-1.111246079696386
whole_blocks_latitude_cap,2005,2,5000,global,spherical_cell_area,historical_density_minus_random,0.9988456189430955,0.11189776624390928,-0.8869478526991863,12.801692428247884,15.189940684875314,2.3882482566274295,32.31508325375004,35.04670512709618,2.7316218733461426
whole_blocks_latitude_cap,2005,2,5000,global,spherical_cell_area,spatial_coverage_minus_random,0.9988456189430955,0.7931672959198631,-0.2056783230232324,12.801692428247884,12.686325121185266,-0.115367307062618,32.31508325375004,31.281541145019844,-1.0335421087301953
whole_blocks_latitude_cap,2005,2,5000,south_of_60n,equal_cell,historical_density_minus_random,0.5985814656740919,-0.8955888776221477,-1.4941703432962394,13.199948271332412,15.725933414339455,2.525985143007043,34.74661865912186,37.76346736266639,3.0168487035445324
whole_blocks_latitude_cap,2005,2,5000,south_of_60n,equal_cell,spatial_coverage_minus_random,0.5985814656740919,0.46382502750764,-0.1347564381664519,13.199948271332412,13.092934037613318,-0.10701423371909335,34.74661865912186,33.63537257942547,-1.111246079696386
whole_blocks_latitude_cap,2005,2,5000,south_of_60n,spherical_cell_area,historical_density_minus_random,0.9988456189430955,0.11189776624390928,-0.8869478526991863,12.801692428247884,15.189940684875314,2.3882482566274295,32.31508325375004,35.04670512709618,2.7316218733461426
whole_blocks_latitude_cap,2005,2,5000,south_of_60n,spherical_cell_area,spatial_coverage_minus_random,0.9988456189430955,0.7931672959198631,-0.2056783230232324,12.801692428247884,12.686325121185266,-0.115367307062618,32.31508325375004,31.281541145019844,-1.0335421087301953
whole_blocks_latitude_cap,2005,3,5000,global,equal_cell,historical_density_minus_random,0.16713049390324222,-1.2831834422804995,-1.4503139361837418,11.41153221653367,14.098820661913674,2.6872884453800037,41.46925666566968,45.940149885659125,4.470893219989442
whole_blocks_latitude_cap,2005,3,5000,global,equal_cell,spatial_coverage_minus_random,0.16713049390324222,-0.07852079175080781,-0.24565128565405003,11.41153221653367,11.44103704069909,0.029504824165419663,41.46925666566968,38.47796351368946,-2.991293151980223
whole_blocks_latitude_cap,2005,3,5000,global,spherical_cell_area,historical_density_minus_random,0.21429482300660707,-0.7508629165843114,-0.9651577395909184,11.039805864837799,13.395494754957753,2.3556888901199535,37.652494342683305,41.584935319168636,3.9324409764853314
whole_blocks_latitude_cap,2005,3,5000,global,spherical_cell_area,spatial_coverage_minus_random,0.21429482300660707,0.02780478350608371,-0.18649003950052337,11.039805864837799,11.100552643274197,0.060746778436397975,37.652494342683305,34.98607629749139,-2.666418045191918
whole_blocks_latitude_cap,2005,3,5000,south_of_60n,equal_cell,historical_density_minus_random,0.16713049390324222,-1.2831834422804995,-1.4503139361837418,11.41153221653367,14.098820661913674,2.6872884453800037,41.46925666566968,45.940149885659125,4.470893219989442
whole_blocks_latitude_cap,2005,3,5000,south_of_60n,equal_cell,spatial_coverage_minus_random,0.16713049390324222,-0.07852079175080781,-0.24565128565405003,11.41153221653367,11.44103704069909,0.029504824165419663,41.46925666566968,38.47796351368946,-2.991293151980223
whole_blocks_latitude_cap,2005,3,5000,south_of_60n,spherical_cell_area,historical_density_minus_random,0.21429482300660707,-0.7508629165843114,-0.9651577395909184,11.039805864837799,13.395494754957753,2.3556888901199535,37.652494342683305,41.584935319168636,3.9324409764853314
whole_blocks_latitude_cap,2005,3,5000,south_of_60n,spherical_cell_area,spatial_coverage_minus_random,0.21429482300660707,0.02780478350608371,-0.18649003950052337,11.039805864837799,11.100552643274197,0.060746778436397975,37.652494342683305,34.98607629749139,-2.666418045191918
whole_blocks_latitude_cap,2005,4,5000,global,equal_cell,historical_density_minus_random,-0.9146051754318888,-1.648173571564626,-0.7335683961327372,12.081136229727687,13.239260315541117,1.15812408581343,20.169099824218456,21.039002050721937,0.8699022265034806
whole_blocks_latitude_cap,2005,4,5000,global,equal_cell,spatial_coverage_minus_random,-0.9146051754318888,-1.1250765362521578,-0.21047136082026896,12.081136229727687,12.720969569680618,0.639833339952931,20.169099824218456,20.62672820942963,0.4576283852111729
whole_blocks_latitude_cap,2005,4,5000,global,spherical_cell_area,historical_density_minus_random,-1.4644636026265012,-1.6978539375480648,-0.23339033492156358,11.656371196809678,12.680312356958911,1.0239411601492332,19.66956849516918,20.572696080528637,0.9031275853594565
whole_blocks_latitude_cap,2005,4,5000,global,spherical_cell_area,spatial_coverage_minus_random,-1.4644636026265012,-1.5344120632984086,-0.06994846067190741,11.656371196809678,12.353423962447701,0.6970527656380234,19.66956849516918,20.20672666016295,0.5371581649937696
whole_blocks_latitude_cap,2005,4,5000,south_of_60n,equal_cell,historical_density_minus_random,-0.9146051754318888,-1.648173571564626,-0.7335683961327372,12.081136229727687,13.239260315541117,1.15812408581343,20.169099824218456,21.039002050721937,0.8699022265034806
whole_blocks_latitude_cap,2005,4,5000,south_of_60n,equal_cell,spatial_coverage_minus_random,-0.9146051754318888,-1.1250765362521578,-0.21047136082026896,12.081136229727687,12.720969569680618,0.639833339952931,20.169099824218456,20.62672820942963,0.4576283852111729
whole_blocks_latitude_cap,2005,4,5000,south_of_60n,spherical_cell_area,historical_density_minus_random,-1.4644636026265012,-1.6978539375480648,-0.23339033492156358,11.656371196809678,12.680312356958911,1.0239411601492332,19.66956849516918,20.572696080528637,0.9031275853594565
whole_blocks_latitude_cap,2005,4,5000,south_of_60n,spherical_cell_area,spatial_coverage_minus_random,-1.4644636026265012,-1.5344120632984086,-0.06994846067190741,11.656371196809678,12.353423962447701,0.6970527656380234,19.66956849516918,20.20672666016295,0.5371581649937696
whole_blocks_latitude_cap,2010,0,5000,global,equal_cell,historical_density_minus_random,1.0313552048155818,0.08839715058668188,-0.9429580542289,12.05618098817892,13.816710268858348,1.7605292806794282,23.17739224803344,23.203383518694082,0.02599127066064355
whole_blocks_latitude_cap,2010,0,5000,global,equal_cell,spatial_coverage_minus_random,1.0313552048155818,0.9106023132270163,-0.1207528915885655,12.05618098817892,12.067072357187932,0.010891369009012664,23.17739224803344,20.006692914944857,-3.1706993330885815
whole_blocks_latitude_cap,2010,0,5000,global,spherical_cell_area,historical_density_minus_random,1.2109954362201336,0.5336118331406483,-0.6773836030794853,11.732710670972377,13.469836306461477,1.7371256354891003,22.928073543802654,23.078437686368062,0.1503641425654081
whole_blocks_latitude_cap,2010,0,5000,global,spherical_cell_area,spatial_coverage_minus_random,1.2109954362201336,1.1925128189298841,-0.01848261729024947,11.732710670972377,11.814366989467409,0.08165631849503185,22.928073543802654,19.96471341726887,-2.9633601265337823
whole_blocks_latitude_cap,2010,0,5000,south_of_60n,equal_cell,historical_density_minus_random,1.0313552048155818,0.08839715058668188,-0.9429580542289,12.05618098817892,13.816710268858348,1.7605292806794282,23.17739224803344,23.203383518694082,0.02599127066064355
whole_blocks_latitude_cap,2010,0,5000,south_of_60n,equal_cell,spatial_coverage_minus_random,1.0313552048155818,0.9106023132270163,-0.1207528915885655,12.05618098817892,12.067072357187932,0.010891369009012664,23.17739224803344,20.006692914944857,-3.1706993330885815
whole_blocks_latitude_cap,2010,0,5000,south_of_60n,spherical_cell_area,historical_density_minus_random,1.2109954362201336,0.5336118331406483,-0.6773836030794853,11.732710670972377,13.469836306461477,1.7371256354891003,22.928073543802654,23.078437686368062,0.1503641425654081
whole_blocks_latitude_cap,2010,0,5000,south_of_60n,spherical_cell_area,spatial_coverage_minus_random,1.2109954362201336,1.1925128189298841,-0.01848261729024947,11.732710670972377,11.814366989467409,0.08165631849503185,22.928073543802654,19.96471341726887,-2.9633601265337823
whole_blocks_latitude_cap,2010,1,5000,global,equal_cell,historical_density_minus_random,-0.19829990496660482,-0.0041523195588900495,0.19414758540771476,11.833504072305272,13.180038306601876,1.3465342342966036,23.40591723811044,20.896078126606433,-2.5098391115040073
whole_blocks_latitude_cap,2010,1,5000,global,equal_cell,spatial_coverage_minus_random,-0.19829990496660482,0.9641971411943109,1.1624970461609156,11.833504072305272,11.495536878020781,-0.3379671942844915,23.40591723811044,18.846936294621678,-4.558980943488763
whole_blocks_latitude_cap,2010,1,5000,global,spherical_cell_area,historical_density_minus_random,0.10797901812314656,0.27810599983619544,0.17012698171304888,11.645671169446294,12.863102754136003,1.2174315846897095,22.8925142621895,20.47354716730336,-2.418967094886142
whole_blocks_latitude_cap,2010,1,5000,global,spherical_cell_area,spatial_coverage_minus_random,0.10797901812314656,1.3780761273718762,1.2700971092487296,11.645671169446294,11.368639618471056,-0.2770315509752379,22.8925142621895,18.568831545523402,-4.323682716666099
whole_blocks_latitude_cap,2010,1,5000,south_of_60n,equal_cell,historical_density_minus_random,-0.19829990496660482,-0.0041523195588900495,0.19414758540771476,11.833504072305272,13.180038306601876,1.3465342342966036,23.40591723811044,20.896078126606433,-2.5098391115040073
whole_blocks_latitude_cap,2010,1,5000,south_of_60n,equal_cell,spatial_coverage_minus_random,-0.19829990496660482,0.9641971411943109,1.1624970461609156,11.833504072305272,11.495536878020781,-0.3379671942844915,23.40591723811044,18.846936294621678,-4.558980943488763
whole_blocks_latitude_cap,2010,1,5000,south_of_60n,spherical_cell_area,historical_density_minus_random,0.10797901812314656,0.27810599983619544,0.17012698171304888,11.645671169446294,12.863102754136003,1.2174315846897095,22.8925142621895,20.47354716730336,-2.418967094886142
whole_blocks_latitude_cap,2010,1,5000,south_of_60n,spherical_cell_area,spatial_coverage_minus_random,0.10797901812314656,1.3780761273718762,1.2700971092487296,11.645671169446294,11.368639618471056,-0.2770315509752379,22.8925142621895,18.568831545523402,-4.323682716666099
whole_blocks_latitude_cap,2010,2,5000,global,equal_cell,historical_density_minus_random,0.15694556581315083,-1.9208811448853969,-2.0778267106985475,12.671242155264698,15.523332805031023,2.8520906497663248,30.806357771334792,34.1208079514996,3.3144501801648083
whole_blocks_latitude_cap,2010,2,5000,global,equal_cell,spatial_coverage_minus_random,0.15694556581315083,-0.32440402297196763,-0.48134958878511847,12.671242155264698,12.404761176180074,-0.26648097908462454,30.806357771334792,28.557642037729398,-2.248715733605394
whole_blocks_latitude_cap,2010,2,5000,global,spherical_cell_area,historical_density_minus_random,0.42480127272711365,-0.7975386900468265,-1.2223399627739402,12.159383667460352,14.926127458264187,2.766743790803835,29.44989495417614,32.35599599088916,2.9061010367130216
whole_blocks_latitude_cap,2010,2,5000,global,spherical_cell_area,spatial_coverage_minus_random,0.42480127272711365,-0.011174522332739984,-0.4359757950598536,12.159383667460352,11.985157476257749,-0.17422619120260308,29.44989495417614,27.538061080927626,-1.911833873248515
whole_blocks_latitude_cap,2010,2,5000,south_of_60n,equal_cell,historical_density_minus_random,0.15694556581315083,-1.9208811448853969,-2.0778267106985475,12.671242155264698,15.523332805031023,2.8520906497663248,30.806357771334792,34.1208079514996,3.3144501801648083
whole_blocks_latitude_cap,2010,2,5000,south_of_60n,equal_cell,spatial_coverage_minus_random,0.15694556581315083,-0.32440402297196763,-0.48134958878511847,12.671242155264698,12.404761176180074,-0.26648097908462454,30.806357771334792,28.557642037729398,-2.248715733605394
whole_blocks_latitude_cap,2010,2,5000,south_of_60n,spherical_cell_area,historical_density_minus_random,0.42480127272711365,-0.7975386900468265,-1.2223399627739402,12.159383667460352,14.926127458264187,2.766743790803835,29.44989495417614,32.35599599088916,2.9061010367130216
whole_blocks_latitude_cap,2010,2,5000,south_of_60n,spherical_cell_area,spatial_coverage_minus_random,0.42480127272711365,-0.011174522332739984,-0.4359757950598536,12.159383667460352,11.985157476257749,-0.17422619120260308,29.44989495417614,27.538061080927626,-1.911833873248515
whole_blocks_latitude_cap,2010,3,5000,global,equal_cell,historical_density_minus_random,-0.10523334503497687,-1.8807197282451011,-1.7754863832101242,11.51662695836271,13.60731173321864,2.09068477485593,34.39444514017608,38.57560698486923,4.18116184469315
whole_blocks_latitude_cap,2010,3,5000,global,equal_cell,spatial_coverage_minus_random,-0.10523334503497687,-0.4191923604235005,-0.3139590153885236,11.51662695836271,11.456905067629894,-0.05972189073281697,34.39444514017608,31.27203526934273,-3.1224098708333514
whole_blocks_latitude_cap,2010,3,5000,global,spherical_cell_area,historical_density_minus_random,-0.3258719230384577,-1.8109822718238142,-1.4851103487853565,11.08092809312196,13.058465657470663,1.9775375643487028,31.426676663642287,35.193068817983104,3.766392154340817
whole_blocks_latitude_cap,2010,3,5000,global,spherical_cell_area,spatial_coverage_minus_random,-0.3258719230384577,-0.5837659336286821,-0.25789401059022443,11.08092809312196,11.101060730604134,0.020132637482173976,31.426676663642287,28.71740797086896,-2.7092686927733283
whole_blocks_latitude_cap,2010,3,5000,south_of_60n,equal_cell,historical_density_minus_random,-0.10523334503497687,-1.8807197282451011,-1.7754863832101242,11.51662695836271,13.60731173321864,2.09068477485593,34.39444514017608,38.57560698486923,4.18116184469315
whole_blocks_latitude_cap,2010,3,5000,south_of_60n,equal_cell,spatial_coverage_minus_random,-0.10523334503497687,-0.4191923604235005,-0.3139590153885236,11.51662695836271,11.456905067629894,-0.05972189073281697,34.39444514017608,31.27203526934273,-3.1224098708333514
whole_blocks_latitude_cap,2010,3,5000,south_of_60n,spherical_cell_area,historical_density_minus_random,-0.3258719230384577,-1.8109822718238142,-1.4851103487853565,11.08092809312196,13.058465657470663,1.9775375643487028,31.426676663642287,35.193068817983104,3.766392154340817
whole_blocks_latitude_cap,2010,3,5000,south_of_60n,spherical_cell_area,spatial_coverage_minus_random,-0.3258719230384577,-0.5837659336286821,-0.25789401059022443,11.08092809312196,11.101060730604134,0.020132637482173976,31.426676663642287,28.71740797086896,-2.7092686927733283
whole_blocks_latitude_cap,2010,4,5000,global,equal_cell,historical_density_minus_random,-0.8373984362904201,-2.083211671527283,-1.245813235236863,12.023347971828805,13.699926048232433,1.6765780764036275,20.408597903519798,22.165169066596647,1.756571163076849
whole_blocks_latitude_cap,2010,4,5000,global,equal_cell,spatial_coverage_minus_random,-0.8373984362904201,-1.0048687416287883,-0.16747030533836815,12.023347971828805,12.484996418294172,0.4616484464653663,20.408597903519798,20.087719423186876,-0.3208784803329223
whole_blocks_latitude_cap,2010,4,5000,global,spherical_cell_area,historical_density_minus_random,-1.3666958810393994,-2.1517899529077686,-0.7850940718683692,11.729074958636485,13.365836944022604,1.6367619853861193,20.149035893996842,22.118071255416403,1.9690353614195608
whole_blocks_latitude_cap,2010,4,5000,global,spherical_cell_area,spatial_coverage_minus_random,-1.3666958810393994,-1.3649776146154993,0.001718266423900161,11.729074958636485,12.321097246538903,0.5920222879024184,20.149035893996842,19.965528611453642,-0.18350728254320003
whole_blocks_latitude_cap,2010,4,5000,south_of_60n,equal_cell,historical_density_minus_random,-0.8373984362904201,-2.083211671527283,-1.245813235236863,12.023347971828805,13.699926048232433,1.6765780764036275,20.408597903519798,22.165169066596647,1.756571163076849
whole_blocks_latitude_cap,2010,4,5000,south_of_60n,equal_cell,spatial_coverage_minus_random,-0.8373984362904201,-1.0048687416287883,-0.16747030533836815,12.023347971828805,12.484996418294172,0.4616484464653663,20.408597903519798,20.087719423186876,-0.3208784803329223
whole_blocks_latitude_cap,2010,4,5000,south_of_60n,spherical_cell_area,historical_density_minus_random,-1.3666958810393994,-2.1517899529077686,-0.7850940718683692,11.729074958636485,13.365836944022604,1.6367619853861193,20.149035893996842,22.118071255416403,1.9690353614195608
whole_blocks_latitude_cap,2010,4,5000,south_of_60n,spherical_cell_area,spatial_coverage_minus_random,-1.3666958810393994,-1.3649776146154993,0.001718266423900161,11.729074958636485,12.321097246538903,0.5920222879024184,20.149035893996842,19.965528611453642,-0.18350728254320003
whole_blocks_latitude_cap,2014,0,5000,global,equal_cell,historical_density_minus_random,1.3384403146665313,0.8262151059417533,-0.5122252087247781,12.3559836755672,14.147820175218465,1.7918364996512643,23.864940701186907,24.27540757283168,0.4104668716447719
whole_blocks_latitude_cap,2014,0,5000,global,equal_cell,spatial_coverage_minus_random,1.3384403146665313,1.0801889767825221,-0.2582513378840092,12.3559836755672,12.193719508684381,-0.16226416688281908,23.864940701186907,20.756008060462662,-3.1089326407242446
whole_blocks_latitude_cap,2014,0,5000,global,spherical_cell_area,historical_density_minus_random,1.3711458948322088,1.142367412981319,-0.22877848185088978,12.160702726148886,13.96651190526516,1.8058091791162738,23.783066997967556,24.379216112432623,0.5961491144650672
whole_blocks_latitude_cap,2014,0,5000,global,spherical_cell_area,spatial_coverage_minus_random,1.3711458948322088,1.2623951157335038,-0.10875077909870501,12.160702726148886,12.065456620812022,-0.09524610533686406,23.783066997967556,20.90193730469232,-2.881129693275234
whole_blocks_latitude_cap,2014,0,5000,south_of_60n,equal_cell,historical_density_minus_random,1.3384403146665313,0.8262151059417533,-0.5122252087247781,12.3559836755672,14.147820175218465,1.7918364996512643,23.864940701186907,24.27540757283168,0.4104668716447719
whole_blocks_latitude_cap,2014,0,5000,south_of_60n,equal_cell,spatial_coverage_minus_random,1.3384403146665313,1.0801889767825221,-0.2582513378840092,12.3559836755672,12.193719508684381,-0.16226416688281908,23.864940701186907,20.756008060462662,-3.1089326407242446
whole_blocks_latitude_cap,2014,0,5000,south_of_60n,spherical_cell_area,historical_density_minus_random,1.3711458948322088,1.142367412981319,-0.22877848185088978,12.160702726148886,13.96651190526516,1.8058091791162738,23.783066997967556,24.379216112432623,0.5961491144650672
whole_blocks_latitude_cap,2014,0,5000,south_of_60n,spherical_cell_area,spatial_coverage_minus_random,1.3711458948322088,1.2623951157335038,-0.10875077909870501,12.160702726148886,12.065456620812022,-0.09524610533686406,23.783066997967556,20.90193730469232,-2.881129693275234
whole_blocks_latitude_cap,2014,1,5000,global,equal_cell,historical_density_minus_random,0.050882487445110355,0.3049037484662832,0.25402126102117284,11.765615056654571,13.549769457648136,1.7841544009935646,21.927487758830846,21.411916435528873,-0.5155713233019732
whole_blocks_latitude_cap,2014,1,5000,global,equal_cell,spatial_coverage_minus_random,0.050882487445110355,1.2132010379896265,1.1623185505445162,11.765615056654571,11.490062234955378,-0.2755528216991934,21.927487758830846,18.637878764856488,-3.2896089939743582
whole_blocks_latitude_cap,2014,1,5000,global,spherical_cell_area,historical_density_minus_random,0.37113523336711135,0.837127619949196,0.4659923865820847,11.718580503904715,13.416869574308786,1.698289070404071,21.597768037254873,21.192712859945672,-0.40505517730920104
whole_blocks_latitude_cap,2014,1,5000,global,spherical_cell_area,spatial_coverage_minus_random,0.37113523336711135,1.645153657501167,1.2740184241340555,11.718580503904715,11.51947736384172,-0.199103140062995,21.597768037254873,18.52763875641959,-3.070129280835282
whole_blocks_latitude_cap,2014,1,5000,south_of_60n,equal_cell,historical_density_minus_random,0.050882487445110355,0.3049037484662832,0.25402126102117284,11.765615056654571,13.549769457648136,1.7841544009935646,21.927487758830846,21.411916435528873,-0.5155713233019732
whole_blocks_latitude_cap,2014,1,5000,south_of_60n,equal_cell,spatial_coverage_minus_random,0.050882487445110355,1.2132010379896265,1.1623185505445162,11.765615056654571,11.490062234955378,-0.2755528216991934,21.927487758830846,18.637878764856488,-3.2896089939743582
whole_blocks_latitude_cap,2014,1,5000,south_of_60n,spherical_cell_area,historical_density_minus_random,0.37113523336711135,0.837127619949196,0.4659923865820847,11.718580503904715,13.416869574308786,1.698289070404071,21.597768037254873,21.192712859945672,-0.40505517730920104
whole_blocks_latitude_cap,2014,1,5000,south_of_60n,spherical_cell_area,spatial_coverage_minus_random,0.37113523336711135,1.645153657501167,1.2740184241340555,11.718580503904715,11.51947736384172,-0.199103140062995,21.597768037254873,18.52763875641959,-3.070129280835282
whole_blocks_latitude_cap,2014,2,5000,global,equal_cell,historical_density_minus_random,-0.3728112781654483,-1.71103304040364,-1.3382217622381918,14.054120462491346,16.618872370002443,2.5647519075110967,30.60117535716327,33.817464485001366,3.2162891278380954
whole_blocks_latitude_cap,2014,2,5000,global,equal_cell,spatial_coverage_minus_random,-0.3728112781654483,-0.8363120637863771,-0.46350078562092883,14.054120462491346,13.438684839726822,-0.6154356227645241,30.60117535716327,28.367807144607617,-2.2333682125556535
whole_blocks_latitude_cap,2014,2,5000,global,spherical_cell_area,historical_density_minus_random,-0.10594757220289405,-0.5113530096322296,-0.40540543742933555,13.811317527536747,16.278266882905257,2.4669493553685093,30.166515501902346,33.08675907432173,2.9202435724193876
whole_blocks_latitude_cap,2014,2,5000,global,spherical_cell_area,spatial_coverage_minus_random,-0.10594757220289405,-0.4587249152275815,-0.35277734302468744,13.811317527536747,13.351221877442683,-0.4600956500940647,30.166515501902346,28.44865446087915,-1.7178610410231947
whole_blocks_latitude_cap,2014,2,5000,south_of_60n,equal_cell,historical_density_minus_random,-0.3728112781654483,-1.71103304040364,-1.3382217622381918,14.054120462491346,16.618872370002443,2.5647519075110967,30.60117535716327,33.817464485001366,3.2162891278380954
whole_blocks_latitude_cap,2014,2,5000,south_of_60n,equal_cell,spatial_coverage_minus_random,-0.3728112781654483,-0.8363120637863771,-0.46350078562092883,14.054120462491346,13.438684839726822,-0.6154356227645241,30.60117535716327,28.367807144607617,-2.2333682125556535
whole_blocks_latitude_cap,2014,2,5000,south_of_60n,spherical_cell_area,historical_density_minus_random,-0.10594757220289405,-0.5113530096322296,-0.40540543742933555,13.811317527536747,16.278266882905257,2.4669493553685093,30.166515501902346,33.08675907432173,2.9202435724193876
whole_blocks_latitude_cap,2014,2,5000,south_of_60n,spherical_cell_area,spatial_coverage_minus_random,-0.10594757220289405,-0.4587249152275815,-0.35277734302468744,13.811317527536747,13.351221877442683,-0.4600956500940647,30.166515501902346,28.44865446087915,-1.7178610410231947
whole_blocks_latitude_cap,2014,3,5000,global,equal_cell,historical_density_minus_random,-0.42337870661210164,-2.122282238177483,-1.698903531565381,11.490858493439715,14.11583902839896,2.6249805349592457,23.984143404031318,28.66109749418684,4.676954090155522
whole_blocks_latitude_cap,2014,3,5000,global,equal_cell,spatial_coverage_minus_random,-0.42337870661210164,-0.8704431402804638,-0.4470644336683621,11.490858493439715,11.198798050598292,-0.2920604428414233,23.984143404031318,21.798459357161686,-2.185684046869632
whole_blocks_latitude_cap,2014,3,5000,global,spherical_cell_area,historical_density_minus_random,-0.5501822399745138,-1.726392680319599,-1.1762104403450853,11.44979128074463,13.87510757441937,2.42531629367474,22.84461953417385,26.909372216005927,4.064752681832076
whole_blocks_latitude_cap,2014,3,5000,global,spherical_cell_area,spatial_coverage_minus_random,-0.5501822399745138,-0.9193265080484103,-0.36914426807389655,11.44979128074463,11.175326700913374,-0.2744645798312568,22.84461953417385,20.876430836161912,-1.9681886980119394
whole_blocks_latitude_cap,2014,3,5000,south_of_60n,equal_cell,historical_density_minus_random,-0.42337870661210164,-2.122282238177483,-1.698903531565381,11.490858493439715,14.11583902839896,2.6249805349592457,23.984143404031318,28.66109749418684,4.676954090155522
whole_blocks_latitude_cap,2014,3,5000,south_of_60n,equal_cell,spatial_coverage_minus_random,-0.42337870661210164,-0.8704431402804638,-0.4470644336683621,11.490858493439715,11.198798050598292,-0.2920604428414233,23.984143404031318,21.798459357161686,-2.185684046869632
whole_blocks_latitude_cap,2014,3,5000,south_of_60n,spherical_cell_area,historical_density_minus_random,-0.5501822399745138,-1.726392680319599,-1.1762104403450853,11.44979128074463,13.87510757441937,2.42531629367474,22.84461953417385,26.909372216005927,4.064752681832076
whole_blocks_latitude_cap,2014,3,5000,south_of_60n,spherical_cell_area,spatial_coverage_minus_random,-0.5501822399745138,-0.9193265080484103,-0.36914426807389655,11.44979128074463,11.175326700913374,-0.2744645798312568,22.84461953417385,20.876430836161912,-1.9681886980119394
whole_blocks_latitude_cap,2014,4,5000,global,equal_cell,historical_density_minus_random,-1.0095824993354172,-1.7487515961963744,-0.7391690968609572,11.932697695420876,13.836240706141933,1.903543010721057,21.120186037141355,23.363285548304752,2.243099511163397
whole_blocks_latitude_cap,2014,4,5000,global,equal_cell,spatial_coverage_minus_random,-1.0095824993354172,-1.3279269429739031,-0.3183444436384859,11.932697695420876,12.118489394254384,0.18579169883350843,21.120186037141355,20.587996350150732,-0.5321896869906233
whole_blocks_latitude_cap,2014,4,5000,global,spherical_cell_area,historical_density_minus_random,-1.538380999765594,-1.7836547899318784,-0.24527379016628448,11.83719542955988,13.70014760162348,1.8629521720635989,21.548499179549054,23.978267880409838,2.429768700860784
whole_blocks_latitude_cap,2014,4,5000,global,spherical_cell_area,spatial_coverage_minus_random,-1.538380999765594,-1.6937552537955285,-0.15537425402993454,11.83719542955988,12.112847328292952,0.27565189873307183,21.548499179549054,21.10898919393735,-0.4395099856117035
whole_blocks_latitude_cap,2014,4,5000,south_of_60n,equal_cell,historical_density_minus_random,-1.0095824993354172,-1.7487515961963744,-0.7391690968609572,11.932697695420876,13.836240706141933,1.903543010721057,21.120186037141355,23.363285548304752,2.243099511163397
whole_blocks_latitude_cap,2014,4,5000,south_of_60n,equal_cell,spatial_coverage_minus_random,-1.0095824993354172,-1.3279269429739031,-0.3183444436384859,11.932697695420876,12.118489394254384,0.18579169883350843,21.120186037141355,20.587996350150732,-0.5321896869906233
whole_blocks_latitude_cap,2014,4,5000,south_of_60n,spherical_cell_area,historical_density_minus_random,-1.538380999765594,-1.7836547899318784,-0.24527379016628448,11.83719542955988,13.70014760162348,1.8629521720635989,21.548499179549054,23.978267880409838,2.429768700860784
whole_blocks_latitude_cap,2014,4,5000,south_of_60n,spherical_cell_area,spatial_coverage_minus_random,-1.538380999765594,-1.6937552537955285,-0.15537425402993454,11.83719542955988,12.112847328292952,0.27565189873307183,21.548499179549054,21.10898919393735,-0.4395099856117035
