evaluation_domain,strategy,budget,seed,n_candidates,n_evaluation,n_evaluation_domain,rmse,mae,bias,median_absolute_error,p95_absolute_error,p99_absolute_error,r2,correlation
all,random,500,0,390000,97488,97488,31.775487787517193,16.32503837758662,-2.117495029440614,11.03987196030775,46.94219319888201,91.15548237552949,0.4935113710357212,0.7041313013236193
spco2_le_threshold,random,500,0,390000,97488,97474,25.61325939700986,16.138657827691947,-1.9290738778790997,11.038084032782848,46.90498949788072,90.6989662992592,0.6029436244077853,0.7780299424792829
all,random,1000,0,390000,97488,97488,28.876207758801886,13.25195635932266,-0.2370782594196868,8.619181702161711,37.95965870862952,79.08609758052718,0.5817214797889256,0.7633901068909129
spco2_le_threshold,random,1000,0,390000,97488,97474,22.095814847187082,13.06859151488241,-0.05184411348982261,8.617901652440054,37.91091083347019,78.71223794058538,0.7045101807150993,0.8401494432787302
all,random,2500,0,390000,97488,97488,27.932041976686016,12.065190540414473,0.6184780940195039,7.518055323861404,34.066107143935376,83.81544253183394,0.6086272180496309,0.7803322679508183
spco2_le_threshold,random,2500,0,390000,97488,97474,21.939273172753698,11.900133944438538,0.7853564205172399,7.515970054971348,34.00322364485625,83.21483229178205,0.7086822481738255,0.8424100018626183
all,random,5000,0,390000,97488,97488,26.032258269693298,11.141723891418655,0.23365066475501187,7.21828465066821,30.382084391417788,70.09686710995663,0.660054782360617,0.8125233444332484
spco2_le_threshold,random,5000,0,390000,97488,97474,20.081370824840885,10.986061048603531,0.3909473303719756,7.2163132538924515,30.3449193246392,69.65491703995161,0.7559329284908735,0.86954104324912
all,historical_density,500,0,390000,97488,97488,39.64337733613208,21.31565489339502,-2.8395296899569664,13.88174159141002,66.83439365722792,125.6490878430637,0.21163644412872762,0.5666755482814237
spco2_le_threshold,historical_density,500,0,390000,97488,97474,34.308717278796706,21.116428071931846,-2.6376491787627008,13.880413157515136,66.75143919305802,125.0643260833274,0.287587648361477,0.6383156927504597
all,historical_density,1000,0,390000,97488,97488,38.26037245465469,19.041811672815605,-3.4691864648044155,11.26618506834069,67.30545845755523,126.70578075703315,0.26568291275749656,0.612610436989637
spco2_le_threshold,historical_density,1000,0,390000,97488,97474,32.73735183596906,18.842923740836742,-3.2680618671207267,11.264162850031681,67.05607868357083,125.9634199936594,0.35135127302715685,0.6872861710263639
all,historical_density,2500,0,390000,97488,97488,36.17702090509554,17.66026165172351,-4.107927779623783,10.397228783706595,62.327629050330735,118.39336129730303,0.3434756340406273,0.6536585746875351
spco2_le_threshold,historical_density,2500,0,390000,97488,97474,30.61243964396921,17.468709233198382,-3.914428865887527,10.395146089185431,62.28215490658215,118.03122098032532,0.43282332531672985,0.7264998413785569
all,historical_density,5000,0,390000,97488,97488,34.59330038246272,15.727387228874449,-4.580325860287251,9.000893333321073,53.00608879536328,112.15620862070574,0.399698756208393,0.675261153659922
spco2_le_threshold,historical_density,5000,0,390000,97488,97474,28.4623631241604,15.530888701526433,-4.382226302314043,8.99893717259954,52.902717074021666,111.63947892953564,0.5096971829485045,0.7551031036383083
all,spatial_coverage,500,0,390000,97488,97488,31.848688511643424,16.27727952203346,-0.9204396559351935,10.947028402774436,46.36133344309738,87.1586118209683,0.49117510229917005,0.7021903313180019
spco2_le_threshold,spatial_coverage,500,0,390000,97488,97474,25.643622339235446,16.090564434417793,-0.7315188954413713,10.944227235851628,46.30908460477285,86.8323583199979,0.6020016946588476,0.7769484661519808
all,spatial_coverage,1000,0,390000,97488,97488,28.99866887213723,14.494007633353236,-0.008016979999580323,9.596572417442161,41.909916151367284,82.43666841603324,0.5781662020875943,0.7604005266733289
spco2_le_threshold,spatial_coverage,1000,0,390000,97488,97474,23.09479763103623,14.323404181011355,0.16466706685106178,9.594980440785804,41.87704558484619,81.9958669885011,0.6771871601146991,0.8231284584859014
all,spatial_coverage,2500,0,390000,97488,97488,26.11459807465759,12.212890691179734,-0.24317514782732472,8.19563109931616,33.99349877517406,68.23942989129057,0.6579008938805071,0.811266430579898
spco2_le_threshold,spatial_coverage,2500,0,390000,97488,97474,20.227346487804805,12.056187234361415,-0.0847525041734701,8.193052113937483,33.97232041154928,67.64230868123789,0.752371682994248,0.8674072438340255
all,spatial_coverage,5000,0,390000,97488,97488,24.054683049596118,11.185532961311965,-0.3147399452725845,7.5696833475986125,31.211017104599932,60.80832711365454,0.7097417817123023,0.8431828128048292
spco2_le_threshold,spatial_coverage,5000,0,390000,97488,97474,18.610775886474798,11.039949444796905,-0.16759507801553694,7.568563328093234,31.187626244014094,60.481386924113544,0.7903709641184474,0.8890590866719109
all,random,500,1,390000,97488,97488,31.863868577730685,15.948303403246847,-2.394961790629927,10.445474228910967,46.363825375582884,93.8087676417685,0.4906899434633054,0.7025807112541501
spco2_le_threshold,random,500,1,390000,97488,97474,25.66143130339111,15.76121731375147,-2.2059290611836246,10.443715376998796,46.27607478767815,93.10981484991056,0.6014486995575401,0.7775514405790726
all,random,1000,1,390000,97488,97488,29.522041659336097,13.596147568359608,-0.5702156573514804,8.744891597151309,39.05395090956194,84.41048624394614,0.5628021427611081,0.7503103098704028
spco2_le_threshold,random,1000,1,390000,97488,97474,22.70338222452009,13.40946822059429,-0.38166542045927493,8.742526577030816,39.028665541811,83.77914222251312,0.6880366323446752,0.8295470983986281
all,random,2500,1,390000,97488,97488,26.724725013098112,11.22575420856379,-0.47088019898048705,7.323542128443108,31.878567019698295,66.03740468033807,0.6417289325924023,0.8018600700698161
spco2_le_threshold,random,2500,1,390000,97488,97474,18.96028556702087,11.039286002015416,-0.28286729091033014,7.322512093871353,31.7928150200806,65.82783622306057,0.7824233796513271,0.8855734484721962
all,random,5000,1,390000,97488,97488,25.43076209136906,10.150775611517124,-0.3688723211802269,6.767828782535901,28.19932168625986,57.81903973716497,0.6755827061521944,0.8231696514334325
spco2_le_threshold,random,5000,1,390000,97488,97474,17.243194135178317,9.96580185198299,-0.18249360600597458,6.766775784043148,28.169927773084446,57.513019335690174,0.8200474878126922,0.9070423884956582
all,historical_density,500,1,390000,97488,97488,44.92420597112996,23.5263434600041,-7.058798832834929,14.01381902098521,86.77208191260405,162.70431165399984,-0.012385850770178175,0.5182890015803597
spco2_le_threshold,historical_density,500,1,390000,97488,97474,40.195944955949095,23.32375792800908,-6.853848099609013,14.010444030892444,86.45411181356037,162.31490309865106,0.022116847410223572,0.5845600134092902
all,historical_density,1000,1,390000,97488,97488,39.05548830899923,19.616526043156348,-3.299713630459929,11.640686792121926,65.41518187189425,120.99810852490359,0.23484505110214582,0.585391236356581
spco2_le_threshold,historical_density,1000,1,390000,97488,97474,33.493693695144515,19.41352292807469,-3.0943669635205695,11.639426450768383,65.3197464982655,120.26453960676177,0.32103315592987136,0.6611339020384528
all,historical_density,2500,1,390000,97488,97488,35.49659175114602,16.814801065493246,-4.407853023256684,9.770128161218736,55.93742038236842,118.2959750879409,0.3679396333541265,0.6606533997709462
spco2_le_threshold,historical_density,2500,1,390000,97488,97474,29.69023034851339,16.61981489917676,-4.211084871255896,9.7693405340801,55.817616396413484,117.73408174628257,0.46648134153198584,0.7364251167643721
all,historical_density,5000,1,390000,97488,97488,35.700839149646775,16.022934420605512,-5.099736671790308,8.703119665849243,56.89046944357418,121.85440792242825,0.36064495573142286,0.6626676581949932
spco2_le_threshold,historical_density,5000,1,390000,97488,97474,29.836035085515924,15.826499010921761,-4.901732384575285,8.702254516235115,56.792970759758205,121.37640644301908,0.46122839780043356,0.7401093270445003
all,spatial_coverage,500,1,390000,97488,97488,33.31193577671104,18.222656036963265,-2.6402321974321143,12.587878328907891,51.820376564880725,101.32645019225512,0.4433464432584987,0.6695084605783947
spco2_le_threshold,spatial_coverage,500,1,390000,97488,97474,28.134546986808097,18.04810343507642,-2.463441522482161,12.586448855355798,51.739659638667355,100.76697951367507,0.5209262979257043,0.7260015997746985
all,spatial_coverage,1000,1,390000,97488,97488,30.054669128871303,14.913287264739735,-0.6607791936907781,9.824105692429015,43.06062799418097,85.53462380819211,0.5468842589492957,0.7402366160823424
spco2_le_threshold,spatial_coverage,1000,1,390000,97488,97474,24.158705765469076,14.737380083746814,-0.4828249528357924,9.82184104769189,43.008399847170175,84.94055795163835,0.6467600559987311,0.8052638836063514
all,spatial_coverage,2500,1,390000,97488,97488,27.69969025290266,12.4284002784632,0.6531163926050163,8.023496900892951,34.05122697763516,77.35765254712221,0.615111378143325,0.7857025168270426
spco2_le_threshold,spatial_coverage,2500,1,390000,97488,97474,22.939066515981917,12.285147079220588,0.7982484645049027,8.022343958180244,34.00204434761328,76.9430691539637,0.6815260167783799,0.8292662569745979
all,spatial_coverage,5000,1,390000,97488,97488,25.648901346279395,11.236174709847013,0.36229556239529315,7.424043523907329,30.70062246462129,63.32414564761175,0.6699932815816687,0.8187716159375473
spco2_le_threshold,spatial_coverage,5000,1,390000,97488,97474,20.236119224932732,11.092318617565057,0.5078175202805045,7.421630340712085,30.653680256693203,63.055775428822685,0.7521568402594994,0.8685237088778713
all,random,500,2,390000,97488,97488,31.626793131656353,16.481232911687506,0.6045139261806939,11.104427373507463,46.448364750047375,90.72155032957853,0.49824054717181,0.7060398596194378
spco2_le_threshold,random,500,2,390000,97488,97474,25.625547480802826,16.29867374257497,0.7895270876986961,11.102077056983632,46.38848063889423,90.19602563283044,0.602562553626059,0.7765579755801969
all,random,1000,2,390000,97488,97488,29.40853100113631,13.587767695386535,1.0846690932761434,8.848321730335158,38.70386193209883,81.50139057664764,0.5661576837686064,0.7530013798375657
spco2_le_threshold,random,1000,2,390000,97488,97474,22.989377882810622,13.40717166584011,1.26737249622513,8.847428396083501,38.6538255992513,81.05232330555201,0.6801274914682948,0.8254460022763985
all,random,2500,2,390000,97488,97488,26.96621278734689,11.23613323422563,-0.2874657507066967,7.258805289942785,31.661162931808867,68.31146822073697,0.6352249198166463,0.7983577733993236
spco2_le_threshold,random,2500,2,390000,97488,97474,19.45588666981715,11.050882098152506,-0.10064207893411391,7.257656010315657,31.629570125903253,67.6857922685015,0.7709002928796296,0.8796224298936546
all,random,5000,2,390000,97488,97488,30.80534577226959,11.76244967386422,0.9475592683017892,7.007967219680154,30.859472355233915,87.67162155394314,0.5239666024868803,0.7290354904026931
spco2_le_threshold,random,5000,2,390000,97488,97474,26.277680951968772,11.611854186512554,1.0999802693821439,7.0066477977759405,30.808837996302447,86.67154832377967,0.5820767341296011,0.7723663134413198
all,historical_density,500,2,390000,97488,97488,40.62819359965738,22.148438281026827,-4.861899688704853,14.132464562850856,67.0559062429604,135.25394979129774,0.17198105447414336,0.5625605375595191
spco2_le_threshold,historical_density,500,2,390000,97488,97474,35.480927730132095,21.950199528463504,-4.661178104409044,14.130018045371799,66.96391784923787,134.94069669706025,0.23807466937739452,0.6321347537484477
all,historical_density,1000,2,390000,97488,97488,35.55974883536589,17.620628762352336,-2.7659019185115654,11.372976309239448,53.136995276746845,112.54573644035686,0.3656884536926409,0.6479521394613601
spco2_le_threshold,historical_density,1000,2,390000,97488,97474,29.543991896385283,17.422035876671643,-2.565175477464172,11.371954811055389,53.019064900049266,111.81110626309524,0.471724062577049,0.7271328883737765
all,historical_density,2500,2,390000,97488,97488,34.701270972664304,16.790844129162224,-3.929062260465377,10.087015267043569,54.21550766572701,112.964785402629,0.3959456579446874,0.6726182320838562
spco2_le_threshold,historical_density,2500,2,390000,97488,97474,28.754464420948633,16.596794322625506,-3.73316514135134,10.085069494025333,54.13144233800455,112.59998134724151,0.4995818603586316,0.749416292109637
all,historical_density,5000,2,390000,97488,97488,34.65295807069796,15.62142339727672,-4.842970716232021,8.832007677297156,52.56082905295242,114.65963230167786,0.3976264783828003,0.680968699017125
spco2_le_threshold,historical_density,5000,2,390000,97488,97474,28.542064716057176,15.424968306620123,-4.644967537495167,8.830714121436529,52.48007645918597,114.16939049954222,0.5069474022132128,0.7608530897823286
all,spatial_coverage,500,2,390000,97488,97488,31.517652109008214,16.665095857135803,0.2913225179010074,11.495948042020302,46.92974120949743,87.71929220750908,0.5016976191201001,0.7083605530567523
spco2_le_threshold,spatial_coverage,500,2,390000,97488,97474,25.534251273417656,16.483090001000807,0.47576379124726137,11.49427930073017,46.86274316474526,87.18656498302686,0.6053894119442721,0.7781842874708281
all,spatial_coverage,1000,2,390000,97488,97488,28.432573272060008,13.999625462905895,1.1926041856639327,9.259404324754883,40.67209333263737,79.99006977988965,0.5944750482487793,0.7718059038312887
spco2_le_threshold,spatial_coverage,1000,2,390000,97488,97474,22.31603596051171,13.828332406553836,1.3660792722505186,9.25766072084204,40.63193930801742,79.42537779313503,0.6985907450557624,0.8366095767640971
all,spatial_coverage,2500,2,390000,97488,97488,25.818644257927406,12.293799176156416,0.22697286036383613,8.33432077967683,34.42448368310139,66.73319865520025,0.6656108983541958,0.816779566208062
spco2_le_threshold,spatial_coverage,2500,2,390000,97488,97474,19.472091924325635,12.130487287781804,0.3920830827404518,8.333139604708947,34.38961547624594,66.22549502325766,0.770518489131741,0.8781951775084973
all,spatial_coverage,5000,2,390000,97488,97488,24.260784974518362,11.03869386936639,-0.12919901357069818,7.567604949694413,30.619301203720728,59.05324776612597,0.70474657475737,0.8406808134207572
spco2_le_threshold,spatial_coverage,5000,2,390000,97488,97474,17.706747363329256,10.879065155283918,0.031996609923323135,7.566843519865927,30.57638673641405,58.611705403876606,0.8102420149687131,0.9005638470739958
all,random,500,3,390000,97488,97488,32.63954826859864,16.737020843183224,0.11080446447012293,10.798786317971093,50.47808569175504,106.33769377537865,0.46559129195429594,0.6825109988976225
spco2_le_threshold,random,500,3,390000,97488,97474,26.676243840729878,16.55227013078605,0.29797499706865427,10.796376929067634,50.432270065247074,105.87289728036384,0.569303011236683,0.7546425604881157
all,random,1000,3,390000,97488,97488,30.145591867925045,14.459288216895004,1.0612120356087613,9.097309603292956,42.440637595232275,91.60670611650683,0.5441385396786138,0.7384338462093484
spco2_le_threshold,random,1000,3,390000,97488,97474,24.38320088625482,14.287017588559761,1.2357118430434069,9.096622265808918,42.38842102116246,90.81822902108512,0.6401645789185184,0.801470943370351
all,random,2500,3,390000,97488,97488,26.663607083010277,11.530419878251834,0.43874384421642565,7.358754886438533,33.470913071987724,70.63213330840826,0.6433657500104162,0.8026819322964476
spco2_le_threshold,random,2500,3,390000,97488,97474,19.701901981521434,11.354976084291096,0.6159067457557419,7.357528186355495,33.43198882923696,70.11701419318563,0.765069833496769,0.8751831499014546
all,random,5000,3,390000,97488,97488,25.21675530973144,10.425608650719242,0.22830310776465362,6.800522808092666,29.555230932039933,64.76268780668296,0.6810198515323531,0.8260994431212905
spco2_le_threshold,random,5000,3,390000,97488,97474,17.747024850018263,10.252811933205864,0.40263002578913104,6.799208074909814,29.50247022692381,64.3045808304078,0.8093777492415984,0.9003738965597464
all,historical_density,500,3,390000,97488,97488,42.46624376417614,22.294783974731075,-4.1349563912196805,13.570019528064819,75.93078710370791,152.3503599804977,0.09536592164005886,0.5377013876442095
spco2_le_threshold,historical_density,500,3,390000,97488,97474,37.51439630577436,22.093844448770902,-3.9314086047370154,13.568205795256205,75.71517896547525,152.09582424549302,0.14823772238495514,0.6053768795395404
all,historical_density,1000,3,390000,97488,97488,39.673715211203515,20.31668450551189,-4.513112587155403,12.052473732102328,72.09775898446495,129.60713968466513,0.21042936096581477,0.588471238606077
spco2_le_threshold,historical_density,1000,3,390000,97488,97474,34.27921810159115,20.115852988508962,-4.310011234023281,12.05051208924715,71.94820444874125,129.07187252242136,0.28881220847957256,0.662421868925858
all,historical_density,2500,3,390000,97488,97488,39.285965914052376,18.43210805238052,-6.009468232528175,9.925334431810228,69.17715332936156,139.26030902742826,0.22578760812285115,0.6152304752238261
spco2_le_threshold,historical_density,2500,3,390000,97488,97474,33.86430494086533,18.231950545828184,-5.807526486512204,9.92309857507368,68.94763773120214,138.5572688681308,0.30592434639659327,0.6904001115234004
all,historical_density,5000,3,390000,97488,97488,36.50490965978283,16.206580799126076,-5.57715751742732,8.670213844934892,58.52364398939108,124.55490102594646,0.33152094664977705,0.6485171308689267
spco2_le_threshold,historical_density,5000,3,390000,97488,97474,30.620027200995715,16.006876210973076,-5.375926245995251,8.66871483998986,58.44534211168424,123.9375106827656,0.43254213121777596,0.7275939654279562
all,spatial_coverage,500,3,390000,97488,97488,31.401107713891943,16.85500992597391,-1.2573518930338186,11.54634860648099,47.99563412184492,88.13696263227274,0.5053760008189554,0.7118046458650699
spco2_le_threshold,spatial_coverage,500,3,390000,97488,97474,25.484034079138727,16.675238956248126,-1.0753406621875172,11.544858644132887,47.953397898858796,87.72362170853081,0.6069400155199642,0.7799575533532541
all,spatial_coverage,1000,3,390000,97488,97488,29.593347488443257,14.370785899383138,-0.4578874742417746,9.448402569941607,41.49927578104235,84.33253765916797,0.5606876274505559,0.7488913394856325
spco2_le_threshold,spatial_coverage,1000,3,390000,97488,97474,23.159979056718562,14.190455496343974,-0.2755587888098531,9.446523311356998,41.44565823971463,83.51460852533226,0.6753624120058134,0.8218604159159331
all,spatial_coverage,2500,3,390000,97488,97488,25.90865688430439,11.670651403941571,0.18278866809449865,7.84444543709148,32.65939422272086,64.45365389579393,0.6632752443906695,0.8146039989178944
spco2_le_threshold,spatial_coverage,2500,3,390000,97488,97474,19.148569830053948,11.502003664066859,0.3531388943861873,7.842488809530181,32.62373685333692,63.965948237042504,0.7780806538796575,0.8821568318849614
all,spatial_coverage,5000,3,390000,97488,97488,24.478521232498952,10.568356172050278,-0.21984590916749885,7.248446279487695,29.086286234298026,55.02831797763363,0.6994230982123533,0.8373904855646048
spco2_le_threshold,spatial_coverage,5000,3,390000,97488,97474,17.093062420294594,10.398957258180953,-0.048960659006646354,7.2476027952809545,29.061509551214602,54.72987495516357,0.8231674394997786,0.907958808371962
all,random,500,4,390000,97488,97488,31.715070786134657,16.403296079981118,0.8900290057879443,11.014728491388098,47.388760429048,92.32075111200832,0.49543558588467373,0.7055885131378056
spco2_le_threshold,random,500,4,390000,97488,97474,25.63500248617011,16.219619015413446,1.0761898768188878,11.01274766738706,47.333832630680305,91.75438305729303,0.6022692161712906,0.7782964540429429
all,random,1000,4,390000,97488,97488,29.077582080006593,13.648874365474356,0.18311314332981557,8.969253113757276,39.63697369037454,79.76832108903238,0.5758672309522459,0.7593537830232426
spco2_le_threshold,random,1000,4,390000,97488,97474,22.32426918865546,13.465008684703193,0.368965485417056,8.96749862384533,39.592932347989375,79.17110814366715,0.6983683015234408,0.8363467256907147
all,random,2500,4,390000,97488,97488,27.299203497309936,11.818256586165626,0.562498423132343,7.5988840535039515,33.65456032437708,80.03956194900177,0.6261604897307261,0.7917139841905172
spco2_le_threshold,random,2500,4,390000,97488,97474,20.320833712753096,11.641257353212243,0.741275879715923,7.5980174603461705,33.596201139662504,79.32907624276956,0.7500774046032802,0.8665270783054593
all,random,5000,4,390000,97488,97488,25.385104280106873,10.571868704477557,0.09954545365079924,6.87895755882397,29.710771195461014,65.60009172737918,0.676746563278532,0.823870464747524
spco2_le_threshold,random,5000,4,390000,97488,97474,17.90737188234811,10.396074285163422,0.27687258731146513,6.878055483983161,29.6663080424491,65.1749355882554,0.8059175867227998,0.8987937382345313
all,historical_density,500,4,390000,97488,97488,42.189803305863606,22.65995076576967,-5.406416211625116,13.95838070713819,77.14228350862933,141.47825962178007,0.10710529289339166,0.5329965028750692
spco2_le_threshold,historical_density,500,4,390000,97488,97474,37.202534915750036,22.459243380763887,-5.203230735192306,13.956650312514,77.03837066688934,141.24171264926548,0.16234044990057128,0.6005743578688064
all,historical_density,1000,4,390000,97488,97488,40.54607261900978,20.142965412522333,-5.445599254272659,11.928381078480328,66.2720703401802,152.33414505232838,0.1753249888476861,0.5720677408155186
spco2_le_threshold,historical_density,1000,4,390000,97488,97474,35.21572261125744,19.940744551511685,-5.24126743930285,11.926065407082888,66.09237911596661,151.10759056777135,0.24942224845230276,0.6456729536940417
all,historical_density,2500,4,390000,97488,97488,38.199189344888914,18.541264321509,-5.7879419886973595,10.285045558544851,66.68805427814273,136.53744173344114,0.26802956426609315,0.6210881776366031
spco2_le_threshold,historical_density,2500,4,390000,97488,97474,32.896225788369804,18.347489368064956,-5.59233530050703,10.282667222074423,66.57740309409832,135.73378538367527,0.34504022832933723,0.6919641523217457
all,historical_density,5000,4,390000,97488,97488,34.277158242944516,15.634571112167587,-4.314979162614247,8.898306776398755,53.70694528503625,110.11211079904966,0.41062071693157987,0.6816947507527655
spco2_le_threshold,historical_density,5000,4,390000,97488,97474,28.261314439522288,15.440647870783335,-4.1194301103748545,8.896767769303693,53.60414472668146,109.63216075349723,0.5165993917641658,0.7589980518686584
all,spatial_coverage,500,4,390000,97488,97488,32.17168732650135,17.217079885670085,1.6169506814128676,11.788088736729406,49.623477760693184,90.20991134307314,0.4808021018792731,0.6943613837796113
spco2_le_threshold,spatial_coverage,500,4,390000,97488,97474,26.30601846554835,17.035027560568192,1.8017081014933123,11.78664118190136,49.56469996250776,89.77243860094273,0.5811748819560816,0.7636622973091011
all,spatial_coverage,1000,4,390000,97488,97488,40.618292903105356,18.535880641108154,3.708699839266575,10.436141457228842,56.46043526101538,149.73442631115745,0.1723845656672609,0.5903619730570063
spco2_le_threshold,spatial_coverage,1000,4,390000,97488,97474,37.66728916934277,18.400256387614455,3.8451141266776747,10.43374800728526,56.34993621777212,149.1630298222619,0.14128072642988432,0.6141389854041641
all,spatial_coverage,2500,4,390000,97488,97488,29.770275619773017,13.052930993741432,1.4574473659491711,8.331225886358197,36.15088182430953,75.69907055006466,0.5554189387754223,0.7520738281350142
spco2_le_threshold,spatial_coverage,2500,4,390000,97488,97474,25.544632939888974,12.912871313560595,1.5977137884785102,8.328920216539018,36.09539163756293,75.26688537667665,0.6050684666943252,0.789757009992533
all,spatial_coverage,5000,4,390000,97488,97488,25.109160486011387,11.182854256281255,0.3287671596897553,7.389260440100429,30.823814955088427,63.40871555032211,0.683736092606783,0.8269495226310741
spco2_le_threshold,spatial_coverage,5000,4,390000,97488,97474,20.03517198640713,11.042702006555533,0.4689977603943792,7.388143518162764,30.78915650849644,63.0856365738641,0.7570546293014119,0.8709392375245847
all,random,500,5,390000,97488,97488,31.872199293922574,16.33371900467035,-0.47017198806325233,10.838405240944667,46.725640952204394,89.10517349707723,0.4904235933700277,0.7003830730124948
spco2_le_threshold,random,500,5,390000,97488,97474,26.11403319499227,16.153485004603382,-0.2876595377610163,10.836277489529664,46.696143205879295,88.58850883090719,0.5872658712068766,0.7663666803236708
all,random,1000,5,390000,97488,97488,29.547747522773783,14.050879410310792,0.5210655284775119,9.041278580469907,41.4066093925902,84.08066946875539,0.5620404446753381,0.7498477600154021
spco2_le_threshold,random,1000,5,390000,97488,97474,23.257917023710505,13.871775686705213,0.7022621920377738,9.039976955267292,41.36262901036734,83.49454073116476,0.6726109785429943,0.8203443054380183
all,random,2500,5,390000,97488,97488,26.704794663631784,11.427039753507598,0.1673887243723326,7.336017164319401,32.93574883358494,69.66798888767299,0.6422631049754839,0.8016909834818355
spco2_le_threshold,random,2500,5,390000,97488,97474,19.527637552678943,11.24843463915705,0.34765912381111364,7.334585505134868,32.884075180640735,69.0575114203394,0.769207394748455,0.8773065077255795
all,random,5000,5,390000,97488,97488,24.938003102066784,10.228225338086256,0.26043148122072257,6.86532271092716,27.980606731195746,57.28537878964434,0.6880330431601225,0.8304389676296831
spco2_le_threshold,random,5000,5,390000,97488,97474,17.313057115278163,10.051868348719339,0.43829493585499424,6.863865774165049,27.93656847924824,56.85982879360798,0.8185863330822499,0.9055804413313988
all,historical_density,500,5,390000,97488,97488,39.11410929435071,20.875936483832252,-5.358344403256683,13.63813488589878,63.94655920373083,121.24595102074511,0.23254638316704446,0.5775580380463704
spco2_le_threshold,historical_density,500,5,390000,97488,97474,33.63325459773853,20.67474530466148,-5.154924462681555,13.636161442465294,63.878429266661,120.38597742359023,0.31536315471827303,0.6515978841129126
all,historical_density,1000,5,390000,97488,97488,37.59061350903009,18.959916502291286,-4.541933038048046,11.84209436478551,60.194367711521,119.6673271678543,0.2911667604410737,0.613607420477357
spco2_le_threshold,historical_density,1000,5,390000,97488,97474,31.882452149813076,18.759571320314667,-4.339517029302245,11.83966514057633,60.03978365752277,119.24827918888452,0.3847864227465976,0.6903743889887745
all,historical_density,2500,5,390000,97488,97488,35.03109734612014,16.624368019495236,-4.435505613255743,9.956302138386803,53.04014919491189,115.95211882539354,0.3844083351865871,0.6675669861528144
spco2_le_threshold,historical_density,2500,5,390000,97488,97474,29.04955764977486,16.428900564769837,-4.238287496059457,9.954483227400772,52.96469403646219,114.8756624043918,0.48925805564372893,0.745591971903806
all,historical_density,5000,5,390000,97488,97488,34.183895254284295,15.529845995935615,-4.395416158898391,8.90801121093935,51.82959579383238,109.40658457780714,0.4138235783919917,0.6788683008867091
spco2_le_threshold,historical_density,5000,5,390000,97488,97474,27.936757738864053,15.33275943696042,-4.19673038354018,8.906630792218067,51.73766801683471,108.2929194237225,0.5276385123119042,0.7598155539449888
all,spatial_coverage,500,5,390000,97488,97488,31.842286736692238,16.962936306171425,-0.9610944636779151,11.741437779361178,48.59082977466796,89.50429546393893,0.49137963537480156,0.7023802220805616
spco2_le_threshold,spatial_coverage,500,5,390000,97488,97474,25.635147342849542,16.77698379696032,-0.7728436412161483,11.73860260938963,48.51730845076511,89.08577185678453,0.6022647212137834,0.7771578138810457
all,spatial_coverage,1000,5,390000,97488,97488,28.994902827257025,13.826345195017067,-0.4129288321288949,9.239026192166108,39.60625838092012,81.01541620446125,0.5782757617272868,0.760515891833414
spco2_le_threshold,spatial_coverage,1000,5,390000,97488,97474,22.159080531565962,13.642353732935923,-0.22701082728680352,9.23749502593742,39.56333447295973,80.38059233612508,0.7028156400042797,0.8383622691736032
all,spatial_coverage,2500,5,390000,97488,97488,25.713564492380918,11.67181481725025,-0.6985904657242554,7.7229980825747475,33.489334030316314,68.04453560286026,0.6683272319170198,0.8184016715245382
spco2_le_threshold,spatial_coverage,2500,5,390000,97488,97474,18.998431534583677,11.503573713125776,-0.5287732988453924,7.721144007493763,33.42659717641674,67.75898127516932,0.781547019464022,0.8844839254655982
all,spatial_coverage,5000,5,390000,97488,97488,25.39316289759792,11.43359683695309,-0.08733201500666614,7.722827144637762,30.975638711499176,60.907990085754946,0.6765412941371333,0.8235052418107801
spco2_le_threshold,spatial_coverage,5000,5,390000,97488,97474,20.933760812326994,11.295640869451384,0.0422980547149884,7.720954120437597,30.933845045733285,60.63338964460332,0.7347734515535265,0.8603464552912374
all,random,500,6,390000,97488,97488,31.58098745517589,15.910949200918633,-0.6620333669150491,10.539059178668566,46.18912500702648,90.84128130117327,0.49969290988243176,0.7070560094011087
spco2_le_threshold,random,500,6,390000,97488,97474,25.351731076101963,15.724407628778371,-0.47330162281430505,10.53705582966657,46.13712297739277,90.30761611710854,0.6110106447332107,0.7818166737326808
all,random,1000,6,390000,97488,97488,29.752631024595,13.788780916660196,-1.3367555126146753,8.899144172653592,39.72196046913742,82.48885062384254,0.5559457816087399,0.7462421877238175
spco2_le_threshold,random,1000,6,390000,97488,97474,23.05883489861433,13.60237586330861,-1.1485619992054683,8.897901129159436,39.67544107209064,81.94787611450357,0.6781917320657393,0.8240113615996997
all,random,2500,6,390000,97488,97488,27.331845047898373,11.490020734439,0.13820003746976992,7.3532104475313815,33.426946517165874,70.91110364818809,0.6252659583830511,0.7909239186275898
spco2_le_threshold,random,2500,6,390000,97488,97474,19.779296142287382,11.303425530707917,0.3264653798101942,7.35149663076632,33.37724803677469,70.30565743900497,0.7632204754675876,0.8739881018139577
all,random,5000,6,390000,97488,97488,25.494411457153287,10.177250858296379,-0.2507609548287342,6.709337599563128,28.734475084531663,58.157570206019656,0.673956738708503,0.8214666790866145
spco2_le_threshold,random,5000,6,390000,97488,97474,17.478891742400926,9.994405087226673,-0.06648946142641853,6.708057119648487,28.691669648881646,57.68361736437424,0.815094315246941,0.9034145379613444
all,historical_density,500,6,390000,97488,97488,39.709324402464546,21.087759725112484,-5.300726534315047,13.31263626264311,67.70767309568471,128.9990066662989,0.2090113647175641,0.5744336811235774
spco2_le_threshold,historical_density,500,6,390000,97488,97474,34.320095702694935,20.887450302924847,-5.098149651423311,13.310845807403268,67.61739811947149,128.53955243314047,0.28711502947263834,0.6476873513131675
all,historical_density,1000,6,390000,97488,97488,37.34758660687802,18.8468299020452,-5.285605950594864,11.360840270512512,62.12318851401336,122.75251270445654,0.30030248203371435,0.6207473099482055
spco2_le_threshold,historical_density,1000,6,390000,97488,97474,31.700051311802767,18.648860508412273,-5.085688784886096,11.359806928700692,62.018503805445214,122.46101505217122,0.3918056116611449,0.6961444579615266
all,historical_density,2500,6,390000,97488,97488,34.718531170147415,16.118884804363034,-4.520699428495028,9.519529485099923,52.47518361093852,119.42050582513849,0.39534460271643657,0.6712023631166835
spco2_le_threshold,historical_density,2500,6,390000,97488,97474,28.773957129833306,15.925004898130126,-4.325153697577978,9.518287744300125,52.3842734440252,119.0127045370747,0.4989031614774392,0.7479379821701714
all,historical_density,5000,6,390000,97488,97488,35.522050652797766,16.26154680571819,-5.304002489023705,9.005857573594653,56.738329296626205,115.19847395406161,0.36703265425997866,0.6649677721231987
spco2_le_threshold,historical_density,5000,6,390000,97488,97474,29.656335238526143,16.065581418547414,-5.106463291191275,9.004383078835787,56.66171480543518,114.70726583872384,0.4676988026974732,0.7420900283420988
all,spatial_coverage,500,6,390000,97488,97488,31.468305098585674,16.66442578493751,-1.0054234692303186,11.705392108530162,46.037200639006336,84.0195189827759,0.5032567760455464,0.7100710956754569
spco2_le_threshold,spatial_coverage,500,6,390000,97488,97474,25.317425699137026,16.4805023160999,-0.8192509285128241,11.703551032478458,45.96131833468994,83.68835199387198,0.6120626752823592,0.783038082571455
all,spatial_coverage,1000,6,390000,97488,97488,28.094195495483664,13.512222110955284,-0.3068302443863222,9.15975367280734,38.2815681273153,70.82783450407754,0.6040699656480071,0.7786702086876077
spco2_le_threshold,spatial_coverage,1000,6,390000,97488,97474,21.1922714718871,13.331506822345496,-0.12421829116718257,9.158411042184241,38.232940482552884,70.4453484962803,0.7281824488425237,0.8548774673780286
all,spatial_coverage,2500,6,390000,97488,97488,25.961201959384965,11.999982764188948,-0.3632556308277408,8.178369313307712,34.16737440038729,64.00061744876871,0.6619080435073026,0.814394801954597
spco2_le_threshold,spatial_coverage,2500,6,390000,97488,97474,18.798928587110733,11.825594164997911,-0.18719567127530462,8.176654858519242,34.125896519629556,63.56044782030127,0.7861108894425528,0.8872138623193944
all,spatial_coverage,5000,6,390000,97488,97488,24.546281187731303,11.405649588682293,0.1357684133290428,7.685121140359001,31.506775312061336,64.43954053644777,0.6977567175786202,0.8358344447365263
spco2_le_threshold,spatial_coverage,5000,6,390000,97488,97474,18.708261494421485,11.25400513552922,0.28907053777936814,7.684571242933288,31.48102705386607,64.13308389405343,0.7881690852901935,0.8878355017226115
all,random,500,7,390000,97488,97488,31.948867929816323,16.509642595811787,-0.14196718902878794,10.834203421278119,48.29350894446054,91.5936014444301,0.4879690707104307,0.6988891838551169
spco2_le_threshold,random,500,7,390000,97488,97474,26.120452023854455,16.32847593392992,0.04155033006315679,10.830776333616399,48.21881740699176,91.25152089622073,0.5870629461884587,0.7666034368647976
all,random,1000,7,390000,97488,97488,29.39231758408457,13.638606989853985,0.5337355630239162,8.844805373020932,38.91930707784532,82.06803416617053,0.566635921012623,0.7531346895222357
spco2_le_threshold,random,1000,7,390000,97488,97474,22.89270729847275,13.456735959299683,0.7176421394236752,8.843070255533547,38.880311407338205,81.29373431621586,0.6828119702085027,0.8268159777359463
all,random,2500,7,390000,97488,97488,27.241714550707528,11.404406785025094,-0.20734450472152807,7.229920493674541,32.60457348758907,72.53186785655181,0.6277333568804561,0.7927963010898907
spco2_le_threshold,random,2500,7,390000,97488,97474,19.901520439718123,11.220591374904824,-0.02192088244289786,7.2288054512354165,32.54545013198256,71.99244629739155,0.7602851204906286,0.8725392327853574
all,random,5000,7,390000,97488,97488,25.761363571409294,10.658162080321684,-0.06680689924780493,6.9706648384701,30.218372146848008,62.803913286804104,0.6670929893384142,0.8181427395171827
spco2_le_threshold,random,5000,7,390000,97488,97474,18.164512121092468,10.478670970363215,0.11420542634288294,6.969564952821145,30.18514017531285,62.31433294170162,0.8003037297093276,0.8959752389000821
all,historical_density,500,7,390000,97488,97488,38.30040057712983,21.35602791788359,-1.7064485011249557,14.186970011120422,64.96280887776399,117.49218895727577,0.2641456193065159,0.5782364855310002
spco2_le_threshold,historical_density,500,7,390000,97488,97474,33.095604205959596,21.16336181239908,-1.5109601649755038,14.184892844431772,64.89084745321874,117.03420900350059,0.33707697017680693,0.6447840099629214
all,historical_density,1000,7,390000,97488,97488,36.562330613230316,18.745831580212574,-1.2474434772178813,12.006524810867319,56.62702955327001,119.90648864366362,0.3294163040762811,0.6232059098246011
spco2_le_threshold,historical_density,1000,7,390000,97488,97474,30.916862447283254,18.550428999269112,-1.0495276370110083,12.003166745518826,56.5509284054772,119.60372610545807,0.4214867559894291,0.6968872057072402
all,historical_density,2500,7,390000,97488,97488,35.88001977989546,16.977344068738326,-3.318759630949476,10.019758758849719,54.624310684361646,123.7981966487064,0.3542110719392527,0.6465424498803211
spco2_le_threshold,historical_density,2500,7,390000,97488,97474,30.12316055052669,16.781589981681567,-3.1210437881206214,10.019138870710833,54.557266037471564,122.8230147971055,0.45080882321111804,0.7216497425222894
all,historical_density,5000,7,390000,97488,97488,34.87936549068336,16.206517656369282,-4.725207722899067,9.160424330288066,56.108852329088606,110.37805631913052,0.38972946915552864,0.6686738892266284
spco2_le_threshold,historical_density,5000,7,390000,97488,97474,28.83687914301198,16.010137684706308,-4.527178713143181,9.159614893286516,55.99246961413774,109.98448660265201,0.4967091986393978,0.7474457624237997
all,spatial_coverage,500,7,390000,97488,97488,32.20237662807867,16.813889689541742,-2.3914906859606337,11.120348213480241,49.85593011924912,95.3423479678356,0.47981108014464335,0.6947985732409654
spco2_le_threshold,spatial_coverage,500,7,390000,97488,97474,26.27173529599912,16.6308245774654,-2.2063541129198296,11.117929810372374,49.787679072204455,94.8887784485828,0.5822658335294548,0.7650227787744431
all,spatial_coverage,1000,7,390000,97488,97488,28.921120570259976,13.447352773293845,-1.601380043384683,8.727248117639732,39.378911692383014,78.48553498128368,0.5804193230798154,0.7628027758859691
spco2_le_threshold,spatial_coverage,1000,7,390000,97488,97474,22.0608524103562,13.264027639733891,-1.416353495927495,8.726229682573148,39.34554085974091,78.08913870730994,0.7054445541023857,0.8408038066830174
all,spatial_coverage,2500,7,390000,97488,97488,28.506893727834388,12.485790408116099,-0.11715579250979609,8.01873630144516,34.9521517393278,72.39593686617462,0.5923522583662199,0.771692522404451
spco2_le_threshold,spatial_coverage,2500,7,390000,97488,97474,23.61286647572175,12.33845312203947,0.03195797636858958,8.017277882163,34.89378897672211,71.87970284580106,0.6625418658462716,0.8183806861399953
all,spatial_coverage,5000,7,390000,97488,97488,25.130712853942914,11.336310471289185,-0.13963357935027754,7.615227543545302,31.34814388302969,61.22850335753642,0.6831929313611754,0.826572388582986
spco2_le_threshold,spatial_coverage,5000,7,390000,97488,97474,19.609201677207775,11.193349860708246,0.0029600519425477937,7.614718331208195,31.31390668987124,61.04143987442902,0.7672753934872827,0.8761766332283971
all,random,500,8,390000,97488,97488,32.02178088867619,16.981969425955405,0.7937136305740784,11.54580131340407,48.452807910118395,96.35447311852576,0.4856293138713861,0.6973219145163773
spco2_le_threshold,random,500,8,390000,97488,97474,26.295509856964156,16.802947125036702,0.9752890180880974,11.542257133329713,48.40533652264482,95.81158234770434,0.5815094358253424,0.7631266077339355
all,random,1000,8,390000,97488,97488,28.956238082292234,13.761250935679467,0.4313388508457815,9.203359944377723,38.178106213821906,78.50828721508938,0.5793997515727649,0.7620043090790106
spco2_le_threshold,random,1000,8,390000,97488,97474,22.496087387594812,13.582328962970225,0.6122992774710545,9.199823745557893,38.13718040077652,77.8512481407173,0.6937074319735026,0.8337267945148268
all,random,2500,8,390000,97488,97488,36.64171115373117,14.191167629927854,1.5801283599987972,7.883828359493521,37.47777434980616,144.39612032203564,0.3265013322667548,0.6460286050583929
spco2_le_threshold,random,2500,8,390000,97488,97474,33.761812535019516,14.060212824692105,1.710419223301352,7.88272228911481,37.43066243608292,141.64049249672854,0.31011931408967597,0.6654422129386544
all,random,5000,8,390000,97488,97488,30.112919818745404,11.686263688408213,-0.020834109368032566,7.20477382910974,30.3582486733525,73.11245579491835,0.5451261372705215,0.7514120814280432
spco2_le_threshold,random,5000,8,390000,97488,97474,26.215215524225872,11.550518374284882,0.11330432505558913,7.2039894090736425,30.30542406678207,72.44800878726464,0.5840612872752513,0.7857423647770194
all,historical_density,500,8,390000,97488,97488,39.543910135126694,21.18210918209266,-3.7199075059045645,13.72434434229757,65.45892380310337,124.66267676695712,0.21558756768708032,0.5571596703798577
spco2_le_threshold,historical_density,500,8,390000,97488,97474,34.11677245491018,20.980537977522705,-3.515828239456909,13.721912228089991,65.4251911341239,124.29827345216422,0.2955367270818189,0.6300683093117053
all,historical_density,1000,8,390000,97488,97488,37.18395410851267,18.35514792196896,-4.691612815271496,11.181108370691646,58.47642253377947,118.20303701981057,0.30642027685656315,0.6119593481274923
spco2_le_threshold,historical_density,1000,8,390000,97488,97474,31.41201264078213,18.1549686063352,-4.489471032810747,11.179511106669906,58.414838248440304,117.71765417147604,0.4028079668180754,0.6890651675589374
all,historical_density,2500,8,390000,97488,97488,36.60540571002342,16.910017051912956,-5.504827444692823,9.53301802259503,57.50407695567328,120.91127444293667,0.32783530677633765,0.640329445364
spco2_le_threshold,historical_density,2500,8,390000,97488,97474,30.735635739635423,16.709853128202063,-5.303025415902616,9.53181023056564,57.42573083332039,120.38708340802732,0.4282490703823263,0.7190237897402697
all,historical_density,5000,8,390000,97488,97488,36.40419553114286,16.667636923004153,-5.6845507492603025,9.036913948154876,60.89782157953539,128.98356369728828,0.33520441900775,0.6552800759849334
spco2_le_threshold,historical_density,5000,8,390000,97488,97474,30.704103671496544,16.472249911358155,-5.487586258425676,9.035438125631458,60.78485814552453,128.43103864769736,0.4294216012906805,0.731179134168934
all,spatial_coverage,500,8,390000,97488,97488,53.4091998146181,27.238226757725222,5.480607251958944,15.704263675523606,92.17426329343641,195.40536403739975,-0.4309267085597499,0.40413905881067036
spco2_le_threshold,spatial_coverage,500,8,390000,97488,97474,51.28723977336693,27.095744081788382,5.62421574399653,15.701731114030196,91.9909249805435,194.64168245182634,-0.5919929168486642,0.4123170001636021
all,spatial_coverage,1000,8,390000,97488,97488,34.894348573847346,16.505598133035978,2.6175143121917563,10.121958842559565,48.34692818486652,105.08291650922038,0.38920505032402586,0.6611853436277788
spco2_le_threshold,spatial_coverage,1000,8,390000,97488,97474,31.350616691238113,16.358550274585795,2.7666138997736605,10.120071390730743,48.25800706150663,104.34050422136579,0.4051401535921998,0.6912880093449645
all,spatial_coverage,2500,8,390000,97488,97488,28.588037180404026,12.644907531198141,0.8425840219568549,8.214028441772172,34.484243640588815,75.5393874838862,0.59002825752165,0.7706851559535176
spco2_le_threshold,spatial_coverage,2500,8,390000,97488,97474,23.83034046829017,12.49512361418385,0.9943051210068105,8.212106569143714,34.4445798372355,75.09589757167458,0.6562972770768805,0.815654570424221
all,spatial_coverage,5000,8,390000,97488,97488,25.65574880591171,11.566869952890348,0.7403086474486331,7.62136840685838,30.93161430903924,69.49699271796257,0.6698170549832569,0.8201035758469455
spco2_le_threshold,spatial_coverage,5000,8,390000,97488,97474,21.88734047843071,11.438919210833266,0.8621478062441397,7.6195498136363256,30.884432228881337,69.03503642161922,0.7100597787534573,0.8477706341933046
all,random,500,9,390000,97488,97488,31.283712937242182,16.166919188896557,0.19513734593991572,11.172819384177075,45.30087425669656,83.50382428078834,0.5090674458756361,0.713673651583202
spco2_le_threshold,random,500,9,390000,97488,97474,25.00396764778949,15.981061390043394,0.3833451949755631,11.171518280473578,45.23017911922483,82.8152035188483,0.6216094036433283,0.7885769819247991
all,random,1000,9,390000,97488,97488,29.291795738235983,13.39344359293901,0.8202104976584197,8.746701336231496,37.81684176571919,77.30249630588638,0.5695950660312793,0.7550372360932693
spco2_le_threshold,random,1000,9,390000,97488,97474,22.540094313658958,13.208140612834521,1.007554957103744,8.744854572947787,37.76786485739634,76.68444374546826,0.6925079186544941,0.8326015594734517
all,random,2500,9,390000,97488,97488,27.106008308542624,11.220883107766802,-0.5068549664749863,7.315646749227511,31.82311706647058,66.06462470200819,0.6314330561513974,0.7950651202039224
spco2_le_threshold,random,2500,9,390000,97488,97474,19.406851552168188,11.033005395802764,-0.3174384196013496,7.313995985222988,31.776535705736947,65.71580297400664,0.7720536481304321,0.879294918540903
all,random,5000,9,390000,97488,97488,25.337476966904358,10.230934607855188,-0.23700006616453537,6.753413539354398,28.511271645083237,59.67521532045219,0.6779583960031133,0.8246650185266577
spco2_le_threshold,random,5000,9,390000,97488,97474,17.52561946314112,10.050181977170958,-0.05481202620620722,6.7523883525688575,28.471057925543143,59.18909168983492,0.8141043473902281,0.9035533810472638
all,historical_density,500,9,390000,97488,97488,39.480668872938104,22.356602654619593,-1.8344159977581893,14.809766019461136,67.83853731223329,110.0271215705247,0.21809453093512332,0.5648848222940237
spco2_le_threshold,historical_density,500,9,390000,97488,97474,34.259254920761855,22.160456956786856,-1.6353227383890794,14.807634308999042,67.79104141400283,109.36964797875726,0.28964031583754213,0.6337648957705645
all,historical_density,1000,9,390000,97488,97488,35.719529435784224,17.794885000567938,-3.338692636582986,11.01834555462824,54.78909040210647,119.1239644350052,0.35997534364402684,0.6520885182252433
spco2_le_threshold,historical_density,1000,9,390000,97488,97474,29.834177269422973,17.598545080127177,-3.1402764015034963,11.015900759270579,54.742714656843766,118.56703215341442,0.4612954916610714,0.7294427181579073
all,historical_density,2500,9,390000,97488,97488,36.32104504469247,16.90622415602354,-4.984059568315383,9.496862861521322,58.722299734669,121.70038333411462,0.33823785760310277,0.6496838451280595
spco2_le_threshold,historical_density,2500,9,390000,97488,97474,30.463639504827825,16.70788848738082,-4.784011542487894,9.494623816483426,58.582484344779544,121.02893432661176,0.43832375940443835,0.7278762310657074
all,historical_density,5000,9,390000,97488,97488,36.112011161314975,16.17060927378677,-5.5611932498995325,8.789242915704307,57.91388929681671,124.6520006055454,0.3458330494138041,0.6556539590322881
spco2_le_threshold,historical_density,5000,9,390000,97488,97474,30.241141903587362,15.972860199574418,-5.361920366011429,8.788137806265865,57.69002598116173,124.00492093269023,0.44649843846331316,0.7338860321980486
all,spatial_coverage,500,9,390000,97488,97488,31.044737429838214,16.392869555194906,-0.5742606022986152,11.004491523230627,47.24249390505374,88.16402891251155,0.5165392412409547,0.7188258590008434
spco2_le_threshold,spatial_coverage,500,9,390000,97488,97474,25.05965830582488,16.21257110528892,-0.39169015652357203,11.00262519560124,47.18532503892534,87.71985978831013,0.6199219683479424,0.7874243277793275
all,spatial_coverage,1000,9,390000,97488,97488,28.952767201281326,14.17623871681417,-0.9046518897682947,9.308369834724175,41.874319981635715,79.58146170193051,0.5795005772337218,0.7615192247816561
spco2_le_threshold,spatial_coverage,1000,9,390000,97488,97474,22.431019003261998,13.996834956179516,-0.7233419570715665,9.307257900278529,41.822272002407765,79.14109723952461,0.6954767298224427,0.8341475827174791
all,spatial_coverage,2500,9,390000,97488,97488,25.756893105330175,11.918352873568288,0.09805985315308074,8.136937222256648,33.498333106470284,62.81682227621041,0.6672085205185693,0.8171861509561832
spco2_le_threshold,spatial_coverage,2500,9,390000,97488,97474,18.892228347408587,11.750559230784456,0.2675793897975767,8.135257938605804,33.46616547720591,62.3096965554684,0.7839825422511844,0.8855791722596353
all,spatial_coverage,5000,9,390000,97488,97488,24.21674819476102,11.02707329476199,0.4207659306236557,7.577463337012176,30.383478883191014,58.82376815667144,0.7058174560024496,0.8408816963522229
spco2_le_threshold,spatial_coverage,5000,9,390000,97488,97474,17.656274129931003,10.871262342655154,0.5782211134910562,7.575883463671175,30.336463399665455,58.3873984127563,0.8113222865979677,0.9010125788919341
all,random,500,10,390000,97488,97488,33.980655844079465,17.520559092476628,1.2380395850457633,11.068361433603627,51.893887544198854,114.73805042228746,0.420773049475454,0.6522512277622962
spco2_le_threshold,random,500,10,390000,97488,97474,28.79881199939018,17.34501230855594,1.4162806298102217,11.066976949741388,51.844622916577045,114.0890838171636,0.49803709528654916,0.7104787626886881
all,random,1000,10,390000,97488,97488,31.47046337224695,14.702539849118375,1.7120405011464197,8.9662780705724,43.74587278256115,99.66252795729268,0.5031886348108077,0.7111618291051985
spco2_le_threshold,random,1000,10,390000,97488,97474,26.052475908922265,14.53114909757214,1.8857888467680377,8.965415732163507,43.673152825577965,98.64581634080818,0.5892094122581852,0.7704066970849031
all,random,2500,10,390000,97488,97488,28.973139693271158,12.025081206306227,0.8736728800688315,7.300276224450016,34.15936142981036,82.07812366274105,0.5789086037621853,0.7611123295427058
spco2_le_threshold,random,2500,10,390000,97488,97474,23.198616031198224,11.85658381906165,1.0440228901380544,7.299917204138438,34.11057893082461,81.46940928886183,0.6742783456769657,0.8216740004144774
all,random,5000,10,390000,97488,97488,25.599238983845922,10.646248330954258,0.2774211619575901,6.919176285315217,29.007134959075408,71.73989392908867,0.6712699870920535,0.8200267033935368
spco2_le_threshold,random,5000,10,390000,97488,97474,18.871856875968337,10.479622317099452,0.4456161210993523,6.917854292580984,28.970954709215782,71.0319304229637,0.7844481539103723,0.8860709070245403
all,historical_density,500,10,390000,97488,97488,39.65618316701931,21.90211154809982,-2.4737623403008806,14.653650015444981,66.59821001345311,120.34331277905584,0.21112703844081482,0.5654953460904216
spco2_le_threshold,historical_density,500,10,390000,97488,97474,34.30465825477855,21.702787558374087,-2.271647894772476,14.650850556408898,66.50531727880549,119.89034925203586,0.2877562077259025,0.6374520333889827
all,historical_density,1000,10,390000,97488,97488,39.63855497731379,20.258079881632725,-2.8794331915568274,12.316908455873147,67.6691029345912,133.46105360549348,0.21182823105359228,0.5842545972229306
spco2_le_threshold,historical_density,1000,10,390000,97488,97474,34.23971390851319,20.056989329852236,-2.6758465787378967,12.31458949542332,67.55868304959999,132.3776205230507,0.2904504437000789,0.6579993288974186
all,historical_density,2500,10,390000,97488,97488,36.763319044294505,17.33787988136386,-4.609237514378887,9.937138765498759,58.32600483156132,115.73393789274297,0.32202344841984387,0.6343284308665572
spco2_le_threshold,historical_density,2500,10,390000,97488,97474,30.875342451706956,17.13669820850147,-4.406227651505442,9.93543909155963,58.2342149056801,114.79336756020224,0.42303954864792426,0.7134298721979344
all,historical_density,5000,10,390000,97488,97488,36.36316217545258,16.5094377681693,-5.595935039457836,8.965165076703755,59.18105129883541,126.79306615256877,0.3367022364628509,0.6521294754455906
spco2_le_threshold,historical_density,5000,10,390000,97488,97474,30.5801086140192,16.312148938358337,-5.397078724592375,8.962765757845204,59.06711515802129,126.2401219939099,0.43402072891036003,0.7292307175294315
all,spatial_coverage,500,10,390000,97488,97488,34.41195636863982,19.068417449689328,2.85946396762332,12.827651671344597,55.95064688070049,100.97515056738152,0.40597602387224463,0.6437163264577256
spco2_le_threshold,spatial_coverage,500,10,390000,97488,97474,29.39523308811743,18.894016324872815,3.0370145511656714,12.82564022507259,55.90247707182606,100.25938903715834,0.47703057994069,0.6992241013862583
all,spatial_coverage,1000,10,390000,97488,97488,30.112522577779725,15.05298447872138,0.5363534782562756,9.913353757769158,43.736191193525094,84.31030292580968,0.5451381383213492,0.7384354822746904
spco2_le_threshold,spatial_coverage,1000,10,390000,97488,97474,24.141227410854516,14.876789305298477,0.714787717803454,9.912239090659654,43.678138925860786,83.97355384844587,0.6472709955880828,0.8047325265123292
all,spatial_coverage,2500,10,390000,97488,97488,25.43999938082034,11.785032671214186,0.3067681900280521,7.884597065646915,33.51576565843195,62.03620188370202,0.6753469852805871,0.8227551217462947
spco2_le_threshold,spatial_coverage,2500,10,390000,97488,97474,19.031256670746092,11.623649544961523,0.46988803799171114,7.883131454026852,33.47082219270389,61.6208582288206,0.7807914893497331,0.88405403166847
all,spatial_coverage,5000,10,390000,97488,97488,25.09928603364776,11.381522608710815,-0.1798850895499301,7.637205556790292,32.28556470924929,59.71900909860977,0.683984792186034,0.8276550007157304
spco2_le_threshold,spatial_coverage,5000,10,390000,97488,97474,18.481209613537175,11.219141081833854,-0.015894693381992668,7.635792294061048,32.2614489794827,59.3400491401779,0.793279634615256,0.8908462614441859
all,random,500,11,390000,97488,97488,33.519327669560894,17.38897087596237,-0.5799492607516238,11.442999375551778,50.771342497108016,102.4661927849708,0.4363936919703939,0.6624235348646391
spco2_le_threshold,random,500,11,390000,97488,97474,27.738978843761753,17.202778004498,-0.39134214238436155,11.442264266112716,50.700311581457825,101.91537578760422,0.5343030249532097,0.7325310329354364
all,random,1000,11,390000,97488,97488,43.70625887496822,18.142573511677003,2.714465427452654,9.706359792743228,55.70706657677152,144.6021254467887,0.04176392949641772,0.5366294246679068
spco2_le_threshold,random,1000,11,390000,97488,97474,40.091223633115874,17.983005491376453,2.877029103468037,9.704523528388847,55.564843992992984,143.70365379446702,0.027205510993821735,0.5777587452769947
all,random,2500,11,390000,97488,97488,36.39069620320224,14.023797937366425,1.6770143232076051,8.106400324022133,38.243209384055305,102.80970096220368,0.33569736381897086,0.6518492669405345
spco2_le_threshold,random,2500,11,390000,97488,97474,32.00653551563594,13.868275272341895,1.8347920651926373,8.105052524690535,38.18951805094302,101.94876423177982,0.3799884027854896,0.7025281469806863
all,random,5000,11,390000,97488,97488,30.036805886590123,12.189787246453376,0.9183533634138104,7.435011364774965,33.97220969685262,87.86080061100773,0.5474227250908783,0.7501462641767341
spco2_le_threshold,random,5000,11,390000,97488,97474,25.07375577131182,12.040101272576807,1.0699220338919142,7.4342869112581695,33.93211484786023,87.1936837331669,0.6194942175785858,0.8018217978336204
all,historical_density,500,11,390000,97488,97488,40.362225639120055,21.212996827628142,-2.68464899401134,13.42472696825476,68.63758560888539,135.0784482947464,0.18278663781788584,0.555775903691774
spco2_le_threshold,historical_density,500,11,390000,97488,97474,35.03686898833526,21.011199163064735,-2.480190139082599,13.422326705329311,68.4857099796015,134.66125961036337,0.25702695692500166,0.6281330179467854
all,historical_density,1000,11,390000,97488,97488,38.38230029466134,18.795388848917288,-3.7615868390800133,11.293061896823076,60.13302186842337,136.09415522409526,0.26099522399769826,0.6102519831737654
spco2_le_threshold,historical_density,1000,11,390000,97488,97474,32.75577436052023,18.593792527053456,-3.557831241633586,11.29123672082585,60.064690067069456,135.504996786309,0.3506210301265684,0.686989795112005
all,historical_density,2500,11,390000,97488,97488,36.15312861223703,16.669747391685256,-4.346656487367933,9.74366499279924,55.59816602451603,121.6667570151376,0.34434252093947193,0.6497759417718211
spco2_le_threshold,historical_density,2500,11,390000,97488,97474,30.18542170229926,16.46980555177454,-4.144944706009646,9.741585459946464,55.49282888621309,121.28519534226828,0.44853624547406024,0.7295259936134234
all,historical_density,5000,11,390000,97488,97488,35.23434595163875,15.71755896454503,-5.045832146768523,8.70848219475667,54.54403799313481,119.54546754446535,0.3772443511014949,0.6640870497365353
spco2_le_threshold,historical_density,5000,11,390000,97488,97474,29.14198712010651,15.518873960195874,-4.84561438316614,8.70677009432029,54.488209469467954,119.11854049077863,0.48600274207161,0.7444539376396627
all,spatial_coverage,500,11,390000,97488,97488,31.681451216020847,16.995712904574614,-0.6173813124859251,11.877525598858853,47.99479872176265,87.02127060966846,0.4965047462134351,0.7053034563669656
spco2_le_threshold,spatial_coverage,500,11,390000,97488,97474,25.741922018337313,16.814021569647227,-0.4333375898214086,11.875880509640268,47.94477684452466,86.73414255904551,0.5989445531625279,0.7745720160619611
all,spatial_coverage,1000,11,390000,97488,97488,30.00076024226259,14.949176281753102,1.2317908203189152,9.916710397561928,43.12358730227516,88.44598325033559,0.5485083033030761,0.7415513915476324
spco2_le_threshold,spatial_coverage,1000,11,390000,97488,97474,24.089646441677807,14.775955381922536,1.4073357608108767,9.9146804854918,43.07873975720619,87.81041750067165,0.6487766909302274,0.8069579938045747
all,spatial_coverage,2500,11,390000,97488,97488,28.47338143764756,12.866058371209533,0.2653868375935019,8.283631777842771,36.20574734234709,75.40953241516252,0.5933101445240254,0.7720810778736926
spco2_le_threshold,spatial_coverage,2500,11,390000,97488,97474,23.21043871862341,12.71556113387725,0.41777011872129405,8.2829980007821,36.13063185299849,75.04719465196484,0.6739462666798391,0.8244804879225054
all,spatial_coverage,5000,11,390000,97488,97488,27.36840801568283,11.667592844601158,-0.015543534231885826,7.627108837307588,31.30984464924494,72.29511110737697,0.6242626925492519,0.7942893021071559
spco2_le_threshold,spatial_coverage,5000,11,390000,97488,97474,22.662010292949205,11.534652479031047,0.11758792370068118,7.62478002946952,31.28006085709101,71.90000090769914,0.6891725659527312,0.8378952260390948
all,random,500,12,390000,97488,97488,31.831855692491043,15.603288925712503,0.05243745975057269,10.164492519611002,45.28078436819997,93.00318454236778,0.4917128132372026,0.7012793273759617
spco2_le_threshold,random,500,12,390000,97488,97474,25.833188944569326,15.41940419666891,0.2385707901585937,10.162467597827458,45.224296401655955,92.21870782546594,0.5960956605860754,0.7721821221946364
all,random,1000,12,390000,97488,97488,30.024866835077567,13.65382396121854,-0.6937643947979262,8.482238267212466,40.36621927935599,85.06599725045712,0.5477824350784524,0.7403117831252536
spco2_le_threshold,random,1000,12,390000,97488,97474,23.693863916114623,13.471915735508098,-0.5099947410766319,8.479996499301393,40.31147164384289,84.42125821280695,0.6602227806371892,0.8126616152745723
all,random,2500,12,390000,97488,97488,26.604775307400292,11.483650505583341,-0.648240101527752,7.511760483799975,32.80729241552853,65.47578739642158,0.6449378013031212,0.8037648860222876
spco2_le_threshold,random,2500,12,390000,97488,97474,19.211194700522952,11.302183731779506,-0.4652170589172941,7.51054721571947,32.775049589195824,65.0101329741641,0.7766267180084188,0.8819163837763948
all,random,5000,12,390000,97488,97488,24.923120922650618,10.145527149561321,-0.1240757458576617,6.7373364248272765,27.87111683077538,57.9912054253014,0.6884052752819125,0.8308898604564918
spco2_le_threshold,random,5000,12,390000,97488,97474,17.238188898465957,9.968868284807101,0.05402248036373712,6.7359297560872164,27.840135625166194,57.7370116660408,0.8201519434243594,0.9066396324952941
all,historical_density,500,12,390000,97488,97488,40.89588346392628,21.944351522739016,-5.454089935900598,13.739351495459886,70.87332763836532,134.78671792111066,0.16103385414389937,0.5539683909574444
spco2_le_threshold,historical_density,500,12,390000,97488,97474,35.74294090306301,21.745015698676657,-5.252385647814845,13.736956481945725,70.66463595413582,134.12557040034142,0.22678006133829332,0.6236936574094194
all,historical_density,1000,12,390000,97488,97488,37.920034774904344,18.748992106109416,-4.067800336229745,11.51810439654642,58.915465405310236,130.64907588020498,0.2786887576671926,0.6066314533148839
spco2_le_threshold,historical_density,1000,12,390000,97488,97474,32.18492620178627,18.547196684317147,-3.8638962835740855,11.516197367626091,58.798203730064714,130.21307976259135,0.373057785467238,0.6843229779328516
all,historical_density,2500,12,390000,97488,97488,37.48251327617924,17.089278994962108,-5.53830296642,9.701175311187967,57.07460246276087,125.04681250870539,0.2952377161862436,0.6318632648164966
spco2_le_threshold,historical_density,2500,12,390000,97488,97474,31.688742846921418,16.886921977122963,-5.334286904482948,9.699893323612201,56.89271305701212,124.55483987779363,0.3922394606826185,0.7107038110652936
all,historical_density,5000,12,390000,97488,97488,35.53843151659739,15.457757636963331,-5.0293321487262705,8.437688852787943,52.170972800627176,127.54258420320814,0.3664487385006413,0.662983348487151
spco2_le_threshold,historical_density,5000,12,390000,97488,97474,29.467820240076005,15.258243290744621,-4.828319988148497,8.436512946329259,52.05001235006889,126.92431040384638,0.47444460077891526,0.743634030758754
all,spatial_coverage,500,12,390000,97488,97488,30.78019085614631,16.399946781017412,-2.1278787651866606,11.655522672756263,44.394190260850415,82.7970331980337,0.5247437202764648,0.7259593833624971
spco2_le_threshold,spatial_coverage,500,12,390000,97488,97474,24.503106136598685,16.216105647274023,-1.9419877622245951,11.652533428806208,44.35420690913346,82.29095327742253,0.636616870574427,0.7993192072995464
all,spatial_coverage,1000,12,390000,97488,97488,28.256952719472128,13.661507288593018,-0.7974603999020865,9.229251248983331,39.39496102819215,72.83923268691574,0.5994692192921073,0.7744640352753536
spco2_le_threshold,spatial_coverage,1000,12,390000,97488,97474,21.36375549627257,13.4792391792438,-0.6133446526551536,9.227126262035029,39.34249972142322,72.48874859995563,0.7237656540639814,0.8508818581666057
all,spatial_coverage,2500,12,390000,97488,97488,26.32285579002462,12.212388831382743,0.23301189567264446,8.296916918598782,34.144854014058936,67.3959940703991,0.6524228192683473,0.8079182286621247
spco2_le_threshold,spatial_coverage,2500,12,390000,97488,97474,19.420140091823257,12.040767235307632,0.40642100031597633,8.295158152291378,34.107792338472635,67.06184901309672,0.7717413758194295,0.8786024704060885
all,spatial_coverage,5000,12,390000,97488,97488,24.363489437746743,10.78846565256301,-0.029191857130911412,7.470663000257389,29.58491878818313,56.92111920689232,0.7022414595803717,0.8389001832568849
spco2_le_threshold,spatial_coverage,5000,12,390000,97488,97474,17.103361274724232,10.620768200246202,0.1400509286403162,7.469751267551715,29.531681001078173,56.65215821418147,0.8229542861867362,0.9076596688159758
all,random,500,13,390000,97488,97488,32.7910741426105,17.21938182127359,-0.009615009862843919,11.07974147048489,53.181409136790236,101.39909198033466,0.4606178953149821,0.6788014996992502
spco2_le_threshold,random,500,13,390000,97488,97474,27.154506192968277,17.03903247232958,0.17320614423289696,11.077376399517277,53.0962268173045,100.99681705457458,0.5537211581684532,0.744286702616996
all,random,1000,13,390000,97488,97488,29.459828468424895,13.643044490005115,0.4313650768641117,8.554611634268156,40.65207191929054,83.66189945072044,0.5646428565372685,0.7515119076773042
spco2_le_threshold,random,1000,13,390000,97488,97474,22.844174451300173,13.459925415683967,0.6165056311074533,8.551852548334864,40.608072556981405,82.9628251314972,0.68415543039348,0.8273177708875583
all,random,2500,13,390000,97488,97488,27.219805675300204,11.239061758010296,-0.707970787462939,7.22874791974931,31.93909585129327,69.2015439331694,0.6283318995176603,0.7928336792580879
spco2_le_threshold,random,2500,13,390000,97488,97474,19.58586711114318,11.05229642690075,-0.5196928963518762,7.227287052048467,31.901656495022287,68.70023041683511,0.7678289393872174,0.8763822393964193
all,random,5000,13,390000,97488,97488,25.27000877048953,10.631136017164252,-0.14273504090719497,6.977279820508528,29.672646376385757,63.76551859955751,0.6796711662466857,0.8253731441734719
spco2_le_threshold,random,5000,13,390000,97488,97474,17.964427590569517,10.459222270041872,0.030685134736304232,6.976443060371139,29.624599689541853,63.48971082243728,0.8046788621808885,0.8977188136528413
all,historical_density,500,13,390000,97488,97488,39.362477380969054,21.698875694223382,-2.315706250370212,14.251615511966833,66.28188615476373,121.03664631364984,0.22276903356831212,0.5712078041867662
spco2_le_threshold,historical_density,500,13,390000,97488,97474,34.033122259129165,21.50053519919168,-2.1145817886169853,14.249145886883326,66.20225058917364,120.67097036766802,0.29898700937422296,0.6423779511047247
all,historical_density,1000,13,390000,97488,97488,37.07038083947005,18.95570707212361,-2.0166497683336178,11.981118675374347,59.42801255065662,116.55777349100524,0.31065069393251765,0.6260351783622107
spco2_le_threshold,historical_density,1000,13,390000,97488,97474,31.58207730473039,18.76095195410527,-1.8194617266407282,11.979090096771927,59.32888521591235,115.69496334373788,0.3963240658988878,0.6980573292779194
all,historical_density,2500,13,390000,97488,97488,36.26517145124627,17.389514819268534,-4.642127458560628,10.125767784288882,58.04031812886032,126.80248013908177,0.34027230286975907,0.6507928350757529
spco2_le_threshold,historical_density,2500,13,390000,97488,97474,30.521694257835172,17.193645412982434,-4.444427169956678,10.124546222775336,57.90919362522216,126.262226475783,0.43618093953378245,0.7268688418090211
all,historical_density,5000,13,390000,97488,97488,35.085443388050855,16.18963223530946,-5.1666803867704765,8.84753968099784,59.30302831730937,115.09810401951717,0.38249683806483203,0.6725838738018278
spco2_le_threshold,historical_density,5000,13,390000,97488,97474,29.25763509654035,15.996284091150606,-4.971749037594085,8.846210069909574,59.19455240876132,114.42824418325878,0.4819151217079314,0.74832271896673
all,spatial_coverage,500,13,390000,97488,97488,34.43737754031845,18.318923648180288,2.6890773496069893,11.70057306482579,53.90719459253143,118.69045368342141,0.4050980520984737,0.6435759322982916
spco2_le_threshold,spatial_coverage,500,13,390000,97488,97474,29.676441224008375,18.15088946264996,2.8601288732374166,11.698909421434365,53.83007117761531,117.69552987885453,0.4669767938582806,0.693373181654215
all,spatial_coverage,1000,13,390000,97488,97488,33.95656623782121,16.509286088493443,2.11567360736929,10.386024244351404,47.01382633292719,106.4506388835362,0.421594010867371,0.673976205242374
spco2_le_threshold,spatial_coverage,1000,13,390000,97488,97474,29.785876868083207,16.35751053588279,2.270124226518119,10.384183047887149,46.97446755749862,105.68560346100197,0.4630383640260929,0.7150021067570893
all,spatial_coverage,2500,13,390000,97488,97488,32.50924561346125,13.256356606118382,1.1064585031079068,8.31905161826424,35.07542736495322,82.16609454927223,0.46984967665108424,0.7166946513989001
spco2_le_threshold,spatial_coverage,2500,13,390000,97488,97474,28.852009782328224,13.119503378273949,1.238295105282269,8.317314224182041,35.03144294618702,81.64879703222026,0.49618090919698454,0.7494172428149135
all,spatial_coverage,5000,13,390000,97488,97488,26.409531511561685,11.502521325047779,0.46142130619800176,7.425972801902475,30.929688148430316,68.24714354086164,0.6501300510867332,0.8083018522572455
spco2_le_threshold,spatial_coverage,5000,13,390000,97488,97474,22.68715837425944,11.374952614824917,0.5834016979019068,7.4245540915256925,30.892111608349918,67.55776878094042,0.6884823314505255,0.8355770910468189
all,random,500,14,390000,97488,97488,31.51258940608998,16.27888561208766,0.04262691116269993,11.082613624498805,46.18589816778335,87.5722996141748,0.5018576915958668,0.709036009549085
spco2_le_threshold,random,500,14,390000,97488,97474,25.45558505758399,16.095605786658716,0.22825096351703603,11.080449499048456,46.12075168071926,87.16599485179354,0.607817108239646,0.780387397485109
all,random,1000,14,390000,97488,97488,29.606078836219258,13.544223024268184,-1.2032486518006487,8.644293925927172,39.437438382294104,84.1594610115968,0.5603095531763029,0.7490817141462384
spco2_le_threshold,random,1000,14,390000,97488,97474,22.891895486698772,13.358118920023216,-1.0153720375405537,8.642757976829785,39.38461382016491,83.53255140353946,0.6828344657926348,0.8268397167044571
all,random,2500,14,390000,97488,97488,27.024243682519415,11.12515478210591,-1.1959238304967588,7.213773818443087,30.884397564715048,66.3175779334166,0.6336532492627319,0.7966742114359873
spco2_le_threshold,random,2500,14,390000,97488,97474,19.33835712355372,10.937485132955029,-1.0068280653218862,7.212387482753826,30.839452075313808,65.96414821119738,0.7736598337367205,0.8802804609060725
all,random,5000,14,390000,97488,97488,25.817549940434226,10.138517187426162,-0.759803067444752,6.63529230660356,28.399858771365377,58.90235426314943,0.6656392437688443,0.8166132039029369
spco2_le_threshold,random,5000,14,390000,97488,97474,17.7529307196769,9.952364885449537,-0.5723037191000719,6.634122671841737,28.369922375618046,58.199301850103694,0.8092508572698767,0.9004545968238253
all,historical_density,500,14,390000,97488,97488,38.319705590681565,20.82299778598452,-3.0247551277865368,13.748745156278062,60.81171381259632,114.16876711997995,0.26340362921204075,0.590799768198606
spco2_le_threshold,historical_density,500,14,390000,97488,97474,32.7643325196789,20.623066977403685,-2.82226799241892,13.745880570865864,60.72713774569794,113.52096946359332,0.3502816570117866,0.665213703548905
all,historical_density,1000,14,390000,97488,97488,36.99412081339571,18.624942146134085,-3.3210026940192834,11.575161086317308,58.622838353631,122.83725958320947,0.31348399223682766,0.6280087091990242
spco2_le_threshold,historical_density,1000,14,390000,97488,97474,31.285805656608822,18.427036708622857,-3.1208991816129084,11.573138513191338,58.47187647441671,122.22957359232785,0.4075971152358071,0.7040611513457626
all,historical_density,2500,14,390000,97488,97488,34.6727206486137,16.61262647875,-3.3407901675359186,10.106772149567007,51.362729576771436,114.21279759967452,0.3969392153684683,0.6681547535119334
spco2_le_threshold,historical_density,2500,14,390000,97488,97474,28.668338053031317,16.417780456606252,-3.144037937497174,10.104160381546365,51.200057663723115,113.78972050063923,0.5025751103857309,0.74569117247143
all,historical_density,5000,14,390000,97488,97488,35.37797111640931,16.170440925738845,-5.731888495930835,8.873669324028015,58.79988825541144,116.86512127051775,0.37215694683537415,0.6696585102347977
spco2_le_threshold,historical_density,5000,14,390000,97488,97474,29.53071201416657,15.975275193549118,-5.535223494869231,8.871335235594728,58.70673255128768,116.3502218437767,0.47219887082562906,0.7463404458576135
all,spatial_coverage,500,14,390000,97488,97488,32.51733749061771,17.349470377830187,-0.24326770943526158,11.490771646997928,50.37478558470215,102.54124248266166,0.4695857243439173,0.688333730941964
spco2_le_threshold,spatial_coverage,500,14,390000,97488,97474,27.034752977831108,17.174103710723458,-0.0654441118921358,11.488169438359364,50.26286955454451,102.18805933498088,0.5576487185836893,0.7506488672583963
all,spatial_coverage,1000,14,390000,97488,97488,32.75755917698034,16.095435468328482,1.6551761634788031,9.74641098941811,49.058549927203366,105.84274743337207,0.4617199107230928,0.69614061935613
spco2_le_threshold,spatial_coverage,1000,14,390000,97488,97474,27.97090955793593,15.933352673840423,1.8198084436024744,9.744551859573164,48.98970937689336,105.33594984302478,0.5264829118909808,0.7479789371454179
all,spatial_coverage,2500,14,390000,97488,97488,28.25330516860951,12.774128255870453,0.628966717335335,8.165492086049909,36.04168966470878,77.397788360582,0.5995726177098591,0.7770561517353155
spco2_le_threshold,spatial_coverage,2500,14,390000,97488,97474,24.24870206969517,12.643277704333006,0.758432498031105,8.163440784952371,35.98780959140141,76.77181689972984,0.644123366553476,0.8093316766350493
all,spatial_coverage,5000,14,390000,97488,97488,24.67888764288708,11.223165705690485,0.03257059062109712,7.399246693242702,31.236282909058765,63.742713494215685,0.6944822768978662,0.8334007015915037
spco2_le_threshold,spatial_coverage,5000,14,390000,97488,97474,19.676983885704647,11.089718421042118,0.16477803177838743,7.398785328251023,31.213332640808286,63.46576487107136,0.7656637163063018,0.8752573322222859
all,random,500,15,390000,97488,97488,35.203855222372944,17.931290114669032,0.8215252536498896,11.247690130669412,55.02238766059588,117.67717577110581,0.37832171226373,0.6213076082172402
spco2_le_threshold,random,500,15,390000,97488,97474,29.606517018689846,17.742481448357488,1.0130273501598077,11.24610835469278,54.95546793491091,117.34517830152564,0.46948567383043793,0.6909296528236797
all,random,1000,15,390000,97488,97488,30.151963089932313,14.280528450665193,0.5601896396502161,9.038869978356871,41.858334250254416,89.8853826972018,0.543945828153789,0.7376438931816774
spco2_le_threshold,random,1000,15,390000,97488,97474,23.64076051813527,14.096018986080598,0.7468306475516364,9.036808557515172,41.8023705628366,89.27396138615671,0.661744111674428,0.8137231927124576
all,random,2500,15,390000,97488,97488,27.578133361609325,11.78779208134584,-0.2695590056553551,7.646528010996235,33.640452424760724,68.71261868991388,0.6184820445125083,0.7864848759953358
spco2_le_threshold,random,2500,15,390000,97488,97474,20.163550446787706,11.602331937059182,-0.08244452007707267,7.645746476688828,33.591285176147444,68.33508470357108,0.7539312344351401,0.8683736571384234
all,random,5000,15,390000,97488,97488,27.52198364948464,11.322253595703986,0.1949693106468648,7.184531439302333,31.05196174460069,72.86322953009866,0.620034021589646,0.7886331207977247
spco2_le_threshold,random,5000,15,390000,97488,97474,21.77880042833,11.163248257605657,0.35562884494816777,7.183440518399948,31.017211553296406,72.00880668188735,0.7129282949598583,0.8469074007245273
all,historical_density,500,15,390000,97488,97488,42.58826220312026,23.115643212297655,-4.410112770859774,14.585997238702106,77.17538786461466,139.34413728701247,0.09015987519710733,0.5401616398346908
spco2_le_threshold,historical_density,500,15,390000,97488,97474,37.62319149997227,22.915013466703243,-4.206796386508571,14.58215279362605,76.93354995873861,138.4053016244364,0.14329018096733814,0.6085261538677201
all,historical_density,1000,15,390000,97488,97488,40.201618712371626,19.92705530668189,-4.849137940580285,11.96333171411041,66.01545463779316,144.04125959283502,0.18927731038320894,0.5832278512030835
spco2_le_threshold,historical_density,1000,15,390000,97488,97474,34.88667494653459,19.72580543195467,-4.645722454068126,11.961803113845377,65.90042156380821,143.23712702072066,0.2633831724447736,0.6563896307139175
all,historical_density,2500,15,390000,97488,97488,36.211186529756816,16.692647699495215,-4.364405938483441,9.615343319773274,54.44385347970332,123.59741639030841,0.342235003594337,0.6435208080000914
spco2_le_threshold,historical_density,2500,15,390000,97488,97474,30.24850655842234,16.492300224787883,-4.162287782521065,9.613658963085982,54.34834634495262,123.07274141739093,0.44622881608444687,0.723066413320738
all,historical_density,5000,15,390000,97488,97488,36.021221687043166,16.103686231824838,-5.641274555571488,8.722465482291142,57.96838430338827,118.6397464592115,0.3491182065319369,0.6568731450361136
spco2_le_threshold,historical_density,5000,15,390000,97488,97474,30.06512227860765,15.904517902671525,-5.440603530689389,8.720508189075929,57.855673361711055,117.66825883433059,0.4529230370162163,0.7364422075609325
all,spatial_coverage,500,15,390000,97488,97488,32.85279021124568,17.747333664158816,4.49424464810877,11.809819880320788,50.285596530749324,107.61844986743449,0.4585856429388806,0.6851540887321227
spco2_le_threshold,spatial_coverage,500,15,390000,97488,97474,27.69006550284474,17.57675371861879,4.668019108046195,11.806966289393898,50.21662809598215,106.59546568744541,0.5359439441532735,0.7420860882985613
all,spatial_coverage,1000,15,390000,97488,97488,29.897976041653763,14.709091306993768,1.2825224827204162,9.514561373314422,42.027046465436456,94.20713754826157,0.5515966729093756,0.7450537243960265
spco2_le_threshold,spatial_coverage,1000,15,390000,97488,97474,24.37964046837939,14.542554525845265,1.4513561080843624,9.512548613942386,41.95893752343976,93.83764324517875,0.6402696570773736,0.8040575212738305
all,spatial_coverage,2500,15,390000,97488,97488,25.77218904553104,12.033004830766039,-0.168905603758548,8.170737618968985,33.34559899815103,66.141556456666,0.666813141306948,0.816817177005601
spco2_le_threshold,spatial_coverage,2500,15,390000,97488,97474,19.253538201847064,11.868330834987107,-0.0025275906090568828,8.1696941820407,33.31300366830658,65.61454912122542,0.7756409562509611,0.8807214435311866
all,spatial_coverage,5000,15,390000,97488,97488,24.207461600450536,10.79601448396652,-0.08102451504357547,7.529379288227091,29.338375887261527,55.68094716450351,0.706043037909237,0.8411352891290528
spco2_le_threshold,spatial_coverage,5000,15,390000,97488,97474,17.241455197747747,10.635926968033997,0.08060197394396516,7.528052890567324,29.302205275305,55.35360175526491,0.8200837815965196,0.9059528745880056
all,random,500,16,390000,97488,97488,31.77078120320108,16.42623365414464,0.6091796357437855,11.161701001184042,47.469869187253515,88.66171955518358,0.4936614020852391,0.7032342826043363
spco2_le_threshold,random,500,16,390000,97488,97474,25.821102574121856,16.243448541716038,0.7944115112687854,11.159412115433838,47.44398385564519,88.01918860216709,0.596473515251402,0.7731282708581391
all,random,1000,16,390000,97488,97488,29.147257293614228,14.038664079550564,0.6722615938499302,9.145399768861722,41.03405668591713,80.83637362764594,0.5738321960821984,0.7581667640175533
spco2_le_threshold,random,1000,16,390000,97488,97474,22.6271917521842,13.858035469453089,0.8550031054332146,9.144474600889595,40.990138869649215,80.39283575634427,0.6901269599808566,0.8315100079793795
all,random,2500,16,390000,97488,97488,35.18707266976,14.546343132518116,1.351532420744677,8.091689083496135,41.267687638490465,125.65655505614949,0.3789143099544151,0.6735158585472042
spco2_le_threshold,random,2500,16,390000,97488,97474,32.389932093121836,14.419652583920909,1.4716066986491483,8.088795811887167,41.18325467891456,124.49110340307553,0.3650455762379887,0.6903979255445802
all,random,5000,16,390000,97488,97488,29.806712324093237,11.770956863933923,0.4793232073783942,7.245417689819533,31.07024736890873,77.52409936105734,0.5543300014651755,0.7564604615525872
spco2_le_threshold,random,5000,16,390000,97488,97474,26.378465119489082,11.64187351507415,0.600686668175403,7.244442460164635,31.037655731608744,77.08216380081433,0.5788648204808786,0.7818473294121588
all,historical_density,500,16,390000,97488,97488,37.7995283980476,20.4238431308796,-1.727818766215404,13.756996899526484,61.99105211909613,107.85249534764162,0.2832659944181881,0.5928498876357039
spco2_le_threshold,historical_density,500,16,390000,97488,97474,32.103488003058885,20.223267796905393,-1.5245581588236172,13.755280393233619,61.912230690525696,107.20809182489087,0.3762265017152493,0.6691294582008372
all,historical_density,1000,16,390000,97488,97488,37.833623174339515,18.85289968325249,-4.363139586880699,11.132316249816967,66.58708289398679,118.44756457867305,0.2819724382536607,0.6129694665693525
spco2_le_threshold,historical_density,1000,16,390000,97488,97474,32.20643088114593,18.653512398476717,-4.161671166198432,11.131021767671541,66.51359102542088,118.11592553236326,0.3722197101927269,0.6886652690207763
all,historical_density,2500,16,390000,97488,97488,35.59608596792861,16.744912051985622,-4.497706658653355,9.552628426628019,58.022966402586675,122.02191099558513,0.36439143445192224,0.6588089428498334
spco2_le_threshold,historical_density,2500,16,390000,97488,97474,29.785687879222483,16.550011717191666,-4.301047281699369,9.550298788866456,57.936723814759695,121.49135103624015,0.4630451779564898,0.7348189977636495
all,historical_density,5000,16,390000,97488,97488,35.88476538615625,16.09826529726914,-6.328697313050146,8.590138427684138,60.243147372132725,118.53109759351693,0.3540402324207783,0.6634102908442265
spco2_le_threshold,historical_density,5000,16,390000,97488,97474,30.001992972330893,15.901310944294519,-6.130339776131301,8.58862541997837,60.02555648910162,118.09584631024117,0.4552180770758667,0.7417017084196663
all,spatial_coverage,500,16,390000,97488,97488,31.936799963069184,16.98663073011237,1.1338111557681907,11.665926807931442,47.13939122788941,93.12906758051756,0.4883558140041233,0.6992911813376049
spco2_le_threshold,spatial_coverage,500,16,390000,97488,97474,26.197293139851904,16.807943066881084,1.3151014226312387,11.663465351591839,47.079634137039,92.41600564567125,0.5846298170479887,0.7652951181564507
all,spatial_coverage,1000,16,390000,97488,97488,29.102043383605864,14.32355276906022,0.10537712263388911,9.490573285153971,41.83256709412022,79.54667787195436,0.5751533336081753,0.7584972262130186
spco2_le_threshold,spatial_coverage,1000,16,390000,97488,97474,22.512817061618104,14.142551948934276,0.28845034174298806,9.488093558782253,41.77592501250751,79.23233698293599,0.6932517011542665,0.8327592229947172
all,spatial_coverage,2500,16,390000,97488,97488,26.187469907412147,11.969954107534567,0.17155508151145593,8.062096036191008,33.73988659665671,63.34690333355809,0.6559889999237181,0.8109844857302297
spco2_le_threshold,spatial_coverage,2500,16,390000,97488,97474,19.097054510916216,11.795696870754952,0.34755617951197776,8.061105698294142,33.71471309418093,62.990646741726266,0.7792731051151592,0.8836354641353245
all,spatial_coverage,5000,16,390000,97488,97488,24.667211446605755,11.21940095193928,0.2556660887933687,7.751146997723282,30.7709933035005,59.07832790769391,0.694771304593791,0.8345238776720691
spco2_le_threshold,spatial_coverage,5000,16,390000,97488,97474,18.15544899121627,11.062509440774305,0.41420574139678296,7.747798693777554,30.734867044934013,58.59773635407468,0.8005029557282717,0.8951134141378371
all,random,500,17,390000,97488,97488,32.339011187731266,16.66300046066281,-0.4578103384303936,11.098174126729646,48.22500903572536,95.01961692675255,0.47538739601960345,0.6895597350374976
spco2_le_threshold,random,500,17,390000,97488,97474,26.31211362284692,16.47690868813352,-0.26939104613469006,11.09581455643098,48.160565852156594,94.62761872565451,0.5809807742294841,0.7622674937607876
all,random,1000,17,390000,97488,97488,29.80775622634086,13.822878510470726,-0.21221797142270396,8.709846912976616,40.28855131795339,85.27552343063101,0.5542987840632061,0.7448468660903448
spco2_le_threshold,random,1000,17,390000,97488,97474,23.18193170003376,13.637079233309919,-0.02446382170565902,8.706689019276155,40.23145807498697,84.61200514456979,0.6747466920409613,0.8218969130423686
all,random,2500,17,390000,97488,97488,27.348522580124804,11.772078385722335,0.39028480235933494,7.359640685337638,34.43259406141776,76.83631409579135,0.6248085032959018,0.7915028078053774
spco2_le_threshold,random,2500,17,390000,97488,97474,20.69962874341495,11.596959311410197,0.5671507331114765,7.358203282788907,34.40423532385671,76.2028109650456,0.7406730866593735,0.8614934728062065
all,random,5000,17,390000,97488,97488,25.43204885334441,10.662874719115745,0.37375788800388177,6.847653207659079,30.224589874444035,66.52660177021977,0.675549875173908,0.8221423450400567
spco2_le_threshold,random,5000,17,390000,97488,97474,18.80726032449025,10.497279268283828,0.5409385087939368,6.8464646287252435,30.18868312582301,66.28016178807316,0.7859212549324832,0.886628773410137
all,historical_density,500,17,390000,97488,97488,43.61067687623722,23.01996482267637,-5.602823469607105,13.716127926476616,81.32835591230504,149.13830903489887,0.04595051380703452,0.5232598716978147
spco2_le_threshold,historical_density,500,17,390000,97488,97474,38.73595382717604,22.818398120508558,-5.398755177487684,13.711937145244292,81.189947415712,148.26368617493353,0.09186380137023409,0.5905645939737716
all,historical_density,1000,17,390000,97488,97488,39.292037696834804,19.307340465538687,-5.087140168760418,11.298330264467182,64.34326970117047,140.20752978342455,0.22554827518917453,0.5957273758138669
spco2_le_threshold,historical_density,1000,17,390000,97488,97474,33.87421236085215,19.107067766980574,-4.8848250506426805,11.296441815060291,64.23000559064559,139.6963338099132,0.30551816620673433,0.6697056296337118
all,historical_density,2500,17,390000,97488,97488,35.61116669823981,16.756938362600863,-4.562414141777791,9.529003661088296,58.767758004550686,122.99164281187363,0.363852753212324,0.6599792471844116
spco2_le_threshold,historical_density,2500,17,390000,97488,97474,29.86896194152058,16.563013798249454,-4.366738101760136,9.527166647034107,58.62875082811751,122.58394718527285,0.46003857188560915,0.7348726901318791
all,historical_density,5000,17,390000,97488,97488,35.61024706598483,16.133025495955735,-5.326044092779183,8.787423173235425,56.04795939308298,119.5026015736093,0.36388560886000043,0.6605196020380025
spco2_le_threshold,historical_density,5000,17,390000,97488,97474,29.729305995594093,15.937048205357176,-5.128514616575801,8.786046845333601,55.93447282259306,118.57194135976196,0.46507607754875124,0.7379230545817029
all,spatial_coverage,500,17,390000,97488,97488,31.80275958252366,16.769911694345083,0.4922894117361147,11.427083131658549,48.352068964891046,91.2745685252452,0.49264159482957626,0.7023099927326376
spco2_le_threshold,spatial_coverage,500,17,390000,97488,97474,25.829799038354047,16.587208725263842,0.6774717170042889,11.424884652898754,48.302247874422235,90.63658406161764,0.5962016566362289,0.7726562924750418
all,spatial_coverage,1000,17,390000,97488,97488,28.83232086329297,14.009544978057269,0.5312694532408251,9.249575104770457,41.02252855958215,82.58992006757792,0.5829919371948913,0.7636354941390203
spco2_le_threshold,spatial_coverage,1000,17,390000,97488,97474,22.425600607643702,13.833399431274023,0.7095034687648439,9.248320050355517,40.98298648628204,82.0734458608709,0.6956238322134444,0.834251301619836
all,spatial_coverage,2500,17,390000,97488,97488,26.07093652386689,12.08661730531375,0.10309689051573091,8.137482814320805,33.98845626605917,65.67106353051886,0.6590438631166525,0.8123102075139232
spco2_le_threshold,spatial_coverage,2500,17,390000,97488,97474,19.70404761412981,11.92057274848594,0.2708922321552996,8.136149018063918,33.95158654438833,65.36632697064263,0.7650186606430563,0.8748000927437779
all,spatial_coverage,5000,17,390000,97488,97488,24.58174544437083,11.091058040637332,0.5983183335355612,7.5526888925321884,30.735641745881548,60.661778811887885,0.6968827296622767,0.835983207782379
spco2_le_threshold,spatial_coverage,5000,17,390000,97488,97474,17.848655760079883,10.928560273721015,0.762495022720774,7.549965349200278,30.68772428328612,60.382793396122295,0.8071882459917835,0.8990977399817028
all,random,500,18,390000,97488,97488,31.421701751077062,15.76706424838496,-1.619360963773732,10.31485104368224,45.45725174855528,90.04560404401487,0.504727001719485,0.7119471703104984
spco2_le_threshold,random,500,18,390000,97488,97474,25.38725313178013,15.584521659836824,-1.434786368270053,10.31175471935623,45.42103623620988,89.44036793256774,0.6099198015114263,0.7824237026564
all,random,1000,18,390000,97488,97488,30.720222445325906,14.52842716241567,-0.38419482208715355,8.956852200839506,42.72723157049142,92.54215681737968,0.5265937803118348,0.7257295231192381
spco2_le_threshold,random,1000,18,390000,97488,97474,25.08719839023134,14.354636639879383,-0.20837279112026336,8.955138192749274,42.656724251376524,92.02579565253689,0.6190861123541722,0.7868563650685293
all,random,2500,18,390000,97488,97488,27.381799004023307,12.012380253324013,0.06722312456454282,7.705173500154814,34.59922858135183,75.6666733464355,0.6238949163292465,0.7904814154914381
spco2_le_threshold,random,2500,18,390000,97488,97474,20.531179515500753,11.833959851249102,0.2473784964497673,7.704094744173943,34.5498973054968,74.9853395348398,0.7448766089186902,0.8635883232322492
all,random,5000,18,390000,97488,97488,25.60848695056639,10.610636946106169,-0.13117859071092527,6.807862445279625,29.45635276360319,69.61746170631473,0.6710324305497772,0.8209170115243553
spco2_le_threshold,random,5000,18,390000,97488,97474,18.64685237960317,10.438880403876158,0.04208309562905999,6.806542577422334,29.40940781497222,69.18372563743613,0.7895574557998313,0.8898335984215221
all,historical_density,500,18,390000,97488,97488,38.319932875167325,20.97887766252005,-1.5250898421321564,14.067708165834404,60.98711039987504,109.49180280274012,0.2633948912835382,0.5613379114882553
spco2_le_threshold,historical_density,500,18,390000,97488,97474,32.70219784011501,20.778153773864382,-1.3215718439756425,14.065568426711252,60.9179477203401,108.8168689419206,0.3527435879487385,0.6363042113344889
all,historical_density,1000,18,390000,97488,97488,37.275833918793516,18.596568295379793,-3.7649160158341233,11.60303436366064,59.018280945430185,124.13043971627961,0.3029884360609508,0.6126309188019017
spco2_le_threshold,historical_density,1000,18,390000,97488,97474,31.50460707870894,18.396281749708074,-3.5624992289502484,11.599670048532943,58.89295376362393,123.7345911212988,0.39928204433980985,0.6898864155064645
all,historical_density,2500,18,390000,97488,97488,37.966889352092956,17.68013649722314,-5.85037224262223,9.938710709055215,62.6521514416223,124.05015664516843,0.27690512991669525,0.6264067232037573
spco2_le_threshold,historical_density,2500,18,390000,97488,97474,32.30882733648223,17.478991491061876,-5.6475281505553525,9.937420081721172,62.46925376844156,123.12982848029748,0.36822146115811916,0.7035912787973427
all,historical_density,5000,18,390000,97488,97488,35.0329110963068,15.754761300116272,-4.816500724727768,8.876516486139224,51.220332428435015,120.72256268523888,0.3843445884880281,0.6714418261940911
spco2_le_threshold,historical_density,5000,18,390000,97488,97474,29.056972433204855,15.559184017660462,-4.619352401296357,8.874630245736398,51.14934309883852,120.33669446044675,0.4889972926906263,0.7495514798804932
all,spatial_coverage,500,18,390000,97488,97488,31.78009064218205,16.349272395516902,-1.4190786989120936,11.061333648679721,46.94117514919695,88.43863585232263,0.49336462506508627,0.7032087000544367
spco2_le_threshold,spatial_coverage,500,18,390000,97488,97474,25.467593307877582,16.160590192749783,-1.2282521016217962,11.058137182543362,46.91338951193418,87.97223259044169,0.6074470094096789,0.7802397110423877
all,spatial_coverage,1000,18,390000,97488,97488,33.05229349660879,15.862680114257204,0.3182770290745527,9.828064818802176,46.94632372446484,98.489880896645,0.45199004436913026,0.6875311904669322
spco2_le_threshold,spatial_coverage,1000,18,390000,97488,97474,28.086191730435523,15.700971469156396,0.48230971340640416,9.825448312609723,46.86202417508299,97.6678615668006,0.5225716646739589,0.7421379818743017
all,spatial_coverage,2500,18,390000,97488,97488,27.835344931574202,12.599370420737563,0.054559032458006806,8.16383537006746,35.35459570247756,77.74889255382621,0.611332289529273,0.7819566146947587
spco2_le_threshold,spatial_coverage,2500,18,390000,97488,97474,21.934825005042534,12.441177740022457,0.21456917231447226,8.162255255048905,35.323660552421124,77.28192822907292,0.708800365017803,0.8422736403591825
all,spatial_coverage,5000,18,390000,97488,97488,25.157798839118588,11.469857970315505,0.020687341642925513,7.793698077697172,31.565444894230513,62.405036813787106,0.6825096514279663,0.826536204863719
spco2_le_threshold,spatial_coverage,5000,18,390000,97488,97474,19.020866816763665,11.314712599411575,0.17748307709911962,7.792791044669883,31.528147825801643,61.94767888240383,0.7810307717849039,0.8838000781443235
all,random,500,19,390000,97488,97488,32.56546748998288,17.189489634677802,-0.41792304552379095,11.295849544106233,50.37756616877579,93.10582969577344,0.46801439447705895,0.6847994387334959
spco2_le_threshold,random,500,19,390000,97488,97474,26.85885185529994,17.00864239994114,-0.23466694347637862,11.294486363353286,50.25956167158483,92.58380084835468,0.5633862928880449,0.7513324096884585
all,random,1000,19,390000,97488,97488,30.035033167413257,14.150888954913764,0.8224714541065618,8.951706946514975,41.07011048377586,85.31231367068084,0.5474761441356553,0.7401771496663218
spco2_le_threshold,random,1000,19,390000,97488,97474,23.857607478648422,13.972223559143638,1.0032874443503572,8.94992895683825,41.03030887652895,84.71830734949441,0.6555102881238579,0.8100247936633506
all,random,2500,19,390000,97488,97488,26.87894313540787,11.62473824971222,0.11526330384488072,7.550869425672602,33.107431903171666,68.81960806143854,0.6375821127477262,0.7992258566026493
spco2_le_threshold,random,2500,19,390000,97488,97474,19.459600859702316,11.441916287298676,0.29977145972283703,7.549391506384751,33.065134287607535,68.43400409666182,0.7708128128227238,0.8788411019966832
all,random,5000,19,390000,97488,97488,25.361029322215135,10.501646547736643,0.44055611270578765,6.84933220478635,29.67818093134677,64.10657768338673,0.677359412645703,0.8239665611604364
spco2_le_threshold,random,5000,19,390000,97488,97474,17.75452576049839,10.324873036920389,0.6189012306916071,6.847905359664395,29.64070458477646,63.770798839961834,0.8092165793985595,0.9004781093173632
all,historical_density,500,19,390000,97488,97488,40.21476335261341,21.684718593586013,-5.653445479410551,13.705755056692595,69.55515973048621,128.55714895053114,0.18874706306357392,0.5713736041810897
spco2_le_threshold,historical_density,500,19,390000,97488,97474,34.98602335184735,21.48581660686899,-5.452240952286866,13.703290642536274,69.46579851174259,128.12204706368175,0.2591818027968812,0.6422414087560662
all,historical_density,1000,19,390000,97488,97488,37.68183621507783,19.225732411166838,-4.434429255614708,11.7691854072321,60.546686769890314,121.3727006944236,0.2877222758313197,0.6105399746881285
spco2_le_threshold,historical_density,1000,19,390000,97488,97474,32.01234821287106,19.026203075082037,-4.232775473583523,11.76455432006449,60.42620873685696,120.70228683175941,0.3797631820989016,0.6866243825417028
all,historical_density,2500,19,390000,97488,97488,36.796823919119156,17.679951799917635,-4.991777418305767,9.984057215223032,64.22508185555895,128.90555114646136,0.32078711442320496,0.636537459251793
spco2_le_threshold,historical_density,2500,19,390000,97488,97474,31.27489343368558,17.48558615436691,-4.795589395081579,9.982847520839726,64.05009315530206,128.4770946178388,0.4080102933422205,0.7090642360635737
all,historical_density,5000,19,390000,97488,97488,36.11238388659304,16.32127125003634,-4.683869908435411,8.83979145911161,56.57205005286356,123.7378279875735,0.34581954555129313,0.6513290221869896
spco2_le_threshold,historical_density,5000,19,390000,97488,97474,30.256661662715565,16.123891933712382,-4.484819134914838,8.838626782867493,56.47527423889544,123.16027620672664,0.4459301784955928,0.7290569491377137
all,spatial_coverage,500,19,390000,97488,97488,35.75194314629636,18.291651669242526,2.913626993833715,11.661592641939109,52.068711467250424,124.16174605810531,0.35881323501314866,0.6220581508639809
spco2_le_threshold,spatial_coverage,500,19,390000,97488,97474,31.00919471270885,18.120494089038793,3.0878302467428167,11.660345366782053,52.0239452165515,122.77804804637145,0.4180261719617262,0.674797348325112
all,spatial_coverage,1000,19,390000,97488,97488,30.68784565327163,15.040225474619062,0.6148013889628516,9.578792110989667,44.22606505413462,90.93507206888886,0.5275911232062223,0.7292084352299936
spco2_le_threshold,spatial_coverage,1000,19,390000,97488,97474,25.103780077634106,14.870559564867206,0.7867157996081762,9.577147764910507,44.15738117886707,90.38556545191628,0.6185824066556083,0.7906468571341967
all,spatial_coverage,2500,19,390000,97488,97488,27.126036691724487,12.150409737366457,0.6101502321801512,8.020789946598654,33.12054110831328,70.05007411767413,0.6308881933986108,0.7944029259881078
spco2_le_threshold,spatial_coverage,2500,19,390000,97488,97474,20.64504747324049,11.98290652553752,0.7794862182829846,8.018674678071221,33.07795591813273,69.32621982256317,0.7420388822664074,0.8616996678035385
all,spatial_coverage,5000,19,390000,97488,97488,25.18323434131998,11.21485868751836,0.4144086365587324,7.571920524336349,30.96175206750096,58.585635783794345,0.6818673369833987,0.8260295261341081
spco2_le_threshold,spatial_coverage,5000,19,390000,97488,97474,18.728283954500114,11.056894891026111,0.5740427219745627,7.570586942303862,30.926536200406566,58.157345410039454,0.7877154198660306,0.8876530043758223
