spatial_block,spatial_fold,lon_block,lat_block,month_grid_rows,longitude_center,latitude_center,longitude_width,latitude_width
3_1,0,3,1,1080,-110.0,-75.0,20.0,10.0
8_1,0,8,1,384,-10.0,-75.0,20.0,10.0
1_2,0,1,2,2400,-150.0,-65.0,20.0,10.0
6_2,0,6,2,2400,-50.0,-65.0,20.0,10.0
11_2,0,11,2,1788,50.0,-65.0,20.0,10.0
16_2,0,16,2,2040,150.0,-65.0,20.0,10.0
4_3,0,4,3,2400,-90.0,-55.0,20.0,10.0
9_3,0,9,3,2400,10.0,-55.0,20.0,10.0
14_3,0,14,3,2400,110.0,-55.0,20.0,10.0
2_4,0,2,4,2400,-130.0,-45.0,20.0,10.0
7_4,0,7,4,2400,-30.0,-45.0,20.0,10.0
12_4,0,12,4,2388,70.0,-45.0,20.0,10.0
17_4,0,17,4,2232,170.0,-45.0,20.0,10.0
0_5,0,0,5,2400,-170.0,-35.0,20.0,10.0
5_5,0,5,5,936,-70.0,-35.0,20.0,10.0
10_5,0,10,5,1968,30.0,-35.0,20.0,10.0
15_5,0,15,5,1656,130.0,-35.0,20.0,10.0
3_6,0,3,6,2400,-110.0,-25.0,20.0,10.0
8_6,0,8,6,2400,-10.0,-25.0,20.0,10.0
13_6,0,13,6,2400,90.0,-25.0,20.0,10.0
1_7,0,1,7,2400,-150.0,-15.0,20.0,10.0
11_7,0,11,7,2052,50.0,-15.0,20.0,10.0
16_7,0,16,7,2004,150.0,-15.0,20.0,10.0
4_8,0,4,8,2328,-90.0,-5.0,20.0,10.0
9_8,0,9,8,1392,10.0,-5.0,20.0,10.0
14_8,0,14,8,1776,110.0,-5.0,20.0,10.0
2_9,0,2,9,2400,-130.0,5.0,20.0,10.0
7_9,0,7,9,2400,-30.0,5.0,20.0,10.0
12_9,0,12,9,2376,70.0,5.0,20.0,10.0
17_9,0,17,9,2400,170.0,5.0,20.0,10.0
0_10,0,0,10,2400,-170.0,15.0,20.0,10.0
5_10,0,5,10,2244,-70.0,15.0,20.0,10.0
10_10,0,10,10,96,30.0,15.0,20.0,10.0
15_10,0,15,10,2220,130.0,15.0,20.0,10.0
3_11,0,3,11,1296,-110.0,25.0,20.0,10.0
8_11,0,8,11,708,-10.0,25.0,20.0,10.0
13_11,0,13,11,132,90.0,25.0,20.0,10.0
1_12,0,1,12,2400,-150.0,35.0,20.0,10.0
6_12,0,6,12,2400,-50.0,35.0,20.0,10.0
11_12,0,11,12,180,50.0,35.0,20.0,10.0
16_12,0,16,12,2340,150.0,35.0,20.0,10.0
4_13,0,4,13,468,-90.0,45.0,20.0,10.0
9_13,0,9,13,636,10.0,45.0,20.0,10.0
2_14,0,2,14,972,-130.0,55.0,20.0,10.0
7_14,0,7,14,2244,-30.0,55.0,20.0,10.0
17_14,0,17,14,2100,170.0,55.0,20.0,10.0
0_15,0,0,15,1608,-170.0,65.0,20.0,10.0
5_15,0,5,15,1500,-70.0,65.0,20.0,10.0
10_15,0,10,15,408,30.0,65.0,20.0,10.0
3_16,0,3,16,1548,-110.0,75.0,20.0,10.0
8_16,0,8,16,1692,-10.0,75.0,20.0,10.0
13_16,0,13,16,888,90.0,75.0,20.0,10.0
1_17,0,1,17,876,-150.0,85.0,20.0,10.0
6_17,0,6,17,576,-50.0,85.0,20.0,10.0
11_17,0,11,17,1008,50.0,85.0,20.0,10.0
16_17,0,16,17,900,150.0,85.0,20.0,10.0
4_1,1,4,1,732,-90.0,-75.0,20.0,10.0
9_1,1,9,1,12,10.0,-75.0,20.0,10.0
2_2,1,2,2,2400,-130.0,-65.0,20.0,10.0
7_2,1,7,2,2400,-30.0,-65.0,20.0,10.0
12_2,1,12,2,2076,70.0,-65.0,20.0,10.0
17_2,1,17,2,2400,170.0,-65.0,20.0,10.0
0_3,1,0,3,2400,-170.0,-55.0,20.0,10.0
5_3,1,5,3,2148,-70.0,-55.0,20.0,10.0
10_3,1,10,3,2400,30.0,-55.0,20.0,10.0
15_3,1,15,3,2400,130.0,-55.0,20.0,10.0
3_4,1,3,4,2400,-110.0,-45.0,20.0,10.0
8_4,1,8,4,2400,-10.0,-45.0,20.0,10.0
13_4,1,13,4,2400,90.0,-45.0,20.0,10.0
1_5,1,1,5,2400,-150.0,-35.0,20.0,10.0
6_5,1,6,5,1836,-50.0,-35.0,20.0,10.0
11_5,1,11,5,2400,50.0,-35.0,20.0,10.0
16_5,1,16,5,1356,150.0,-35.0,20.0,10.0
4_6,1,4,6,2400,-90.0,-25.0,20.0,10.0
9_6,1,9,6,1824,10.0,-25.0,20.0,10.0
14_6,1,14,6,1776,110.0,-25.0,20.0,10.0
2_7,1,2,7,2400,-130.0,-15.0,20.0,10.0
7_7,1,7,7,2244,-30.0,-15.0,20.0,10.0
12_7,1,12,7,2400,70.0,-15.0,20.0,10.0
17_7,1,17,7,2376,170.0,-15.0,20.0,10.0
0_8,1,0,8,2400,-170.0,-5.0,20.0,10.0
5_8,1,5,8,48,-70.0,-5.0,20.0,10.0
10_8,1,10,8,132,30.0,-5.0,20.0,10.0
15_8,1,15,8,1968,130.0,-5.0,20.0,10.0
3_9,1,3,9,2400,-110.0,5.0,20.0,10.0
8_9,1,8,9,1740,-10.0,5.0,20.0,10.0
13_9,1,13,9,2220,90.0,5.0,20.0,10.0
1_10,1,1,10,2388,-150.0,15.0,20.0,10.0
6_10,1,6,10,2400,-50.0,15.0,20.0,10.0
11_10,1,11,10,1308,50.0,15.0,20.0,10.0
16_10,1,16,10,2400,150.0,15.0,20.0,10.0
4_11,1,4,11,1896,-90.0,25.0,20.0,10.0
14_11,1,14,11,432,110.0,25.0,20.0,10.0
2_12,1,2,12,2256,-130.0,35.0,20.0,10.0
7_12,1,7,12,2400,-30.0,35.0,20.0,10.0
17_12,1,17,12,2400,170.0,35.0,20.0,10.0
0_13,1,0,13,2376,-170.0,45.0,20.0,10.0
5_13,1,5,13,960,-70.0,45.0,20.0,10.0
10_13,1,10,13,720,30.0,45.0,20.0,10.0
15_13,1,15,13,576,130.0,45.0,20.0,10.0
8_14,1,8,14,1932,-10.0,55.0,20.0,10.0
1_15,1,1,15,108,-150.0,65.0,20.0,10.0
6_15,1,6,15,1080,-50.0,65.0,20.0,10.0
11_15,1,11,15,588,50.0,65.0,20.0,10.0
16_15,1,16,15,96,150.0,65.0,20.0,10.0
4_16,1,4,16,1068,-90.0,75.0,20.0,10.0
9_16,1,9,16,1932,10.0,75.0,20.0,10.0
14_16,1,14,16,864,110.0,75.0,20.0,10.0
2_17,1,2,17,1128,-130.0,85.0,20.0,10.0
7_17,1,7,17,456,-30.0,85.0,20.0,10.0
12_17,1,12,17,660,70.0,85.0,20.0,10.0
17_17,1,17,17,720,170.0,85.0,20.0,10.0
0_1,2,0,1,2124,-170.0,-75.0,20.0,10.0
5_1,2,5,1,360,-70.0,-75.0,20.0,10.0
10_1,2,10,1,36,30.0,-75.0,20.0,10.0
3_2,2,3,2,2400,-110.0,-65.0,20.0,10.0
8_2,2,8,2,2400,-10.0,-65.0,20.0,10.0
13_2,2,13,2,1632,90.0,-65.0,20.0,10.0
1_3,2,1,3,2400,-150.0,-55.0,20.0,10.0
6_3,2,6,3,2400,-50.0,-55.0,20.0,10.0
11_3,2,11,3,2400,50.0,-55.0,20.0,10.0
16_3,2,16,3,2400,150.0,-55.0,20.0,10.0
4_4,2,4,4,2400,-90.0,-45.0,20.0,10.0
9_4,2,9,4,2400,10.0,-45.0,20.0,10.0
14_4,2,14,4,2400,110.0,-45.0,20.0,10.0
2_5,2,2,5,2400,-130.0,-35.0,20.0,10.0
7_5,2,7,5,2400,-30.0,-35.0,20.0,10.0
12_5,2,12,5,2400,70.0,-35.0,20.0,10.0
17_5,2,17,5,2352,170.0,-35.0,20.0,10.0
0_6,2,0,6,2400,-170.0,-25.0,20.0,10.0
5_6,2,5,6,1152,-70.0,-25.0,20.0,10.0
10_6,2,10,6,744,30.0,-25.0,20.0,10.0
3_7,2,3,7,2400,-110.0,-15.0,20.0,10.0
8_7,2,8,7,2400,-10.0,-15.0,20.0,10.0
13_7,2,13,7,2400,90.0,-15.0,20.0,10.0
1_8,2,1,8,2400,-150.0,-5.0,20.0,10.0
6_8,2,6,8,240,-50.0,-5.0,20.0,10.0
11_8,2,11,8,2364,50.0,-5.0,20.0,10.0
16_8,2,16,8,2016,150.0,-5.0,20.0,10.0
4_9,2,4,9,2352,-90.0,5.0,20.0,10.0
9_9,2,9,9,648,10.0,5.0,20.0,10.0
14_9,2,14,9,1788,110.0,5.0,20.0,10.0
2_10,2,2,10,2400,-130.0,15.0,20.0,10.0
7_10,2,7,10,2400,-30.0,15.0,20.0,10.0
12_10,2,12,10,1704,70.0,15.0,20.0,10.0
17_10,2,17,10,2400,170.0,15.0,20.0,10.0
0_11,2,0,11,2400,-170.0,25.0,20.0,10.0
5_11,2,5,11,2340,-70.0,25.0,20.0,10.0
10_11,2,10,11,228,30.0,25.0,20.0,10.0
15_11,2,15,11,2292,130.0,25.0,20.0,10.0
3_12,2,3,12,168,-110.0,35.0,20.0,10.0
8_12,2,8,12,1584,-10.0,35.0,20.0,10.0
1_13,2,1,13,2388,-150.0,45.0,20.0,10.0
6_13,2,6,13,2292,-50.0,45.0,20.0,10.0
11_13,2,11,13,504,50.0,45.0,20.0,10.0
16_13,2,16,13,2208,150.0,45.0,20.0,10.0
4_14,2,4,14,768,-90.0,55.0,20.0,10.0
9_14,2,9,14,1236,10.0,55.0,20.0,10.0
2_15,2,2,15,180,-130.0,65.0,20.0,10.0
7_15,2,7,15,1596,-30.0,65.0,20.0,10.0
12_15,2,12,15,96,70.0,65.0,20.0,10.0
17_15,2,17,15,468,170.0,65.0,20.0,10.0
0_16,2,0,16,2076,-170.0,75.0,20.0,10.0
5_16,2,5,16,1560,-70.0,75.0,20.0,10.0
10_16,2,10,16,1932,30.0,75.0,20.0,10.0
15_16,2,15,16,1416,130.0,75.0,20.0,10.0
3_17,2,3,17,816,-110.0,85.0,20.0,10.0
8_17,2,8,17,732,-10.0,85.0,20.0,10.0
13_17,2,13,17,960,90.0,85.0,20.0,10.0
1_1,3,1,1,1608,-150.0,-75.0,20.0,10.0
6_1,3,6,1,1752,-50.0,-75.0,20.0,10.0
4_2,3,4,2,2400,-90.0,-65.0,20.0,10.0
9_2,3,9,2,2400,10.0,-65.0,20.0,10.0
14_2,3,14,2,1584,110.0,-65.0,20.0,10.0
2_3,3,2,3,2400,-130.0,-55.0,20.0,10.0
7_3,3,7,3,2400,-30.0,-55.0,20.0,10.0
12_3,3,12,3,2400,70.0,-55.0,20.0,10.0
17_3,3,17,3,2400,170.0,-55.0,20.0,10.0
0_4,3,0,4,2400,-170.0,-45.0,20.0,10.0
5_4,3,5,4,1392,-70.0,-45.0,20.0,10.0
10_4,3,10,4,2400,30.0,-45.0,20.0,10.0
15_4,3,15,4,2400,130.0,-45.0,20.0,10.0
3_5,3,3,5,2400,-110.0,-35.0,20.0,10.0
8_5,3,8,5,2400,-10.0,-35.0,20.0,10.0
13_5,3,13,5,2400,90.0,-35.0,20.0,10.0
1_6,3,1,6,2400,-150.0,-25.0,20.0,10.0
6_6,3,6,6,732,-50.0,-25.0,20.0,10.0
11_6,3,11,6,2136,50.0,-25.0,20.0,10.0
16_6,3,16,6,1008,150.0,-25.0,20.0,10.0
4_7,3,4,7,2400,-90.0,-15.0,20.0,10.0
9_7,3,9,7,1536,10.0,-15.0,20.0,10.0
14_7,3,14,7,2400,110.0,-15.0,20.0,10.0
2_8,3,2,8,2400,-130.0,-5.0,20.0,10.0
7_8,3,7,8,2100,-30.0,-5.0,20.0,10.0
12_8,3,12,8,2400,70.0,-5.0,20.0,10.0
17_8,3,17,8,2400,170.0,-5.0,20.0,10.0
0_9,3,0,9,2400,-170.0,5.0,20.0,10.0
5_9,3,5,9,288,-70.0,5.0,20.0,10.0
10_9,3,10,9,24,30.0,5.0,20.0,10.0
15_9,3,15,9,2268,130.0,5.0,20.0,10.0
3_10,3,3,10,2268,-110.0,15.0,20.0,10.0
8_10,3,8,10,468,-10.0,15.0,20.0,10.0
13_10,3,13,10,1800,90.0,15.0,20.0,10.0
1_11,3,1,11,2400,-150.0,25.0,20.0,10.0
6_11,3,6,11,2400,-50.0,25.0,20.0,10.0
11_11,3,11,11,396,50.0,25.0,20.0,10.0
16_11,3,16,11,2400,150.0,25.0,20.0,10.0
4_12,3,4,12,60,-90.0,35.0,20.0,10.0
9_12,3,9,12,1368,10.0,35.0,20.0,10.0
14_12,3,14,12,60,110.0,35.0,20.0,10.0
2_13,3,2,13,1884,-130.0,45.0,20.0,10.0
7_13,3,7,13,2400,-30.0,45.0,20.0,10.0
17_13,3,17,13,2400,170.0,45.0,20.0,10.0
0_14,3,0,14,2280,-170.0,55.0,20.0,10.0
5_14,3,5,14,492,-70.0,55.0,20.0,10.0
10_14,3,10,14,228,30.0,55.0,20.0,10.0
15_14,3,15,14,132,130.0,55.0,20.0,10.0
3_15,3,3,15,132,-110.0,65.0,20.0,10.0
8_15,3,8,15,1968,-10.0,65.0,20.0,10.0
1_16,3,1,16,1992,-150.0,75.0,20.0,10.0
6_16,3,6,16,288,-50.0,75.0,20.0,10.0
11_16,3,11,16,2040,50.0,75.0,20.0,10.0
16_16,3,16,16,1476,150.0,75.0,20.0,10.0
4_17,3,4,17,792,-90.0,85.0,20.0,10.0
9_17,3,9,17,900,10.0,85.0,20.0,10.0
14_17,3,14,17,936,110.0,85.0,20.0,10.0
2_1,4,2,1,1104,-130.0,-75.0,20.0,10.0
7_1,4,7,1,1572,-30.0,-75.0,20.0,10.0
17_1,4,17,1,1488,170.0,-75.0,20.0,10.0
0_2,4,0,2,2400,-170.0,-65.0,20.0,10.0
5_2,4,5,2,2088,-70.0,-65.0,20.0,10.0
10_2,4,10,2,2340,30.0,-65.0,20.0,10.0
15_2,4,15,2,1656,130.0,-65.0,20.0,10.0
3_3,4,3,3,2400,-110.0,-55.0,20.0,10.0
8_3,4,8,3,2400,-10.0,-55.0,20.0,10.0
13_3,4,13,3,2400,90.0,-55.0,20.0,10.0
1_4,4,1,4,2400,-150.0,-45.0,20.0,10.0
6_4,4,6,4,2400,-50.0,-45.0,20.0,10.0
11_4,4,11,4,2400,50.0,-45.0,20.0,10.0
16_4,4,16,4,2328,150.0,-45.0,20.0,10.0
4_5,4,4,5,2400,-90.0,-35.0,20.0,10.0
9_5,4,9,5,2304,10.0,-35.0,20.0,10.0
14_5,4,14,5,2160,110.0,-35.0,20.0,10.0
2_6,4,2,6,2400,-130.0,-25.0,20.0,10.0
7_6,4,7,6,2400,-30.0,-25.0,20.0,10.0
12_6,4,12,6,2400,70.0,-25.0,20.0,10.0
17_6,4,17,6,2400,170.0,-25.0,20.0,10.0
0_7,4,0,7,2400,-170.0,-15.0,20.0,10.0
5_7,4,5,7,720,-70.0,-15.0,20.0,10.0
10_7,4,10,7,156,30.0,-15.0,20.0,10.0
15_7,4,15,7,1212,130.0,-15.0,20.0,10.0
3_8,4,3,8,2400,-110.0,-5.0,20.0,10.0
8_8,4,8,8,2400,-10.0,-5.0,20.0,10.0
13_8,4,13,8,2400,90.0,-5.0,20.0,10.0
1_9,4,1,9,2400,-150.0,5.0,20.0,10.0
6_9,4,6,9,1776,-50.0,5.0,20.0,10.0
11_9,4,11,9,1512,50.0,5.0,20.0,10.0
16_9,4,16,9,2400,150.0,5.0,20.0,10.0
4_10,4,4,10,1644,-90.0,15.0,20.0,10.0
14_10,4,14,10,1548,110.0,15.0,20.0,10.0
2_11,4,2,11,2400,-130.0,25.0,20.0,10.0
7_11,4,7,11,2400,-30.0,25.0,20.0,10.0
12_11,4,12,11,684,70.0,25.0,20.0,10.0
17_11,4,17,11,2400,170.0,25.0,20.0,10.0
0_12,4,0,12,2400,-170.0,35.0,20.0,10.0
5_12,4,5,12,2100,-70.0,35.0,20.0,10.0
10_12,4,10,12,1236,30.0,35.0,20.0,10.0
15_12,4,15,12,1968,130.0,35.0,20.0,10.0
8_13,4,8,13,1908,-10.0,45.0,20.0,10.0
1_14,4,1,14,2232,-150.0,55.0,20.0,10.0
6_14,4,6,14,2160,-50.0,55.0,20.0,10.0
16_14,4,16,14,1932,150.0,55.0,20.0,10.0
4_15,4,4,15,1080,-90.0,65.0,20.0,10.0
9_15,4,9,15,1320,10.0,65.0,20.0,10.0
2_16,4,2,16,2220,-130.0,75.0,20.0,10.0
7_16,4,7,16,96,-30.0,75.0,20.0,10.0
12_16,4,12,16,1428,70.0,75.0,20.0,10.0
17_16,4,17,16,1440,170.0,75.0,20.0,10.0
0_17,4,0,17,1008,-170.0,85.0,20.0,10.0
5_17,4,5,17,600,-70.0,85.0,20.0,10.0
10_17,4,10,17,840,30.0,85.0,20.0,10.0
15_17,4,15,17,816,130.0,85.0,20.0,10.0
