year,spatial_fold,evaluation_domain,budget,comparison,metric,n_seeds,mean_difference,sd_difference,seed_bootstrap_low,seed_bootstrap_high,fraction_difference_below_zero
2005,0,all,1000,historical_density_minus_random,mae,20,4.1061804717932,1.1583960051875182,3.588844352719742,4.584156374688301,0.0
2005,0,all,1000,historical_density_minus_random,median_absolute_error,20,2.7271892883303552,0.6415699950014452,2.4547550933473823,3.0095808995218016,0.0
2005,0,all,1000,historical_density_minus_random,p95_absolute_error,20,15.582513598458892,6.058003211422287,12.75886040104487,17.87392681255593,0.05
2005,0,all,1000,historical_density_minus_random,p99_absolute_error,20,25.2483916636,23.78473139117184,14.493353616506202,34.6375206740874,0.1
2005,0,all,1000,historical_density_minus_random,rmse,20,5.189460664209983,3.8571672314111822,3.3697506568363855,6.625786860992038,0.05
2005,0,all,1000,spatial_coverage_minus_random,mae,20,0.41550978989182197,1.3703301506545666,-0.2095877459686916,0.9623382668148404,0.2
2005,0,all,1000,spatial_coverage_minus_random,median_absolute_error,20,0.5050523547282783,0.6490923881982124,0.23150200683497177,0.7820575031459922,0.2
2005,0,all,1000,spatial_coverage_minus_random,p95_absolute_error,20,0.7665800165734126,5.809970149890322,-2.0451748103621736,2.8764853057680027,0.3
2005,0,all,1000,spatial_coverage_minus_random,p99_absolute_error,20,-4.198073546786263,19.366245379539784,-12.348930426045614,4.385964091109913,0.7
2005,0,all,1000,spatial_coverage_minus_random,rmse,20,-0.40257123072973755,4.148409406542627,-2.286794555016144,1.299310046835018,0.7
2005,0,all,5000,historical_density_minus_random,mae,20,4.504366344997425,0.6202108729185302,4.219480877491563,4.741508771648486,0.0
2005,0,all,5000,historical_density_minus_random,median_absolute_error,20,2.208929635830478,0.32538567199226165,2.0695531832685057,2.348202181828908,0.0
2005,0,all,5000,historical_density_minus_random,p95_absolute_error,20,22.137127475152074,3.3525532612597813,20.722850352247665,23.60920040616877,0.0
2005,0,all,5000,historical_density_minus_random,p99_absolute_error,20,39.84294745249159,14.401518622778571,32.830445624679015,45.130197410997816,0.05
2005,0,all,5000,historical_density_minus_random,rmse,20,7.170700060717678,2.1313882522932617,6.117291152416653,7.892470225820455,0.05
2005,0,all,5000,spatial_coverage_minus_random,mae,20,0.8332429842332129,0.8267397055964366,0.45159041193238203,1.1611486816766758,0.05
2005,0,all,5000,spatial_coverage_minus_random,median_absolute_error,20,0.6263806320141037,0.3502600537506,0.4786733043976048,0.775721225301761,0.05
2005,0,all,5000,spatial_coverage_minus_random,p95_absolute_error,20,1.2732784441682838,1.9325225899741207,0.3921327964491494,2.0337590560884453,0.2
2005,0,all,5000,spatial_coverage_minus_random,p99_absolute_error,20,2.7261059178398717,16.53746501074483,-4.656346894291876,9.410093578741341,0.3
2005,0,all,5000,spatial_coverage_minus_random,rmse,20,2.116931477681723,3.647256350960837,0.4252654769772668,3.6017577641421235,0.25
2005,0,spco2_le_threshold,1000,historical_density_minus_random,mae,20,4.09960905697482,1.1597059853691036,3.5737316080399455,4.5768411344499755,0.0
2005,0,spco2_le_threshold,1000,historical_density_minus_random,median_absolute_error,20,2.726796568584786,0.641329960108497,2.4598401271205246,2.9984201396184984,0.0
2005,0,spco2_le_threshold,1000,historical_density_minus_random,p95_absolute_error,20,15.549059691051742,6.0411830516731175,12.739995855592309,17.845510961042592,0.05
2005,0,spco2_le_threshold,1000,historical_density_minus_random,p99_absolute_error,20,25.570295998203925,23.714847818159498,14.597367388116119,35.01414895344268,0.1
2005,0,spco2_le_threshold,1000,historical_density_minus_random,rmse,20,5.272937965727124,4.049387787724414,3.384580121030644,6.756513820702765,0.05
2005,0,spco2_le_threshold,1000,spatial_coverage_minus_random,mae,20,0.41906978714391674,1.37235653014475,-0.20867542382871931,0.9602732648621171,0.2
2005,0,spco2_le_threshold,1000,spatial_coverage_minus_random,median_absolute_error,20,0.5051533628453327,0.6486539347910398,0.22666658035167425,0.7847224948225955,0.2
2005,0,spco2_le_threshold,1000,spatial_coverage_minus_random,p95_absolute_error,20,0.7598925612309216,5.813132414570578,-2.0790784344069317,2.832307052595259,0.25
2005,0,spco2_le_threshold,1000,spatial_coverage_minus_random,p99_absolute_error,20,-3.892498608933529,18.957212232473978,-11.9968175459896,4.17011212167556,0.7
2005,0,spco2_le_threshold,1000,spatial_coverage_minus_random,rmse,20,-0.32111120226016465,4.375260643203078,-2.3043828454621624,1.4478808085684287,0.6
2005,0,spco2_le_threshold,5000,historical_density_minus_random,mae,20,4.494965141192687,0.6214665621380682,4.207607374355814,4.729294796278422,0.0
2005,0,spco2_le_threshold,5000,historical_density_minus_random,median_absolute_error,20,2.2087906899477843,0.325589268308959,2.07104450742262,2.348588446728288,0.0
2005,0,spco2_le_threshold,5000,historical_density_minus_random,p95_absolute_error,20,22.081975799160972,3.3402471715363036,20.648788046270585,23.490940409832174,0.0
2005,0,spco2_le_threshold,5000,historical_density_minus_random,p99_absolute_error,20,39.8588352318762,14.321901337778353,33.17128957525706,45.038903077362974,0.05
2005,0,spco2_le_threshold,5000,historical_density_minus_random,rmse,20,7.311922540131606,2.276837011323235,6.16266486346432,8.082750338238846,0.05
2005,0,spco2_le_threshold,5000,spatial_coverage_minus_random,mae,20,0.8352669019163883,0.8301753324566473,0.456805257548996,1.1769729032668297,0.05
2005,0,spco2_le_threshold,5000,spatial_coverage_minus_random,median_absolute_error,20,0.6264912360633901,0.35023449952011004,0.4738386611575123,0.773994173760108,0.05
2005,0,spco2_le_threshold,5000,spatial_coverage_minus_random,p95_absolute_error,20,1.2811061096964138,1.9296672801986336,0.40974166725099065,2.05713491489156,0.2
2005,0,spco2_le_threshold,5000,spatial_coverage_minus_random,p99_absolute_error,20,2.708709445376347,16.396613926833584,-4.630910332585736,9.170624816877979,0.3
2005,0,spco2_le_threshold,5000,spatial_coverage_minus_random,rmse,20,2.2972367537265246,3.8957823007591794,0.5570869775866268,3.8886819991191204,0.25
2005,1,all,1000,historical_density_minus_random,mae,20,4.039195996596382,1.925641543262514,3.0934535613588534,4.7352141042469365,0.05
2005,1,all,1000,historical_density_minus_random,median_absolute_error,20,2.5305111741173762,0.6146676387854108,2.259577737339391,2.79379078184716,0.0
2005,1,all,1000,historical_density_minus_random,p95_absolute_error,20,14.112898283314925,10.180821250868995,9.146831328781563,17.773965637119268,0.05
2005,1,all,1000,historical_density_minus_random,p99_absolute_error,20,24.82658618645098,27.347347912235314,12.723699591392927,35.89793683593939,0.2
2005,1,all,1000,historical_density_minus_random,rmse,20,5.630832677192092,8.49172435208909,1.4202592648882557,8.483429302590038,0.1
2005,1,all,1000,spatial_coverage_minus_random,mae,20,0.6060580195010185,2.5492038064152625,-0.5551976031363111,1.6038741338817604,0.35
2005,1,all,1000,spatial_coverage_minus_random,median_absolute_error,20,0.608581767046462,0.6172476033188753,0.35839075866939674,0.8851542578569103,0.1
2005,1,all,1000,spatial_coverage_minus_random,p95_absolute_error,20,1.4736785382812971,11.57023455638072,-4.052988254439371,5.839681768355828,0.3
2005,1,all,1000,spatial_coverage_minus_random,p99_absolute_error,20,0.5248370813451977,27.99327853564585,-12.035767973179036,11.887272942427535,0.45
2005,1,all,1000,spatial_coverage_minus_random,rmse,20,0.3170404993837842,9.929050502588808,-4.4162154954044155,4.119367220497052,0.4
2005,1,all,5000,historical_density_minus_random,mae,20,4.469175095937203,0.8080148551120798,4.11273353761802,4.808956970642648,0.0
2005,1,all,5000,historical_density_minus_random,median_absolute_error,20,1.8812893770222103,0.3079380576328616,1.7572415175496479,2.019565857428935,0.0
2005,1,all,5000,historical_density_minus_random,p95_absolute_error,20,20.88300735342006,2.5391739625631993,19.793783625387647,21.990881198778588,0.0
2005,1,all,5000,historical_density_minus_random,p99_absolute_error,20,37.28078983043666,21.437346722406513,27.227332258422596,45.52108752355765,0.05
2005,1,all,5000,historical_density_minus_random,rmse,20,8.180774024759938,3.8346045523755374,6.4380897017494645,9.675284505602491,0.05
2005,1,all,5000,spatial_coverage_minus_random,mae,20,0.5501334104584628,1.0357200102888542,0.07131472440674094,0.9647872849274073,0.25
2005,1,all,5000,spatial_coverage_minus_random,median_absolute_error,20,0.703583515699313,0.33678450337644633,0.5589543167518074,0.844423266558397,0.0
2005,1,all,5000,spatial_coverage_minus_random,p95_absolute_error,20,0.9574569826111038,2.6690371433802484,-0.23460633486220359,2.0510404943293805,0.25
2005,1,all,5000,spatial_coverage_minus_random,p99_absolute_error,20,-8.727438679924239,22.831779666472283,-19.594241127489298,-0.015352983103949277,0.6
2005,1,all,5000,spatial_coverage_minus_random,rmse,20,0.26281334395295775,4.72384919795864,-1.958960011624712,2.1243327263172502,0.3
2005,1,spco2_le_threshold,1000,historical_density_minus_random,mae,20,4.039195996596382,1.925641543262514,3.0904974006278283,4.729367228679091,0.05
2005,1,spco2_le_threshold,1000,historical_density_minus_random,median_absolute_error,20,2.5305111741173762,0.6146676387854108,2.263357890898217,2.7922415914391685,0.0
2005,1,spco2_le_threshold,1000,historical_density_minus_random,p95_absolute_error,20,14.112898283314925,10.180821250868995,9.16684458282313,17.776010129135535,0.05
2005,1,spco2_le_threshold,1000,historical_density_minus_random,p99_absolute_error,20,24.82658618645098,27.347347912235314,12.493479711724191,36.2726586230794,0.2
2005,1,spco2_le_threshold,1000,historical_density_minus_random,rmse,20,5.630832677192092,8.49172435208909,1.4620950005540672,8.496504936211233,0.1
2005,1,spco2_le_threshold,1000,spatial_coverage_minus_random,mae,20,0.6060580195010185,2.5492038064152625,-0.5269815915126745,1.6137812103410105,0.35
2005,1,spco2_le_threshold,1000,spatial_coverage_minus_random,median_absolute_error,20,0.608581767046462,0.6172476033188753,0.3600795225501225,0.8823671757047136,0.1
2005,1,spco2_le_threshold,1000,spatial_coverage_minus_random,p95_absolute_error,20,1.4736785382812971,11.57023455638072,-4.150877538203326,5.801954191524248,0.3
2005,1,spco2_le_threshold,1000,spatial_coverage_minus_random,p99_absolute_error,20,0.5248370813451977,27.99327853564585,-12.336025638290586,11.847149985217273,0.45
2005,1,spco2_le_threshold,1000,spatial_coverage_minus_random,rmse,20,0.3170404993837842,9.929050502588808,-4.300781264983806,4.11397778415507,0.4
2005,1,spco2_le_threshold,5000,historical_density_minus_random,mae,20,4.469175095937203,0.8080148551120798,4.112036079790189,4.806438732751911,0.0
2005,1,spco2_le_threshold,5000,historical_density_minus_random,median_absolute_error,20,1.8812893770222103,0.3079380576328616,1.7578693242392125,2.0178114659707993,0.0
2005,1,spco2_le_threshold,5000,historical_density_minus_random,p95_absolute_error,20,20.88300735342006,2.5391739625631993,19.82628339926483,21.975576219030827,0.0
2005,1,spco2_le_threshold,5000,historical_density_minus_random,p99_absolute_error,20,37.28078983043666,21.437346722406513,27.127430956665684,45.32094592923473,0.05
2005,1,spco2_le_threshold,5000,historical_density_minus_random,rmse,20,8.180774024759938,3.8346045523755374,6.426306885765554,9.709203276977606,0.05
2005,1,spco2_le_threshold,5000,spatial_coverage_minus_random,mae,20,0.5501334104584628,1.0357200102888542,0.08267525639859254,0.9729064553672493,0.25
2005,1,spco2_le_threshold,5000,spatial_coverage_minus_random,median_absolute_error,20,0.703583515699313,0.33678450337644633,0.5596867258519084,0.8441365369666276,0.0
2005,1,spco2_le_threshold,5000,spatial_coverage_minus_random,p95_absolute_error,20,0.9574569826111038,2.6690371433802484,-0.2139775239906743,2.0528625035109616,0.25
2005,1,spco2_le_threshold,5000,spatial_coverage_minus_random,p99_absolute_error,20,-8.727438679924239,22.831779666472283,-19.150936633251554,0.13503361129554478,0.6
2005,1,spco2_le_threshold,5000,spatial_coverage_minus_random,rmse,20,0.26281334395295775,4.72384919795864,-1.8298414095068927,2.145638709576318,0.3
2005,2,all,1000,historical_density_minus_random,mae,20,4.990095797546646,2.346920005823513,3.884016651656282,5.8989930469311185,0.05
2005,2,all,1000,historical_density_minus_random,median_absolute_error,20,3.382491739321291,0.6472228688677312,3.1110831626769864,3.668893771400953,0.0
2005,2,all,1000,historical_density_minus_random,p95_absolute_error,20,21.031257143943332,11.477924541061146,15.751560856900994,25.666904241967426,0.05
2005,2,all,1000,historical_density_minus_random,p99_absolute_error,20,13.89477328557722,62.220311877885,-16.35128027141968,36.698948522354556,0.15
2005,2,all,1000,historical_density_minus_random,rmse,20,6.015393866779366,6.531046103863931,2.875954351457898,8.473252569346041,0.1
2005,2,all,1000,spatial_coverage_minus_random,mae,20,0.12791997363475324,2.723643599487814,-1.1227207942675732,1.1650944758081347,0.35
2005,2,all,1000,spatial_coverage_minus_random,median_absolute_error,20,0.8461313712162688,0.8872918507676162,0.47651078239641037,1.2258330336440497,0.2
2005,2,all,1000,spatial_coverage_minus_random,p95_absolute_error,20,0.6384828399444811,9.932789170845737,-3.8194989318122268,4.620860670234559,0.4
2005,2,all,1000,spatial_coverage_minus_random,p99_absolute_error,20,-33.70616272593219,70.45145023848674,-66.42582622133577,-7.6826492017294985,0.8
2005,2,all,1000,spatial_coverage_minus_random,rmse,20,-2.526056284820332,6.728448112300947,-5.729807434251665,-0.04821549764738526,0.75
2005,2,all,5000,historical_density_minus_random,mae,20,5.077845777195007,1.5366802466182548,4.396805597877442,5.700859174135982,0.0
2005,2,all,5000,historical_density_minus_random,median_absolute_error,20,2.554195431186372,0.3228151838139282,2.4107493309865617,2.688681438175349,0.0
2005,2,all,5000,historical_density_minus_random,p95_absolute_error,20,26.02840256574753,7.555786193228575,22.858396981396396,29.26478552907521,0.0
2005,2,all,5000,historical_density_minus_random,p99_absolute_error,20,37.14584512435846,43.17896891555774,17.56914297586145,54.06791897190851,0.15
2005,2,all,5000,historical_density_minus_random,rmse,20,7.2865716613522356,4.566778583304887,5.145075952531384,8.988863454041256,0.1
2005,2,all,5000,spatial_coverage_minus_random,mae,20,0.2100273736209764,1.1133337221465744,-0.28725135131880725,0.6687496215464903,0.35
2005,2,all,5000,spatial_coverage_minus_random,median_absolute_error,20,0.5297153209868187,0.293334710217604,0.40117030269886045,0.6531946691751612,0.05
2005,2,all,5000,spatial_coverage_minus_random,p95_absolute_error,20,1.4831586367309615,2.8865057771658504,0.19512979570597636,2.6803697579001176,0.3
2005,2,all,5000,spatial_coverage_minus_random,p99_absolute_error,20,-16.787720724093766,39.36624966837013,-34.68495593238099,-1.6616910969890284,0.5
2005,2,all,5000,spatial_coverage_minus_random,rmse,20,-2.4961997865153185,4.165207907037736,-4.44636766456531,-0.9463220876785052,0.9
2005,2,spco2_le_threshold,1000,historical_density_minus_random,mae,20,4.948577399733181,2.378942094675531,3.858071623517599,5.863758913570189,0.05
2005,2,spco2_le_threshold,1000,historical_density_minus_random,median_absolute_error,20,3.3818085124354385,0.6464173412237302,3.112381614766712,3.669768330974039,0.0
2005,2,spco2_le_threshold,1000,historical_density_minus_random,p95_absolute_error,20,20.919606327376457,11.386799194459785,15.669337521206483,25.441766305441007,0.05
2005,2,spco2_le_threshold,1000,historical_density_minus_random,p99_absolute_error,20,14.847575552894932,60.85320849053986,-13.789845262040501,37.82060599985918,0.15
2005,2,spco2_le_threshold,1000,historical_density_minus_random,rmse,20,6.183074112483908,8.427497623362921,2.084874415904111,9.322888129979773,0.1
2005,2,spco2_le_threshold,1000,spatial_coverage_minus_random,mae,20,0.13214782538263456,2.7719819861133868,-1.1364438869584708,1.2076860088734274,0.35
2005,2,spco2_le_threshold,1000,spatial_coverage_minus_random,median_absolute_error,20,0.8461445575980292,0.8864939457193814,0.48035760168424846,1.2275521264309472,0.2
2005,2,spco2_le_threshold,1000,spatial_coverage_minus_random,p95_absolute_error,20,0.6621563886987619,9.872574115830563,-3.8294893731648165,4.452594146554328,0.4
2005,2,spco2_le_threshold,1000,spatial_coverage_minus_random,p99_absolute_error,20,-32.332717174128085,68.38531142785725,-64.39720177519732,-6.979925485167408,0.75
2005,2,spco2_le_threshold,1000,spatial_coverage_minus_random,rmse,20,-2.6686692326503705,9.306518938200993,-7.109533148488209,0.8474864827090448,0.7
2005,2,spco2_le_threshold,5000,historical_density_minus_random,mae,20,5.030095657406581,1.56812372523822,4.34165262855361,5.6713468525846285,0.0
2005,2,spco2_le_threshold,5000,historical_density_minus_random,median_absolute_error,20,2.5533467059577575,0.32311708627840163,2.4123261477031948,2.6851150400313846,0.0
2005,2,spco2_le_threshold,5000,historical_density_minus_random,p95_absolute_error,20,25.840654671608537,7.532583765401349,22.755279408249223,29.119192518175854,0.0
2005,2,spco2_le_threshold,5000,historical_density_minus_random,p99_absolute_error,20,37.53679661248682,41.681611310158566,18.720721099183912,54.14121763648565,0.15
2005,2,spco2_le_threshold,5000,historical_density_minus_random,rmse,20,7.587215092502866,6.772307413576005,4.497930779010995,10.176280025761727,0.1
2005,2,spco2_le_threshold,5000,spatial_coverage_minus_random,mae,20,0.25414931411325786,1.1528013661093026,-0.26356995196291466,0.7106143902260381,0.35
2005,2,spco2_le_threshold,5000,spatial_coverage_minus_random,median_absolute_error,20,0.5299450031393904,0.2933489811661861,0.4004559699034923,0.6528465878033423,0.05
2005,2,spco2_le_threshold,5000,spatial_coverage_minus_random,p95_absolute_error,20,1.4777128246971902,2.8768749345829296,0.2278246359931036,2.660916468393757,0.3
2005,2,spco2_le_threshold,5000,spatial_coverage_minus_random,p99_absolute_error,20,-16.36899577874211,37.69396964469748,-33.71782789196874,-2.0350414896238727,0.5
2005,2,spco2_le_threshold,5000,spatial_coverage_minus_random,rmse,20,-0.8685184347658067,6.756089490448491,-4.020930118520117,1.725856619028729,0.4
2005,3,all,1000,historical_density_minus_random,mae,20,5.969962741873465,1.3479152192055552,5.3853276825424095,6.54299542813601,0.0
2005,3,all,1000,historical_density_minus_random,median_absolute_error,20,2.7485336010511445,0.6327234456046356,2.484317700455102,3.022479270701748,0.0
2005,3,all,1000,historical_density_minus_random,p95_absolute_error,20,28.564843461446664,9.936358776826792,24.417239415449927,32.803516938046535,0.0
2005,3,all,1000,historical_density_minus_random,p99_absolute_error,20,51.68375435719112,23.5088768665028,41.681116683901685,61.88948428734019,0.0
2005,3,all,1000,historical_density_minus_random,rmse,20,8.846528696533094,2.29315927103462,7.867570412741869,9.836898275989336,0.0
2005,3,all,1000,spatial_coverage_minus_random,mae,20,0.6950399280946178,1.47873172568514,0.11060025783558736,1.3633590080425853,0.35
2005,3,all,1000,spatial_coverage_minus_random,median_absolute_error,20,0.4501653258206516,0.5549680971733884,0.2230740191189495,0.6939771376799263,0.2
2005,3,all,1000,spatial_coverage_minus_random,p95_absolute_error,20,2.432090113164402,6.655908713169275,-0.11353788506622339,5.546544324380784,0.4
2005,3,all,1000,spatial_coverage_minus_random,p99_absolute_error,20,6.524551397782318,23.1921720703187,-2.6794308648365557,17.020065199410507,0.5
2005,3,all,1000,spatial_coverage_minus_random,rmse,20,0.770941977743318,2.093546714389163,-0.07388320045584526,1.7169514406048156,0.35
2005,3,all,5000,historical_density_minus_random,mae,20,6.094293671706953,0.6960680051867874,5.804825319656292,6.401344711153227,0.0
2005,3,all,5000,historical_density_minus_random,median_absolute_error,20,2.011582433094797,0.20164933855686615,1.9190054432978512,2.0943736095696326,0.0
2005,3,all,5000,historical_density_minus_random,p95_absolute_error,20,30.32193669998437,4.253941289559148,28.569021667719017,32.18872593925851,0.0
2005,3,all,5000,historical_density_minus_random,p99_absolute_error,20,62.71259398226209,18.976836595870267,55.16435109950182,71.03881459979725,0.0
2005,3,all,5000,historical_density_minus_random,rmse,20,9.838365910879972,1.3108076960451354,9.283166972294438,10.403513941495282,0.0
2005,3,all,5000,spatial_coverage_minus_random,mae,20,0.47861579806053695,0.45904348348185675,0.2867075811874098,0.6803736798674196,0.15
2005,3,all,5000,spatial_coverage_minus_random,median_absolute_error,20,0.4713593904929695,0.22827953855862915,0.3731881245442602,0.5687493664540696,0.05
2005,3,all,5000,spatial_coverage_minus_random,p95_absolute_error,20,1.02151822479313,1.7247343460275892,0.2812348733673774,1.7609811454021855,0.25
2005,3,all,5000,spatial_coverage_minus_random,p99_absolute_error,20,1.6874645278318217,6.232097088050309,-1.0559970192603256,4.331642957596872,0.35
2005,3,all,5000,spatial_coverage_minus_random,rmse,20,-1.1995530981365914,1.5152294041805636,-1.8611978067844375,-0.5688983873895318,0.8
2005,3,spco2_le_threshold,1000,historical_density_minus_random,mae,20,5.923735959077847,1.3457686680816963,5.342793987949788,6.488850022602247,0.0
2005,3,spco2_le_threshold,1000,historical_density_minus_random,median_absolute_error,20,2.7479084390814053,0.6333635736445963,2.47923287752923,3.020154173127858,0.0
2005,3,spco2_le_threshold,1000,historical_density_minus_random,p95_absolute_error,20,28.402248027280372,9.868189956399082,24.263220319570152,32.56233809589522,0.0
2005,3,spco2_le_threshold,1000,historical_density_minus_random,p99_absolute_error,20,51.82065447864695,23.6135974900263,41.85804914908469,62.036304479639696,0.0
2005,3,spco2_le_threshold,1000,historical_density_minus_random,rmse,20,11.53398994101151,3.067682838755465,10.196485234784783,12.817196030753909,0.0
2005,3,spco2_le_threshold,1000,spatial_coverage_minus_random,mae,20,0.6930209081046459,1.4833147923860728,0.10477861682855533,1.3454996658455847,0.35
2005,3,spco2_le_threshold,1000,spatial_coverage_minus_random,median_absolute_error,20,0.4504435275877568,0.5545965263443879,0.22422130789988373,0.6865437374445914,0.2
2005,3,spco2_le_threshold,1000,spatial_coverage_minus_random,p95_absolute_error,20,2.4174707155613104,6.624058236257049,-0.22060114257940036,5.489096092519515,0.4
2005,3,spco2_le_threshold,1000,spatial_coverage_minus_random,p99_absolute_error,20,6.459717430221545,22.899507853323435,-2.561375988376855,16.938113413644285,0.5
2005,3,spco2_le_threshold,1000,spatial_coverage_minus_random,rmse,20,1.135632672499283,3.347452131889497,-0.2334361322201142,2.6442231356142427,0.35
2005,3,spco2_le_threshold,5000,historical_density_minus_random,mae,20,6.035074913078925,0.7049174029999901,5.746840685542069,6.344194418861309,0.0
2005,3,spco2_le_threshold,5000,historical_density_minus_random,median_absolute_error,20,2.01082289038053,0.201173067091203,1.9222767204181135,2.092282558729216,0.0
2005,3,spco2_le_threshold,5000,historical_density_minus_random,p95_absolute_error,20,30.161024685791375,4.1918571443393695,28.466465911275595,31.982574071042457,0.0
2005,3,spco2_le_threshold,5000,historical_density_minus_random,p99_absolute_error,20,62.60308908110869,19.01292547243477,55.032357121255345,71.07722994660595,0.0
2005,3,spco2_le_threshold,5000,historical_density_minus_random,rmse,20,13.072097668500941,2.0770275132379448,12.201909004796386,13.981920846085108,0.0
2005,3,spco2_le_threshold,5000,spatial_coverage_minus_random,mae,20,0.5048730843164423,0.4652416304044627,0.31083275495258217,0.7026044643193677,0.15
2005,3,spco2_le_threshold,5000,spatial_coverage_minus_random,median_absolute_error,20,0.47153565160479616,0.22833009237190502,0.3720429982931793,0.5724422206690188,0.05
2005,3,spco2_le_threshold,5000,spatial_coverage_minus_random,p95_absolute_error,20,1.0215881965028162,1.7205003259526115,0.2874998128595802,1.752561908668473,0.25
2005,3,spco2_le_threshold,5000,spatial_coverage_minus_random,p99_absolute_error,20,1.7112403766877997,6.127108864158564,-1.006555768089539,4.3417973980189,0.35
2005,3,spco2_le_threshold,5000,spatial_coverage_minus_random,rmse,20,0.25924715092770806,1.2410767143642896,-0.30066715762225255,0.775536549495876,0.4
2005,4,all,1000,historical_density_minus_random,mae,20,4.489568098076921,1.2985618300989155,3.924246103779748,5.0369752426104855,0.0
2005,4,all,1000,historical_density_minus_random,median_absolute_error,20,2.340033584214374,0.7170949567091707,2.027665788109796,2.633974653254017,0.0
2005,4,all,1000,historical_density_minus_random,p95_absolute_error,20,19.27088647074428,7.9223106576617806,15.934824046765698,22.65195358505337,0.0
2005,4,all,1000,historical_density_minus_random,p99_absolute_error,20,35.494291239923456,14.852379167282018,29.309038527666484,41.69169764527148,0.0
2005,4,all,1000,historical_density_minus_random,rmse,20,8.180425412121586,2.4313792385180437,7.156400647891239,9.193404448062607,0.0
2005,4,all,1000,spatial_coverage_minus_random,mae,20,0.7714897065083297,1.1247366348088403,0.31043587069464273,1.25965938021316,0.3
2005,4,all,1000,spatial_coverage_minus_random,median_absolute_error,20,0.6020658260895733,0.6882060324759468,0.3028831827335503,0.8913317205878127,0.25
2005,4,all,1000,spatial_coverage_minus_random,p95_absolute_error,20,1.7644781550589734,3.7956750520130322,0.1722359085661635,3.429662018924687,0.35
2005,4,all,1000,spatial_coverage_minus_random,p99_absolute_error,20,4.985111501724001,10.722495889983914,0.6957297659502615,9.665194303974069,0.5
2005,4,all,1000,spatial_coverage_minus_random,rmse,20,0.9315008306603962,1.9367808425334458,0.16858259395526629,1.8242788134609187,0.3
2005,4,all,5000,historical_density_minus_random,mae,20,4.835263497083236,0.663358295622709,4.548115424001711,5.114623481625504,0.0
2005,4,all,5000,historical_density_minus_random,median_absolute_error,20,2.0460240824800535,0.2543728166205911,1.934513755185082,2.1521927254068745,0.0
2005,4,all,5000,historical_density_minus_random,p95_absolute_error,20,23.125371742066005,4.785910796362574,21.004437644125744,25.10503078656375,0.0
2005,4,all,5000,historical_density_minus_random,p99_absolute_error,20,36.77201749908039,9.007095149189604,32.81393058317711,40.57652378556696,0.0
2005,4,all,5000,historical_density_minus_random,rmse,20,9.069641525962549,1.3837192401952176,8.472136863801259,9.663321077124206,0.0
2005,4,all,5000,spatial_coverage_minus_random,mae,20,1.231107850399342,0.4675620209386933,1.0326154720193206,1.4326410770737699,0.0
2005,4,all,5000,spatial_coverage_minus_random,median_absolute_error,20,0.8185703017960861,0.2697303718026767,0.70291525111117,0.9337742409487279,0.0
2005,4,all,5000,spatial_coverage_minus_random,p95_absolute_error,20,2.385015945011813,1.1185307474769335,1.8951370054268313,2.8551093659742173,0.0
2005,4,all,5000,spatial_coverage_minus_random,p99_absolute_error,20,5.325669266336486,3.9211938525494947,3.7220313910920204,7.028324533346429,0.05
2005,4,all,5000,spatial_coverage_minus_random,rmse,20,2.922345039572091,2.726441104110181,1.864113686056821,4.141142584015172,0.0
2005,4,spco2_le_threshold,1000,historical_density_minus_random,mae,20,4.483034324248994,1.298487731064933,3.9312929754705945,5.03053421053415,0.0
2005,4,spco2_le_threshold,1000,historical_density_minus_random,median_absolute_error,20,2.3399607702634397,0.7170489560939346,2.0304965927771366,2.6307600336755277,0.0
2005,4,spco2_le_threshold,1000,historical_density_minus_random,p95_absolute_error,20,19.229783483916403,7.904724790922725,15.949064434236988,22.748128948317266,0.0
2005,4,spco2_le_threshold,1000,historical_density_minus_random,p99_absolute_error,20,35.3087781578007,14.682749063459465,28.953542974855942,41.568988303173164,0.0
2005,4,spco2_le_threshold,1000,historical_density_minus_random,rmse,20,8.529268526488135,2.5810740248338533,7.453290163953797,9.63023312045258,0.0
2005,4,spco2_le_threshold,1000,spatial_coverage_minus_random,mae,20,0.7745209600501047,1.1284641053292812,0.2951619785173956,1.2758065822078544,0.25
2005,4,spco2_le_threshold,1000,spatial_coverage_minus_random,median_absolute_error,20,0.6021078786011825,0.6880061214098628,0.30508275409015506,0.8875661774676791,0.2
2005,4,spco2_le_threshold,1000,spatial_coverage_minus_random,p95_absolute_error,20,1.7625268014823454,3.792356121069123,0.20618592384527268,3.439463509510202,0.35
2005,4,spco2_le_threshold,1000,spatial_coverage_minus_random,p99_absolute_error,20,4.966523361180451,10.626679201185622,0.7661945138366868,9.744826811895114,0.5
2005,4,spco2_le_threshold,1000,spatial_coverage_minus_random,rmse,20,1.1343056149734994,2.200864262502142,0.270819421126262,2.1522535899620316,0.25
2005,4,spco2_le_threshold,5000,historical_density_minus_random,mae,20,4.827362588022341,0.6637658030186828,4.5402886047366655,5.107575356288944,0.0
2005,4,spco2_le_threshold,5000,historical_density_minus_random,median_absolute_error,20,2.045484132990917,0.25414886595240127,1.9332874609467179,2.152572093600128,0.0
2005,4,spco2_le_threshold,5000,historical_density_minus_random,p95_absolute_error,20,23.073133542298827,4.775678252106373,20.99718131449668,25.008888745863132,0.0
2005,4,spco2_le_threshold,5000,historical_density_minus_random,p99_absolute_error,20,36.63842089459607,9.043787611676784,32.70026987553146,40.39146214548624,0.0
2005,4,spco2_le_threshold,5000,historical_density_minus_random,rmse,20,9.564422342690142,1.5116921346706493,8.917076459637759,10.203020092667023,0.0
2005,4,spco2_le_threshold,5000,spatial_coverage_minus_random,mae,20,1.2433562567885175,0.4695084053820537,1.0368047884629166,1.4434679315182941,0.0
2005,4,spco2_le_threshold,5000,spatial_coverage_minus_random,median_absolute_error,20,0.8184080858619854,0.26950954790835135,0.7065454859561728,0.9338091336245856,0.0
2005,4,spco2_le_threshold,5000,spatial_coverage_minus_random,p95_absolute_error,20,2.3875868121112394,1.115565143828704,1.8967344642752417,2.8554850934335643,0.0
2005,4,spco2_le_threshold,5000,spatial_coverage_minus_random,p99_absolute_error,20,5.251048976151975,3.8538967651658282,3.5795870338100286,6.850180688919358,0.05
2005,4,spco2_le_threshold,5000,spatial_coverage_minus_random,rmse,20,3.6788025955833357,3.0738247557368568,2.4657566730362475,5.062202155982947,0.0
2010,0,all,1000,historical_density_minus_random,mae,20,4.196864956308304,1.142289184209842,3.6938472365212034,4.660896761947757,0.0
2010,0,all,1000,historical_density_minus_random,median_absolute_error,20,2.6858069034176353,0.7069085402149989,2.3835139104422027,2.982226409011373,0.0
2010,0,all,1000,historical_density_minus_random,p95_absolute_error,20,13.404390269625178,4.640841316707917,11.431859534934805,15.367387363649675,0.0
2010,0,all,1000,historical_density_minus_random,p99_absolute_error,20,41.308334867964255,16.683759952650803,34.2624159344343,48.61466742860784,0.0
2010,0,all,1000,historical_density_minus_random,rmse,20,6.339363369017439,2.553050157538872,5.1911723014631015,7.32720848875193,0.05
2010,0,all,1000,spatial_coverage_minus_random,mae,20,0.6387299615377825,1.0862310779013216,0.1205937184797902,1.035844799055573,0.1
2010,0,all,1000,spatial_coverage_minus_random,median_absolute_error,20,0.7274751794551506,0.4846174469305001,0.5202691656597817,0.9291478609859712,0.05
2010,0,all,1000,spatial_coverage_minus_random,p95_absolute_error,20,1.3084926302882494,3.9508842371347814,-0.5270769405954371,2.7807658629887992,0.2
2010,0,all,1000,spatial_coverage_minus_random,p99_absolute_error,20,-1.3395086920963102,10.892747451142437,-6.03788825038911,3.197248420397277,0.55
2010,0,all,1000,spatial_coverage_minus_random,rmse,20,0.4614840569925761,4.667161882520433,-1.4229778399079689,2.5812614776362173,0.5
2010,0,all,5000,historical_density_minus_random,mae,20,4.969970884035222,0.8144134249437578,4.596679720465737,5.2945116695454315,0.0
2010,0,all,5000,historical_density_minus_random,median_absolute_error,20,2.2178730346671065,0.34027191544004964,2.0762482635127104,2.364832840575856,0.0
2010,0,all,5000,historical_density_minus_random,p95_absolute_error,20,17.775871127279736,4.454197955164927,15.879921812083083,19.6727951878728,0.0
2010,0,all,5000,historical_density_minus_random,p99_absolute_error,20,64.52797249365211,24.11482302567169,53.44149628883042,74.11062614793933,0.0
2010,0,all,5000,historical_density_minus_random,rmse,20,9.453673133548188,2.306475615129024,8.398502823843202,10.35045548296411,0.0
2010,0,all,5000,spatial_coverage_minus_random,mae,20,1.0404662258752375,0.781572988554292,0.694508600901785,1.361668893564976,0.1
2010,0,all,5000,spatial_coverage_minus_random,median_absolute_error,20,0.8615962408476762,0.4102085303794747,0.6895040876741917,1.0437409515690608,0.0
2010,0,all,5000,spatial_coverage_minus_random,p95_absolute_error,20,1.7179667472943265,2.2678989897806656,0.7453138874491665,2.7024145812198292,0.15
2010,0,all,5000,spatial_coverage_minus_random,p99_absolute_error,20,-1.0023317783598173,21.828947284481977,-11.12901746916368,7.473028646989372,0.4
2010,0,all,5000,spatial_coverage_minus_random,rmse,20,2.1054179850716777,3.2878436080694207,0.6619107101986599,3.439256783400979,0.2
2010,0,spco2_le_threshold,1000,historical_density_minus_random,mae,20,4.191488550254215,1.144847561857664,3.6768824215991893,4.660970315315837,0.0
2010,0,spco2_le_threshold,1000,historical_density_minus_random,median_absolute_error,20,2.6851121768361765,0.7065389221500493,2.3776014859066903,2.9750650766380238,0.0
2010,0,spco2_le_threshold,1000,historical_density_minus_random,p95_absolute_error,20,13.371851638590352,4.621688932813755,11.42064464316715,15.365163419646896,0.0
2010,0,spco2_le_threshold,1000,historical_density_minus_random,p99_absolute_error,20,41.426600739186995,16.43072915296721,34.62880059873349,48.67768432569532,0.0
2010,0,spco2_le_threshold,1000,historical_density_minus_random,rmse,20,6.7795897338687805,2.865753979361289,5.4925148016272285,7.913666788877385,0.05
2010,0,spco2_le_threshold,1000,spatial_coverage_minus_random,mae,20,0.643775626315111,1.0878377914594992,0.12743848992608747,1.0362387374935584,0.1
2010,0,spco2_le_threshold,1000,spatial_coverage_minus_random,median_absolute_error,20,0.7273622827922253,0.48442917133513513,0.5179034143923182,0.9275131854985503,0.05
2010,0,spco2_le_threshold,1000,spatial_coverage_minus_random,p95_absolute_error,20,1.3121009887167119,3.9533272838941755,-0.5829370261555954,2.7783789488202695,0.2
2010,0,spco2_le_threshold,1000,spatial_coverage_minus_random,p99_absolute_error,20,-1.0420939600238228,10.426851107547254,-5.628513532636146,3.3246106810697063,0.55
2010,0,spco2_le_threshold,1000,spatial_coverage_minus_random,rmse,20,0.6824043451524477,5.06780860540922,-1.3988915445243462,3.0413624724280157,0.5
2010,0,spco2_le_threshold,5000,historical_density_minus_random,mae,20,4.9568249132123565,0.8141664936100588,4.589185111479897,5.275934027083494,0.0
2010,0,spco2_le_threshold,5000,historical_density_minus_random,median_absolute_error,20,2.217105090647192,0.3401943419666192,2.0743694720068024,2.3644692567529284,0.0
2010,0,spco2_le_threshold,5000,historical_density_minus_random,p95_absolute_error,20,17.71719281486373,4.4335690832018635,15.874526499706977,19.603799778797423,0.0
2010,0,spco2_le_threshold,5000,historical_density_minus_random,p99_absolute_error,20,64.6491379668401,23.861326380482954,53.935567394356035,74.33298064267552,0.0
2010,0,spco2_le_threshold,5000,historical_density_minus_random,rmse,20,10.006887587937532,2.514462521181744,8.832052047863765,10.99085299684086,0.0
2010,0,spco2_le_threshold,5000,spatial_coverage_minus_random,mae,20,1.0438298455303883,0.7842898907783342,0.7092572710047226,1.374090955848276,0.1
2010,0,spco2_le_threshold,5000,spatial_coverage_minus_random,median_absolute_error,20,0.8611816527920524,0.40990531618403425,0.6922342022355373,1.0401455554468975,0.0
2010,0,spco2_le_threshold,5000,spatial_coverage_minus_random,p95_absolute_error,20,1.7168878476096725,2.26565579159325,0.7485310040529838,2.659298447488737,0.15
2010,0,spco2_le_threshold,5000,spatial_coverage_minus_random,p99_absolute_error,20,-1.1883377716141523,21.186311199908534,-11.09151791906269,7.00605803591316,0.4
2010,0,spco2_le_threshold,5000,spatial_coverage_minus_random,rmse,20,2.465459816346648,3.659546921165749,0.8206477543722758,3.9992422745402942,0.2
2010,1,all,1000,historical_density_minus_random,mae,20,4.067319223828067,1.5790695477075016,3.3418883063809375,4.685206894124666,0.05
2010,1,all,1000,historical_density_minus_random,median_absolute_error,20,2.7010446375397903,0.6931702501160933,2.4016789637591067,2.994618665577806,0.0
2010,1,all,1000,historical_density_minus_random,p95_absolute_error,20,11.768472402828277,9.29546896154451,7.2888680561800046,15.151272313311663,0.05
2010,1,all,1000,historical_density_minus_random,p99_absolute_error,20,20.277851084249033,26.44553710710049,8.27548789100587,30.766858293316997,0.2
2010,1,all,1000,historical_density_minus_random,rmse,20,6.264457068001577,4.439630596487032,4.100550480085226,7.90631602467755,0.05
2010,1,all,1000,spatial_coverage_minus_random,mae,20,0.9607096563592566,1.9363976103007425,0.06120434903772682,1.7574803582474527,0.25
2010,1,all,1000,spatial_coverage_minus_random,median_absolute_error,20,0.874420171768611,0.7894125293347681,0.5407777715689714,1.2144040318683273,0.1
2010,1,all,1000,spatial_coverage_minus_random,p95_absolute_error,20,1.477817129417888,9.509064970171316,-3.122259182935168,4.7922911441732285,0.3
2010,1,all,1000,spatial_coverage_minus_random,p99_absolute_error,20,4.192220226291023,23.20327926336124,-6.034139251193348,13.643877790151077,0.35
2010,1,all,1000,spatial_coverage_minus_random,rmse,20,1.3255151749691891,5.2683312027688824,-1.0926052998851843,3.4480651977222654,0.4
2010,1,all,5000,historical_density_minus_random,mae,20,3.9927557184256273,0.7341142759034649,3.666984312383491,4.298321792653265,0.0
2010,1,all,5000,historical_density_minus_random,median_absolute_error,20,1.71368038008429,0.3155364778417641,1.5787502953960282,1.8533292575961253,0.0
2010,1,all,5000,historical_density_minus_random,p95_absolute_error,20,15.827983158934979,3.4895302960912953,14.389160677754893,17.38040512935079,0.0
2010,1,all,5000,historical_density_minus_random,p99_absolute_error,20,38.96825757903828,22.645335094675314,29.782252599076255,49.027738028074396,0.0
2010,1,all,5000,historical_density_minus_random,rmse,20,8.18088337654415,2.7585491340548436,6.946318954186282,9.317207612732432,0.05
2010,1,all,5000,spatial_coverage_minus_random,mae,20,0.6466644441002227,0.806409585032482,0.2974562729155611,0.9787112377067116,0.1
2010,1,all,5000,spatial_coverage_minus_random,median_absolute_error,20,0.9569072625386525,0.34022273429479544,0.8151377686940724,1.1056061008929112,0.0
2010,1,all,5000,spatial_coverage_minus_random,p95_absolute_error,20,0.49330249412195926,2.2357855964756537,-0.4739523523088239,1.4361573791852178,0.4
2010,1,all,5000,spatial_coverage_minus_random,p99_absolute_error,20,-12.908251958288826,12.275315292262533,-18.491239523499676,-7.925786650320032,0.9
2010,1,all,5000,spatial_coverage_minus_random,rmse,20,0.40037664649420374,4.283500608755754,-1.3862624275186912,2.2563278876520627,0.45
2010,1,spco2_le_threshold,1000,historical_density_minus_random,mae,20,4.065580664915215,1.5797300229592102,3.324280974318127,4.675315060524497,0.05
2010,1,spco2_le_threshold,1000,historical_density_minus_random,median_absolute_error,20,2.7010621294519064,0.6932276849606418,2.398509976777884,2.987252461679252,0.0
2010,1,spco2_le_threshold,1000,historical_density_minus_random,p95_absolute_error,20,11.764681767851053,9.3000098945951,7.2432184334248815,15.13350825793545,0.05
2010,1,spco2_le_threshold,1000,historical_density_minus_random,p99_absolute_error,20,20.2489084471833,26.425745229759826,8.153826553453968,30.67185002563078,0.2
2010,1,spco2_le_threshold,1000,historical_density_minus_random,rmse,20,6.3377672660800535,4.5192037350931145,4.173480086830047,8.023032736262389,0.05
2010,1,spco2_le_threshold,1000,spatial_coverage_minus_random,mae,20,0.9623612523152147,1.9380912706492661,0.09848642776682087,1.7330324848149705,0.25
2010,1,spco2_le_threshold,1000,spatial_coverage_minus_random,median_absolute_error,20,0.8744174465545737,0.7894651982575059,0.5432333568950712,1.2223491529404182,0.1
2010,1,spco2_le_threshold,1000,spatial_coverage_minus_random,p95_absolute_error,20,1.4760460802721298,9.512558043467529,-3.228902085856072,4.812437274262508,0.3
2010,1,spco2_le_threshold,1000,spatial_coverage_minus_random,p99_absolute_error,20,4.1488558316379445,23.15596700697277,-5.965758807729716,13.548929065112306,0.35
2010,1,spco2_le_threshold,1000,spatial_coverage_minus_random,rmse,20,1.3926663256053597,5.3829822515080155,-1.056088861453649,3.6093578111087004,0.35
2010,1,spco2_le_threshold,5000,historical_density_minus_random,mae,20,3.99009609744744,0.7353176776632184,3.673604994216006,4.293377271727934,0.0
2010,1,spco2_le_threshold,5000,historical_density_minus_random,median_absolute_error,20,1.7136568254679136,0.31544757045252303,1.5803972659478374,1.8459447861411105,0.0
2010,1,spco2_le_threshold,5000,historical_density_minus_random,p95_absolute_error,20,15.822598178721858,3.488680949320384,14.39354910537348,17.35776278517432,0.0
2010,1,spco2_le_threshold,5000,historical_density_minus_random,p99_absolute_error,20,38.951292273548724,22.620177711731014,29.74361308136696,48.91367262706418,0.0
2010,1,spco2_le_threshold,5000,historical_density_minus_random,rmse,20,8.27915591355646,2.8415632124524732,7.031400299805171,9.45108293056742,0.05
2010,1,spco2_le_threshold,5000,spatial_coverage_minus_random,mae,20,0.6494259534403679,0.80851009030305,0.2838105658015264,0.9774116192022165,0.1
2010,1,spco2_le_threshold,5000,spatial_coverage_minus_random,median_absolute_error,20,0.9569529769802173,0.3401196449249693,0.815196559258032,1.107623007316536,0.0
2010,1,spco2_le_threshold,5000,spatial_coverage_minus_random,p95_absolute_error,20,0.4947290424351184,2.233681637585743,-0.482861772929382,1.4356888990815384,0.4
2010,1,spco2_le_threshold,5000,spatial_coverage_minus_random,p99_absolute_error,20,-12.876416544941355,12.259130593689129,-18.17879999893891,-7.949527703916325,0.9
2010,1,spco2_le_threshold,5000,spatial_coverage_minus_random,rmse,20,0.4706464944756229,4.408221791741406,-1.4296672021326258,2.3480386231818526,0.45
2010,2,all,1000,historical_density_minus_random,mae,20,6.207385484794267,1.5934501530545937,5.512440997874992,6.873227600636037,0.0
2010,2,all,1000,historical_density_minus_random,median_absolute_error,20,3.5435390305570054,0.7737995167558755,3.2319041821974777,3.88266074780728,0.0
2010,2,all,1000,historical_density_minus_random,p95_absolute_error,20,31.05881769629617,10.377874004386156,26.676112686979444,35.62389204137954,0.0
2010,2,all,1000,historical_density_minus_random,p99_absolute_error,20,12.423575874707478,39.226349331008834,-5.7442553521471735,27.247991089564486,0.15
2010,2,all,1000,historical_density_minus_random,rmse,20,7.1683843810036505,4.170225097495527,5.326211958561043,8.838296547806536,0.1
2010,2,all,1000,spatial_coverage_minus_random,mae,20,0.08390358394147306,1.9268810956079565,-0.7985576239099642,0.8129105754599762,0.35
2010,2,all,1000,spatial_coverage_minus_random,median_absolute_error,20,0.7373395224762261,0.678963859748905,0.42449701170095,1.0070624635323648,0.1
2010,2,all,1000,spatial_coverage_minus_random,p95_absolute_error,20,0.6089054059848553,6.764638782798299,-2.355837634338709,3.3537224301874025,0.55
2010,2,all,1000,spatial_coverage_minus_random,p99_absolute_error,20,-33.52929283388818,47.68780949995535,-54.99774684229945,-14.366995253973819,0.8
2010,2,all,1000,spatial_coverage_minus_random,rmse,20,-1.9344554566430883,4.055339908103147,-3.8681960034462946,-0.4213107740815841,0.8
2010,2,all,5000,historical_density_minus_random,mae,20,6.131048642638264,0.8228714782906102,5.784361383040628,6.483059352675982,0.0
2010,2,all,5000,historical_density_minus_random,median_absolute_error,20,2.401392424160116,0.4138791018146731,2.218994637089046,2.576112330075067,0.0
2010,2,all,5000,historical_density_minus_random,p95_absolute_error,20,31.460196284377293,8.28598065981376,28.033848458275397,35.17858501128831,0.0
2010,2,all,5000,historical_density_minus_random,p99_absolute_error,20,54.280677593985885,26.169754882402625,43.186602413639086,65.522154472557,0.0
2010,2,all,5000,historical_density_minus_random,rmse,20,8.761365837980724,1.5462247441017327,8.139669427552006,9.447403477798392,0.0
2010,2,all,5000,spatial_coverage_minus_random,mae,20,0.5876185678982389,0.9117177625696794,0.17907382166931374,0.9628294468597252,0.25
2010,2,all,5000,spatial_coverage_minus_random,median_absolute_error,20,0.7316800117099007,0.4351722783825725,0.5480865241986198,0.9146953457461832,0.1
2010,2,all,5000,spatial_coverage_minus_random,p95_absolute_error,20,1.9097903094835034,3.3140532015594197,0.4009222872011885,3.2521394193773383,0.15
2010,2,all,5000,spatial_coverage_minus_random,p99_absolute_error,20,-10.442297266869584,21.69673664114986,-19.54306790216618,-1.458431077756321,0.65
2010,2,all,5000,spatial_coverage_minus_random,rmse,20,-0.9504152978480824,1.3526030709977823,-1.5314547676468468,-0.3883620874476681,0.75
2010,2,spco2_le_threshold,1000,historical_density_minus_random,mae,20,6.178764154279415,1.6014542786741355,5.466079651387561,6.834616918733793,0.0
2010,2,spco2_le_threshold,1000,historical_density_minus_random,median_absolute_error,20,3.5421394954034495,0.773509380928079,3.2307727624877076,3.8908884981445158,0.0
2010,2,spco2_le_threshold,1000,historical_density_minus_random,p95_absolute_error,20,30.81584307840213,10.278196651013634,26.408548817875666,35.22967947034431,0.0
2010,2,spco2_le_threshold,1000,historical_density_minus_random,p99_absolute_error,20,14.351345320418025,37.75146317060232,-3.006913298312681,28.676618576899376,0.15
2010,2,spco2_le_threshold,1000,historical_density_minus_random,rmse,20,8.074201185560547,5.273753374420484,5.619228613421003,10.135893435240517,0.1
2010,2,spco2_le_threshold,1000,spatial_coverage_minus_random,mae,20,0.08219562411928694,1.9603075476551222,-0.8323453040747859,0.8286496118431327,0.35
2010,2,spco2_le_threshold,1000,spatial_coverage_minus_random,median_absolute_error,20,0.7375515161889439,0.6788855049548049,0.4261594802243569,1.0017390912959732,0.1
2010,2,spco2_le_threshold,1000,spatial_coverage_minus_random,p95_absolute_error,20,0.6157385075569788,6.726899273586283,-2.3912221286915214,3.3648578332631502,0.55
2010,2,spco2_le_threshold,1000,spatial_coverage_minus_random,p99_absolute_error,20,-31.599150432986825,45.95323731798986,-52.436607111057334,-13.427840750441767,0.8
2010,2,spco2_le_threshold,1000,spatial_coverage_minus_random,rmse,20,-2.49710934573436,5.961051510288875,-5.27450101092843,-0.21645999194983426,0.65
2010,2,spco2_le_threshold,5000,historical_density_minus_random,mae,20,6.10741277796385,0.8280761956878797,5.756098134352918,6.458816405181914,0.0
2010,2,spco2_le_threshold,5000,historical_density_minus_random,median_absolute_error,20,2.400020437236492,0.41377983401090346,2.2200618280180455,2.570081355047114,0.0
2010,2,spco2_le_threshold,5000,historical_density_minus_random,p95_absolute_error,20,31.172248094132716,8.178961176773836,27.736548366696653,34.79936438172788,0.0
2010,2,spco2_le_threshold,5000,historical_density_minus_random,p99_absolute_error,20,54.98842827515271,25.20238223045964,44.27054338844721,65.82087989028909,0.0
2010,2,spco2_le_threshold,5000,historical_density_minus_random,rmse,20,10.695465156138116,2.172605189083087,9.793775373549561,11.629138933502924,0.0
2010,2,spco2_le_threshold,5000,spatial_coverage_minus_random,mae,20,0.613921873705565,0.9236066212040299,0.19445335491191745,0.9936158967920127,0.25
2010,2,spco2_le_threshold,5000,spatial_coverage_minus_random,median_absolute_error,20,0.7315663916893895,0.4345421271499722,0.549408208884073,0.9185085051604868,0.1
2010,2,spco2_le_threshold,5000,spatial_coverage_minus_random,p95_absolute_error,20,1.906805810416035,3.292892588463834,0.42533460317346866,3.2163466927126847,0.15
2010,2,spco2_le_threshold,5000,spatial_coverage_minus_random,p99_absolute_error,20,-10.130266174638914,20.537781159919337,-18.815032461628373,-1.3482764059021957,0.7
2010,2,spco2_le_threshold,5000,spatial_coverage_minus_random,rmse,20,-0.22814269163360432,2.433648837544622,-1.278400142353062,0.7800538448491602,0.45
2010,3,all,1000,historical_density_minus_random,mae,20,4.547296221224757,1.2990557238998122,3.975911429017308,5.097575628515407,0.0
2010,3,all,1000,historical_density_minus_random,median_absolute_error,20,2.350614302525932,0.7880868752336693,2.00519464543563,2.689233969228391,0.0
2010,3,all,1000,historical_density_minus_random,p95_absolute_error,20,20.546142331536124,6.050034309785966,17.95661584166889,23.11897778648338,0.0
2010,3,all,1000,historical_density_minus_random,p99_absolute_error,20,31.23084226125143,33.716791373516436,15.030064908220348,44.145511933794914,0.05
2010,3,all,1000,historical_density_minus_random,rmse,20,7.6535278972525305,2.6814228372856355,6.416381108274204,8.692695157257539,0.05
2010,3,all,1000,spatial_coverage_minus_random,mae,20,0.4471541604496855,1.4589689628716649,-0.18368316847750266,1.0496795542087822,0.35
2010,3,all,1000,spatial_coverage_minus_random,median_absolute_error,20,0.5621360204730943,0.661386812084894,0.2813016158612407,0.8453801037504047,0.2
2010,3,all,1000,spatial_coverage_minus_random,p95_absolute_error,20,1.0609541537792748,5.284208283293062,-1.1879932721818725,3.3097268625565914,0.3
2010,3,all,1000,spatial_coverage_minus_random,p99_absolute_error,20,-3.440799706243633,34.55196388152662,-20.079580685941643,7.876203161825781,0.4
2010,3,all,1000,spatial_coverage_minus_random,rmse,20,0.2831613064895045,2.943648557555069,-1.1322549300851312,1.3290412359076174,0.4
2010,3,all,5000,historical_density_minus_random,mae,20,4.665831671064737,0.6389011388745112,4.4005050528258804,4.946808723426895,0.0
2010,3,all,5000,historical_density_minus_random,median_absolute_error,20,1.4676678301077815,0.2747099721829242,1.3479523170320815,1.5815985739267746,0.0
2010,3,all,5000,historical_density_minus_random,p95_absolute_error,20,23.57080625025792,3.701543436149382,22.03704453131789,25.211355289170104,0.0
2010,3,all,5000,historical_density_minus_random,p99_absolute_error,20,50.674234113567856,16.837369330365096,43.82525013049504,58.07240645963088,0.0
2010,3,all,5000,historical_density_minus_random,rmse,20,9.642971384598223,1.243507683724112,9.130663128091895,10.199307526850962,0.0
2010,3,all,5000,spatial_coverage_minus_random,mae,20,0.46976670591118525,0.5960743771594802,0.20785936729036714,0.7109368006913727,0.15
2010,3,all,5000,spatial_coverage_minus_random,median_absolute_error,20,0.563155775507741,0.39796775686925323,0.3930905348208081,0.7369491005685368,0.05
2010,3,all,5000,spatial_coverage_minus_random,p95_absolute_error,20,1.339876959067981,1.6421945859215765,0.594747883301229,2.003848265676579,0.15
2010,3,all,5000,spatial_coverage_minus_random,p99_absolute_error,20,-0.3468396241130286,6.186803230625629,-3.3934821702663767,1.9639016693781974,0.45
2010,3,all,5000,spatial_coverage_minus_random,rmse,20,-1.049138178375069,1.5332598411379579,-1.7195194412684367,-0.41232715003602555,0.85
2010,3,spco2_le_threshold,1000,historical_density_minus_random,mae,20,4.500907922979495,1.3002865220206234,3.9365161668619146,5.02709072041984,0.0
2010,3,spco2_le_threshold,1000,historical_density_minus_random,median_absolute_error,20,2.350127515201899,0.7877646998862808,2.01104011025998,2.6881940898941714,0.0
2010,3,spco2_le_threshold,1000,historical_density_minus_random,p95_absolute_error,20,20.434277127315436,6.003368927636495,17.870714038382804,22.998743074070322,0.0
2010,3,spco2_le_threshold,1000,historical_density_minus_random,p99_absolute_error,20,31.37967794691715,33.077564723701954,16.38283321333342,43.869907740135275,0.05
2010,3,spco2_le_threshold,1000,historical_density_minus_random,rmse,20,8.522329777200937,3.673650894374512,6.802186503978056,9.911518250271063,0.05
2010,3,spco2_le_threshold,1000,spatial_coverage_minus_random,mae,20,0.44051622284571473,1.464588893470943,-0.20471954244703106,1.0596065669488068,0.35
2010,3,spco2_le_threshold,1000,spatial_coverage_minus_random,median_absolute_error,20,0.5621419782822017,0.6615007176852892,0.2784485259529738,0.8457822418860963,0.2
2010,3,spco2_le_threshold,1000,spatial_coverage_minus_random,p95_absolute_error,20,1.0561153910514147,5.257006255788697,-1.1466634343810487,3.2864981902678685,0.3
2010,3,spco2_le_threshold,1000,spatial_coverage_minus_random,p99_absolute_error,20,-3.271778786955605,33.90229827937935,-19.900240309106348,7.819392745854123,0.4
2010,3,spco2_le_threshold,1000,spatial_coverage_minus_random,rmse,20,0.07133120979240744,4.077659291073036,-1.8578961012281867,1.5187575163226483,0.4
2010,3,spco2_le_threshold,5000,historical_density_minus_random,mae,20,4.603618652829723,0.6445788372724973,4.335356204277859,4.883427134395076,0.0
2010,3,spco2_le_threshold,5000,historical_density_minus_random,median_absolute_error,20,1.4675288583208332,0.27458850759334863,1.3496194170310778,1.5826541232393334,0.0
2010,3,spco2_le_threshold,5000,historical_density_minus_random,p95_absolute_error,20,23.48653705205004,3.670709685733398,21.981964146124,25.079066659688127,0.0
2010,3,spco2_le_threshold,5000,historical_density_minus_random,p99_absolute_error,20,50.37886856474075,16.736906167719503,43.52478643595969,57.695356193932696,0.0
2010,3,spco2_le_threshold,5000,historical_density_minus_random,rmse,20,10.943017515823161,1.8959317212230848,10.08565442665991,11.721457910042686,0.0
2010,3,spco2_le_threshold,5000,spatial_coverage_minus_random,mae,20,0.48797358604471375,0.6000638657348049,0.22618698403132004,0.7316922758127451,0.15
2010,3,spco2_le_threshold,5000,spatial_coverage_minus_random,median_absolute_error,20,0.563366102471727,0.3981998615823813,0.39464861045325367,0.7385189751448068,0.1
2010,3,spco2_le_threshold,5000,spatial_coverage_minus_random,p95_absolute_error,20,1.3436574848313203,1.6298579705106833,0.6126751037098955,1.9934240877052953,0.15
2010,3,spco2_le_threshold,5000,spatial_coverage_minus_random,p99_absolute_error,20,-0.3491368788988602,6.004777686653964,-3.2486513006986497,1.831564638281507,0.45
2010,3,spco2_le_threshold,5000,spatial_coverage_minus_random,rmse,20,-0.18422754916478395,1.8427743031495376,-1.070202319348025,0.44100218781344763,0.3
2010,4,all,1000,historical_density_minus_random,mae,20,4.09840727865704,1.1930146058576927,3.5839983739892483,4.595824807781025,0.0
2010,4,all,1000,historical_density_minus_random,median_absolute_error,20,2.3922234903261383,0.7486004201799451,2.087154333351854,2.7264099789389658,0.0
2010,4,all,1000,historical_density_minus_random,p95_absolute_error,20,14.316199270436039,5.911657329472887,11.865208102343137,16.83956487085711,0.0
2010,4,all,1000,historical_density_minus_random,p99_absolute_error,20,27.865156631004574,13.908646170177924,22.069680039597536,33.85234493188829,0.0
2010,4,all,1000,historical_density_minus_random,rmse,20,6.876980049014298,1.5551211183064804,6.187417815958816,7.514119995027707,0.0
2010,4,all,1000,spatial_coverage_minus_random,mae,20,0.35526307430131504,0.8746922317694072,-0.026064910666202794,0.7249246601057701,0.3
2010,4,all,1000,spatial_coverage_minus_random,median_absolute_error,20,0.43599244030915846,0.6087770558075164,0.17508370690712854,0.7017703572594374,0.25
2010,4,all,1000,spatial_coverage_minus_random,p95_absolute_error,20,0.30971849483968794,2.9972181198028056,-1.0063496290416944,1.5431763062991142,0.5
2010,4,all,1000,spatial_coverage_minus_random,p99_absolute_error,20,2.1501120790447663,8.368476547006182,-1.2253041546252785,5.869714417980292,0.45
2010,4,all,1000,spatial_coverage_minus_random,rmse,20,0.15751099672908514,1.362151906522308,-0.40390267704036764,0.7492529947730446,0.5
2010,4,all,5000,historical_density_minus_random,mae,20,4.635462450671443,0.7302955094892796,4.337005668139778,4.953396589302011,0.0
2010,4,all,5000,historical_density_minus_random,median_absolute_error,20,2.1384514832774864,0.21294751338265033,2.047593179077425,2.2275409865098887,0.0
2010,4,all,5000,historical_density_minus_random,p95_absolute_error,20,18.23030448636181,6.299114794277499,15.75935290465835,21.111281705961037,0.0
2010,4,all,5000,historical_density_minus_random,p99_absolute_error,20,37.16522393457816,18.128505397074285,29.735497340783663,44.973331443265,0.0
2010,4,all,5000,historical_density_minus_random,rmse,20,8.63485188905268,1.7892143171627342,7.88002146427576,9.38956726380483,0.0
2010,4,all,5000,spatial_coverage_minus_random,mae,20,1.379402424959508,0.5283671570824748,1.1574663842436963,1.6141657193529846,0.0
2010,4,all,5000,spatial_coverage_minus_random,median_absolute_error,20,1.0687892723772492,0.37106250395406387,0.9181561131824312,1.2358786535102306,0.0
2010,4,all,5000,spatial_coverage_minus_random,p95_absolute_error,20,3.0545169946460393,1.5921342026693466,2.350390970149726,3.7208385302393636,0.05
2010,4,all,5000,spatial_coverage_minus_random,p99_absolute_error,20,6.033131260467829,5.185439382697113,3.7775957462588887,8.227928551189471,0.1
2010,4,all,5000,spatial_coverage_minus_random,rmse,20,1.8051473134965383,1.7243383986179885,1.0733585498894922,2.547259485367414,0.15
2010,4,spco2_le_threshold,1000,historical_density_minus_random,mae,20,4.0916817498967175,1.1928217801190475,3.5840115143295987,4.612054605736016,0.0
2010,4,spco2_le_threshold,1000,historical_density_minus_random,median_absolute_error,20,2.3922812164529916,0.7484495844650423,2.085713427929758,2.7320026812975367,0.0
2010,4,spco2_le_threshold,1000,historical_density_minus_random,p95_absolute_error,20,14.299297287118922,5.912288701990309,11.735525949530905,16.866233769697594,0.0
2010,4,spco2_le_threshold,1000,historical_density_minus_random,p99_absolute_error,20,27.82410532494017,13.848615980317456,22.11469373328331,33.87474704332121,0.0
2010,4,spco2_le_threshold,1000,historical_density_minus_random,rmse,20,7.27226117325859,1.6911884643907336,6.5183376031057865,7.974084277006935,0.0
2010,4,spco2_le_threshold,1000,spatial_coverage_minus_random,mae,20,0.3588863743681555,0.8769265258488695,-0.023000733412137604,0.7162484640200721,0.3
2010,4,spco2_le_threshold,1000,spatial_coverage_minus_random,median_absolute_error,20,0.4363851173873431,0.6085934121602079,0.1757131147299823,0.6898279648499974,0.25
2010,4,spco2_le_threshold,1000,spatial_coverage_minus_random,p95_absolute_error,20,0.30750499633793427,2.9962726201627503,-0.994081392340084,1.5749438409732992,0.5
2010,4,spco2_le_threshold,1000,spatial_coverage_minus_random,p99_absolute_error,20,2.1236031267507323,8.186478827960714,-1.144289333926166,5.812766606019975,0.45
2010,4,spco2_le_threshold,1000,spatial_coverage_minus_random,rmse,20,0.34375965909382755,1.6408286685971138,-0.32530530600335406,1.0494751915894596,0.5
2010,4,spco2_le_threshold,5000,historical_density_minus_random,mae,20,4.625076094254488,0.7302732144373911,4.320584522244549,4.944095377910953,0.0
2010,4,spco2_le_threshold,5000,historical_density_minus_random,median_absolute_error,20,2.1379977144629607,0.21282729448521548,2.0440835296377027,2.2267262412745366,0.0
2010,4,spco2_le_threshold,5000,historical_density_minus_random,p95_absolute_error,20,18.18565742990924,6.260789495623911,15.765295381185934,20.968583625810812,0.0
2010,4,spco2_le_threshold,5000,historical_density_minus_random,p99_absolute_error,20,36.950549225538225,18.081020832955833,29.488431867040877,44.854071867026235,0.0
2010,4,spco2_le_threshold,5000,historical_density_minus_random,rmse,20,9.290585547640582,1.99082018789811,8.433818187866372,10.154476084945196,0.0
2010,4,spco2_le_threshold,5000,spatial_coverage_minus_random,mae,20,1.3951419236260716,0.5322082735991422,1.172543092311396,1.627812637845056,0.0
2010,4,spco2_le_threshold,5000,spatial_coverage_minus_random,median_absolute_error,20,1.0687292171932867,0.37093899702139943,0.9208598261407062,1.2383674420803168,0.0
2010,4,spco2_le_threshold,5000,spatial_coverage_minus_random,p95_absolute_error,20,3.0534291957997635,1.5893391039394131,2.385556190499063,3.7240416945864085,0.05
2010,4,spco2_le_threshold,5000,spatial_coverage_minus_random,p99_absolute_error,20,5.963052024868789,5.0751883633657675,3.7998642701427974,8.131115770900726,0.05
2010,4,spco2_le_threshold,5000,spatial_coverage_minus_random,rmse,20,2.9329713610780908,2.232810021902755,2.0052426114656603,3.910038177526428,0.1
2014,0,all,1000,historical_density_minus_random,mae,20,3.8953737329624163,0.9066427172962641,3.5138046058137395,4.285175689437474,0.0
2014,0,all,1000,historical_density_minus_random,median_absolute_error,20,2.335471896790054,0.6273214335264456,2.072068414375662,2.5988588107501123,0.0
2014,0,all,1000,historical_density_minus_random,p95_absolute_error,20,15.138036338164863,5.836357877061767,12.730069754477377,17.618703362743048,0.0
2014,0,all,1000,historical_density_minus_random,p99_absolute_error,20,32.30447540706793,17.41008813225162,25.112859550366377,39.93218692483604,0.0
2014,0,all,1000,historical_density_minus_random,rmse,20,5.5884573902970445,2.4510524087777337,4.5581514383598964,6.63514124578597,0.05
2014,0,all,1000,spatial_coverage_minus_random,mae,20,0.29673243746732475,0.7649569057161125,-0.026388093661579737,0.6308551345487977,0.3
2014,0,all,1000,spatial_coverage_minus_random,median_absolute_error,20,0.5913285705162196,0.6032625009489162,0.33953266850341296,0.8510001787270659,0.2
2014,0,all,1000,spatial_coverage_minus_random,p95_absolute_error,20,0.8484988511576652,2.492052003330647,-0.28688806099050596,1.8524975949053906,0.3
2014,0,all,1000,spatial_coverage_minus_random,p99_absolute_error,20,-4.467652921163875,10.175131384517242,-8.755087836222083,-0.0689322593388341,0.7
2014,0,all,1000,spatial_coverage_minus_random,rmse,20,-0.9501419764832635,1.5993748177993592,-1.6802071867138095,-0.29505102916031706,0.7
2014,0,all,5000,historical_density_minus_random,mae,20,4.594684536344564,0.40246288293541205,4.421934133773609,4.766295230020313,0.0
2014,0,all,5000,historical_density_minus_random,median_absolute_error,20,2.097984562385008,0.2808031492511519,1.9844180990345301,2.2226827366019224,0.0
2014,0,all,5000,historical_density_minus_random,p95_absolute_error,20,19.87151384643834,4.171370063463857,18.094498002816884,21.633368940654208,0.0
2014,0,all,5000,historical_density_minus_random,p99_absolute_error,20,57.96431689772761,16.827366423778685,50.29386482708761,64.82013709138533,0.0
2014,0,all,5000,historical_density_minus_random,rmse,20,8.401804104342729,1.2998381723778563,7.850446970608768,8.958432113931979,0.0
2014,0,all,5000,spatial_coverage_minus_random,mae,20,0.37490793233382913,0.5318918137483776,0.14643985537392187,0.6023593254265774,0.2
2014,0,all,5000,spatial_coverage_minus_random,median_absolute_error,20,0.4879815913534502,0.30231591860288426,0.3581584186687729,0.6180574841683745,0.0
2014,0,all,5000,spatial_coverage_minus_random,p95_absolute_error,20,0.4945013878967167,1.413864288521076,-0.11153592751517069,1.1129672545000533,0.4
2014,0,all,5000,spatial_coverage_minus_random,p99_absolute_error,20,-2.072071352065511,12.3384263155094,-7.679262615952063,2.7590468466994014,0.55
2014,0,all,5000,spatial_coverage_minus_random,rmse,20,-0.32087018519084387,1.5194735936753734,-0.9811579715245964,0.33126169951695694,0.65
2014,0,spco2_le_threshold,1000,historical_density_minus_random,mae,20,3.8896860465686833,0.9055742476561783,3.503925377179091,4.279085306236398,0.0
2014,0,spco2_le_threshold,1000,historical_density_minus_random,median_absolute_error,20,2.3349149069928345,0.6273601593316098,2.068360823583153,2.603880778198494,0.0
2014,0,spco2_le_threshold,1000,historical_density_minus_random,p95_absolute_error,20,15.091358362090807,5.815867090360782,12.712922209067122,17.61951064226853,0.0
2014,0,spco2_le_threshold,1000,historical_density_minus_random,p99_absolute_error,20,32.5422208936658,17.481448726213394,25.1460344701473,40.24756873929525,0.0
2014,0,spco2_le_threshold,1000,historical_density_minus_random,rmse,20,5.8143781679232065,2.5791469194209142,4.720536745063767,6.889929284970289,0.05
2014,0,spco2_le_threshold,1000,spatial_coverage_minus_random,mae,20,0.30038068573037907,0.767675391933032,-0.02818945772077456,0.6228550935426493,0.3
2014,0,spco2_le_threshold,1000,spatial_coverage_minus_random,median_absolute_error,20,0.5910064774791166,0.6031440793053268,0.33070235257135333,0.8463048201866932,0.2
2014,0,spco2_le_threshold,1000,spatial_coverage_minus_random,p95_absolute_error,20,0.8511548601948654,2.4840615630142353,-0.26597099904645505,1.8810678756747297,0.3
2014,0,spco2_le_threshold,1000,spatial_coverage_minus_random,p99_absolute_error,20,-4.046339955528697,9.901258197501404,-8.314224047791436,0.10411821911290627,0.65
2014,0,spco2_le_threshold,1000,spatial_coverage_minus_random,rmse,20,-0.9121986380432544,1.7692671370814512,-1.7171955799341627,-0.20895070730874632,0.7
2014,0,spco2_le_threshold,5000,historical_density_minus_random,mae,20,4.585363015108846,0.40132213759134316,4.410260843098763,4.753051082447875,0.0
2014,0,spco2_le_threshold,5000,historical_density_minus_random,median_absolute_error,20,2.0978254712848936,0.2810884898244113,1.982066217023136,2.2235588000247204,0.0
2014,0,spco2_le_threshold,5000,historical_density_minus_random,p95_absolute_error,20,19.824962716374113,4.167059355420379,18.101368542941323,21.561027737919254,0.0
2014,0,spco2_le_threshold,5000,historical_density_minus_random,p99_absolute_error,20,57.75488980286451,16.639665628738808,50.57300558229634,64.55420364910924,0.0
2014,0,spco2_le_threshold,5000,historical_density_minus_random,rmse,20,8.817895577994586,1.3848568814515863,8.247714609575574,9.40463342892314,0.0
2014,0,spco2_le_threshold,5000,spatial_coverage_minus_random,mae,20,0.3822906703913058,0.5337773338143509,0.16076502744902751,0.6149180875820995,0.2
2014,0,spco2_le_threshold,5000,spatial_coverage_minus_random,median_absolute_error,20,0.4878009564065337,0.30242441247965773,0.356780542460901,0.615984710197531,0.0
2014,0,spco2_le_threshold,5000,spatial_coverage_minus_random,p95_absolute_error,20,0.49461857884386295,1.4082762292566264,-0.10367242147853324,1.0968931620076343,0.4
2014,0,spco2_le_threshold,5000,spatial_coverage_minus_random,p99_absolute_error,20,-1.9908663624582232,12.260493209929317,-7.848342556170872,2.918686349828184,0.55
2014,0,spco2_le_threshold,5000,spatial_coverage_minus_random,rmse,20,-0.11103373782967445,1.718491217816079,-0.842896782066149,0.6203010117668595,0.55
2014,1,all,1000,historical_density_minus_random,mae,20,4.263330345431397,0.9667779842710728,3.8594100753745892,4.6777254729290965,0.0
2014,1,all,1000,historical_density_minus_random,median_absolute_error,20,2.8080852216717416,0.564239577866396,2.5624762003733674,3.0420864618303916,0.0
2014,1,all,1000,historical_density_minus_random,p95_absolute_error,20,13.54249356976734,4.288315982886871,11.716606846033065,15.33999790877646,0.0
2014,1,all,1000,historical_density_minus_random,p99_absolute_error,20,26.060905866051296,21.919497114717394,16.292588036775218,35.49530843141084,0.15
2014,1,all,1000,historical_density_minus_random,rmse,20,6.510316722993186,2.675857171814513,5.3773608999201805,7.669799838569152,0.0
2014,1,all,1000,spatial_coverage_minus_random,mae,20,0.7602318674970662,0.7809550839033739,0.4325852449963788,1.0909485187119061,0.2
2014,1,all,1000,spatial_coverage_minus_random,median_absolute_error,20,0.5793802789661993,0.5548763199365424,0.3468791122479885,0.8215525257233485,0.2
2014,1,all,1000,spatial_coverage_minus_random,p95_absolute_error,20,2.1135861245322305,3.382594374465198,0.6882199707467603,3.570858682154779,0.3
2014,1,all,1000,spatial_coverage_minus_random,p99_absolute_error,20,4.969246775654865,17.95164410793731,-2.60141753644371,12.741035544731243,0.45
2014,1,all,1000,spatial_coverage_minus_random,rmse,20,0.8545755311934891,2.4343439209790643,-0.19247966141209819,1.8955924206285995,0.45
2014,1,all,5000,historical_density_minus_random,mae,20,3.9098966020255546,0.7494099386989195,3.5951630773532948,4.230008390474462,0.0
2014,1,all,5000,historical_density_minus_random,median_absolute_error,20,1.828319976323586,0.33460449011104565,1.6840390913280718,1.9705384833338393,0.0
2014,1,all,5000,historical_density_minus_random,p95_absolute_error,20,15.564932880393243,2.908274033773829,14.311992257877387,16.824556573743,0.0
2014,1,all,5000,historical_density_minus_random,p99_absolute_error,20,31.884439902045223,24.43584847507421,21.852180231564343,42.72196481356918,0.05
2014,1,all,5000,historical_density_minus_random,rmse,20,7.6535203008623585,2.334020220616444,6.665083208199787,8.696664517344217,0.0
2014,1,all,5000,spatial_coverage_minus_random,mae,20,0.3915145617669241,0.6020511093227946,0.1211639188575061,0.6392933944967123,0.2
2014,1,all,5000,spatial_coverage_minus_random,median_absolute_error,20,0.6705255039880342,0.4904009180042891,0.4587424731967098,0.8700926275406301,0.1
2014,1,all,5000,spatial_coverage_minus_random,p95_absolute_error,20,0.608640517658456,1.8335897830684387,-0.18946839169366506,1.366097960322927,0.35
2014,1,all,5000,spatial_coverage_minus_random,p99_absolute_error,20,-12.039514454111043,8.78134967555626,-15.87535450924496,-8.409853627934318,0.95
2014,1,all,5000,spatial_coverage_minus_random,rmse,20,-0.3607545274951839,1.6288820558328598,-1.0594879128696117,0.33564458994657553,0.5
2014,1,spco2_le_threshold,1000,historical_density_minus_random,mae,20,4.2611627600845114,0.9668124798354868,3.8567149387614332,4.686330663587235,0.0
2014,1,spco2_le_threshold,1000,historical_density_minus_random,median_absolute_error,20,2.8080393434085438,0.5641826936608304,2.5671337841839206,3.04861200711988,0.0
2014,1,spco2_le_threshold,1000,historical_density_minus_random,p95_absolute_error,20,13.53938838088643,4.288165293263884,11.694422199196138,15.359070886935342,0.0
2014,1,spco2_le_threshold,1000,historical_density_minus_random,p99_absolute_error,20,26.037737122509867,21.894152621221462,16.80956909205001,35.016726535895984,0.15
2014,1,spco2_le_threshold,1000,historical_density_minus_random,rmse,20,6.474873213436825,2.688493906855923,5.298384702695198,7.596514302952688,0.0
2014,1,spco2_le_threshold,1000,spatial_coverage_minus_random,mae,20,0.7616661169907999,0.7815919429560169,0.43046954858914976,1.0879656224397882,0.2
2014,1,spco2_le_threshold,1000,spatial_coverage_minus_random,median_absolute_error,20,0.579406528191873,0.5548981472453147,0.3431968088808854,0.8203424257906485,0.2
2014,1,spco2_le_threshold,1000,spatial_coverage_minus_random,p95_absolute_error,20,2.1117357243162913,3.38191394985598,0.6940450078925373,3.5922117294441067,0.3
2014,1,spco2_le_threshold,1000,spatial_coverage_minus_random,p99_absolute_error,20,4.960083746135932,17.938297996757186,-2.4898379653264118,12.778684992232616,0.45
2014,1,spco2_le_threshold,1000,spatial_coverage_minus_random,rmse,20,0.893361278925836,2.4574185750782727,-0.18814435886188904,1.954189004487745,0.45
2014,1,spco2_le_threshold,5000,historical_density_minus_random,mae,20,3.90739302058792,0.7498595215847016,3.592505475440764,4.23946726941636,0.0
2014,1,spco2_le_threshold,5000,historical_density_minus_random,median_absolute_error,20,1.82829205012352,0.3345887007703293,1.683740285767767,1.965764537020234,0.0
2014,1,spco2_le_threshold,5000,historical_density_minus_random,p95_absolute_error,20,15.561704979210736,2.907028158234864,14.310521001804137,16.791768091928258,0.0
2014,1,spco2_le_threshold,5000,historical_density_minus_random,p99_absolute_error,20,31.886396981086826,24.40535405174355,21.835590495975676,42.57237578909834,0.05
2014,1,spco2_le_threshold,5000,historical_density_minus_random,rmse,20,7.615700799661971,2.3569910244940075,6.625426400660416,8.623458595680788,0.0
2014,1,spco2_le_threshold,5000,spatial_coverage_minus_random,mae,20,0.3936938810917625,0.6029135410027452,0.13112307359554456,0.6420378624879335,0.2
2014,1,spco2_le_threshold,5000,spatial_coverage_minus_random,median_absolute_error,20,0.6704576675326648,0.490366238757203,0.45361167654756107,0.8721641337741942,0.1
2014,1,spco2_le_threshold,5000,spatial_coverage_minus_random,p95_absolute_error,20,0.6088836783581346,1.8331772766692525,-0.1888090854957174,1.3680847718549594,0.35
2014,1,spco2_le_threshold,5000,spatial_coverage_minus_random,p99_absolute_error,20,-12.022244368283763,8.767163614807654,-15.982418052475184,-8.495042275711112,0.95
2014,1,spco2_le_threshold,5000,spatial_coverage_minus_random,rmse,20,-0.3021384701799438,1.657167340036478,-0.9983769785674518,0.40111831738601256,0.5
2014,2,all,1000,historical_density_minus_random,mae,20,5.911015846414818,1.2889943581986283,5.396866994509384,6.493735570659876,0.0
2014,2,all,1000,historical_density_minus_random,median_absolute_error,20,3.3410304635639427,0.6544994186651856,3.0567847156649375,3.6046143476450214,0.0
2014,2,all,1000,historical_density_minus_random,p95_absolute_error,20,27.02308260636122,9.033240742685095,23.389927023606827,31.002822374395485,0.0
2014,2,all,1000,historical_density_minus_random,p99_absolute_error,20,12.389896522736786,28.871962149299133,-0.12877097144609873,24.642881068669894,0.4
2014,2,all,1000,historical_density_minus_random,rmse,20,7.5415913164442925,3.134300730972332,6.232014838224431,8.954687160043898,0.0
2014,2,all,1000,spatial_coverage_minus_random,mae,20,0.14983614627587832,1.0974686997935272,-0.3247908891567207,0.6057687430950658,0.35
2014,2,all,1000,spatial_coverage_minus_random,median_absolute_error,20,0.705004577502314,0.5331652330283267,0.4784906874966107,0.9293818287893495,0.15
2014,2,all,1000,spatial_coverage_minus_random,p95_absolute_error,20,1.1944869600565116,4.969721508240107,-0.8476532522441579,3.3666610417314025,0.4
2014,2,all,1000,spatial_coverage_minus_random,p99_absolute_error,20,-28.79282366779588,32.030686273314515,-42.546856185585355,-15.381841884895497,0.75
2014,2,all,1000,spatial_coverage_minus_random,rmse,20,-1.7737328230090224,2.4962207985903615,-2.926738274203127,-0.79075618675916,0.75
2014,2,all,5000,historical_density_minus_random,mae,20,5.722374254111328,1.1295517014841356,5.233343492991796,6.191481317902109,0.0
2014,2,all,5000,historical_density_minus_random,median_absolute_error,20,2.3390851186185593,0.37681801797780884,2.1844339295450457,2.506629989693701,0.0
2014,2,all,5000,historical_density_minus_random,p95_absolute_error,20,25.93811770762653,9.122583601224736,22.101387519714738,30.026631470216124,0.0
2014,2,all,5000,historical_density_minus_random,p99_absolute_error,20,59.74644987720575,25.99077221142724,48.652976615174275,70.6844084538627,0.0
2014,2,all,5000,historical_density_minus_random,rmse,20,10.02412302718099,2.575908443681757,8.916528919004099,11.100722114849214,0.0
2014,2,all,5000,spatial_coverage_minus_random,mae,20,0.15953506759321306,0.6711010732342083,-0.13455171246906425,0.43819917788564405,0.35
2014,2,all,5000,spatial_coverage_minus_random,median_absolute_error,20,0.4771068601175362,0.3649508789521723,0.32265190148539286,0.633684592335311,0.1
2014,2,all,5000,spatial_coverage_minus_random,p95_absolute_error,20,-0.023459794915508425,2.8980761762694462,-1.2772562193068482,1.1680033029893928,0.45
2014,2,all,5000,spatial_coverage_minus_random,p99_absolute_error,20,-11.77012299818282,13.776972597207653,-17.82282718794753,-6.17842640366009,0.8
2014,2,all,5000,spatial_coverage_minus_random,rmse,20,-0.9287799505695356,1.1619409532458775,-1.4480875309880084,-0.44239523663600816,0.75
2014,2,spco2_le_threshold,1000,historical_density_minus_random,mae,20,5.899289174257389,1.2897787267679466,5.377631631631132,6.481192527188864,0.0
2014,2,spco2_le_threshold,1000,historical_density_minus_random,median_absolute_error,20,3.3396694086510856,0.6544130560367573,3.0495425746279423,3.604794452259776,0.0
2014,2,spco2_le_threshold,1000,historical_density_minus_random,p95_absolute_error,20,26.97015085172593,8.991107609048823,23.3427875193708,30.98858534110926,0.0
2014,2,spco2_le_threshold,1000,historical_density_minus_random,p99_absolute_error,20,13.020377505669497,28.359504340309854,1.24950834934878,25.255031703815135,0.4
2014,2,spco2_le_threshold,1000,historical_density_minus_random,rmse,20,7.892933379969151,3.5097427742428673,6.452200257679435,9.466218518620467,0.0
2014,2,spco2_le_threshold,1000,spatial_coverage_minus_random,mae,20,0.1482188228395966,1.1055622202941837,-0.33661712794819926,0.5984036840913,0.3
2014,2,spco2_le_threshold,1000,spatial_coverage_minus_random,median_absolute_error,20,0.7049728061342708,0.5329977499661249,0.4749670353271153,0.9232871752453944,0.15
2014,2,spco2_le_threshold,1000,spatial_coverage_minus_random,p95_absolute_error,20,1.2109690487907823,4.9602572937000895,-0.7949590980037412,3.426162041291466,0.4
2014,2,spco2_le_threshold,1000,spatial_coverage_minus_random,p99_absolute_error,20,-28.244964239547517,31.066664985795924,-41.61515903156519,-15.067074744995306,0.75
2014,2,spco2_le_threshold,1000,spatial_coverage_minus_random,rmse,20,-2.130399902767645,3.136618070431556,-3.5639271911481276,-0.9067123786078943,0.8
2014,2,spco2_le_threshold,5000,historical_density_minus_random,mae,20,5.705179642643482,1.130850698106732,5.2104579916635085,6.175464698804998,0.0
2014,2,spco2_le_threshold,5000,historical_density_minus_random,median_absolute_error,20,2.338669670511913,0.3768173689323908,2.185962684114428,2.5095733421755875,0.0
2014,2,spco2_le_threshold,5000,historical_density_minus_random,p95_absolute_error,20,25.852051234752373,9.077797036729892,22.14781165384905,29.85909796298708,0.0
2014,2,spco2_le_threshold,5000,historical_density_minus_random,p99_absolute_error,20,59.71499712472752,25.998527973270406,48.543672789321896,70.82734435279089,0.0
2014,2,spco2_le_threshold,5000,historical_density_minus_random,rmse,20,10.749463252898009,2.927145767603965,9.465395692601133,11.93535093714234,0.0
2014,2,spco2_le_threshold,5000,spatial_coverage_minus_random,mae,20,0.1637915731468979,0.6782146783441455,-0.12929649817083794,0.448887026247957,0.35
2014,2,spco2_le_threshold,5000,spatial_coverage_minus_random,median_absolute_error,20,0.47705360814099435,0.36503139849099,0.3253052442690599,0.6376826003670135,0.1
2014,2,spco2_le_threshold,5000,spatial_coverage_minus_random,p95_absolute_error,20,-0.013472978551387627,2.8952764408442913,-1.252142263176301,1.1746630651454766,0.45
2014,2,spco2_le_threshold,5000,spatial_coverage_minus_random,p99_absolute_error,20,-11.69000400920021,13.450509757115686,-17.48648717236224,-6.20291796990276,0.8
2014,2,spco2_le_threshold,5000,spatial_coverage_minus_random,rmse,20,-0.8826444821188464,1.689911762894456,-1.628760413996335,-0.17980378090949387,0.65
2014,3,all,1000,historical_density_minus_random,mae,20,5.772411210264979,1.7677695527103845,4.99655373927092,6.492840036546801,0.0
2014,3,all,1000,historical_density_minus_random,median_absolute_error,20,2.7060676066014766,0.8381304764405058,2.3583300894453085,3.0769211159413214,0.0
2014,3,all,1000,historical_density_minus_random,p95_absolute_error,20,27.692836830440296,10.856926139551081,23.133668323539315,32.19089157101801,0.0
2014,3,all,1000,historical_density_minus_random,p99_absolute_error,20,47.109939691596765,29.645725334264018,34.50554016928476,60.10984111753691,0.05
2014,3,all,1000,historical_density_minus_random,rmse,20,10.823287228264782,3.4395823070434,9.354167122421842,12.281501218907025,0.0
2014,3,all,1000,spatial_coverage_minus_random,mae,20,0.5067220414539139,0.7168326941583179,0.2020409600801954,0.8151051306946862,0.15
2014,3,all,1000,spatial_coverage_minus_random,median_absolute_error,20,0.40894132857385007,0.5542001163586002,0.16975447773227306,0.6332609914959613,0.25
2014,3,all,1000,spatial_coverage_minus_random,p95_absolute_error,20,1.5587324119811832,3.419605930471248,0.11781749185208669,3.024079977264488,0.3
2014,3,all,1000,spatial_coverage_minus_random,p99_absolute_error,20,1.0287385481214877,8.712985691246487,-2.832799081709227,4.706145019365459,0.4
2014,3,all,1000,spatial_coverage_minus_random,rmse,20,0.5267635128733593,1.2193849432990491,0.017853199193945703,1.0818795898438065,0.3
2014,3,all,5000,historical_density_minus_random,mae,20,6.032280181870459,0.5186713802270299,5.819782335960812,6.265359629848672,0.0
2014,3,all,5000,historical_density_minus_random,median_absolute_error,20,2.221275799151391,0.2958606670288615,2.0936645041594684,2.345474039156726,0.0
2014,3,all,5000,historical_density_minus_random,p95_absolute_error,20,29.594552269834736,3.190454011120867,28.236210096036203,30.927410385788132,0.0
2014,3,all,5000,historical_density_minus_random,p99_absolute_error,20,67.69991319659448,21.238768276192683,58.954976556818735,76.8649654044554,0.0
2014,3,all,5000,historical_density_minus_random,rmse,20,12.58663864857405,1.2258892381335205,12.084167192069906,13.12920233889774,0.0
2014,3,all,5000,spatial_coverage_minus_random,mae,20,0.33176315935062883,0.6025591370423395,0.07612999674168895,0.5900297168404075,0.3
2014,3,all,5000,spatial_coverage_minus_random,median_absolute_error,20,0.4090814985042911,0.432709562319518,0.22562841035549525,0.5955508555744535,0.15
2014,3,all,5000,spatial_coverage_minus_random,p95_absolute_error,20,0.593325899583205,1.9871121049466536,-0.24649511143243838,1.4550840721049272,0.5
2014,3,all,5000,spatial_coverage_minus_random,p99_absolute_error,20,0.17421385348785456,4.794531418856521,-1.8439462980983086,2.280362970968675,0.55
2014,3,all,5000,spatial_coverage_minus_random,rmse,20,-0.5563091583555517,1.172179456056239,-1.0626424556241216,-0.06542607920873914,0.6
2014,3,spco2_le_threshold,1000,historical_density_minus_random,mae,20,5.737953023550502,1.7663647207586903,4.978155392461351,6.469896573857297,0.0
2014,3,spco2_le_threshold,1000,historical_density_minus_random,median_absolute_error,20,2.7055480494371933,0.8377516420123491,2.36583956092669,3.0711260837235552,0.0
2014,3,spco2_le_threshold,1000,historical_density_minus_random,p95_absolute_error,20,27.62972344149648,10.799080433582995,23.052948452782488,32.295602362446125,0.0
2014,3,spco2_le_threshold,1000,historical_density_minus_random,p99_absolute_error,20,47.13780717068268,29.61003362218669,34.59750586753965,59.98830014377326,0.05
2014,3,spco2_le_threshold,1000,historical_density_minus_random,rmse,20,11.135923464398402,3.831204783810184,9.48271091616952,12.761972747312434,0.0
2014,3,spco2_le_threshold,1000,spatial_coverage_minus_random,mae,20,0.504266157406653,0.7214629529242308,0.19675644443229814,0.808760563512628,0.15
2014,3,spco2_le_threshold,1000,spatial_coverage_minus_random,median_absolute_error,20,0.4090398351003901,0.5540995248182405,0.1625236533357628,0.6443965740731702,0.25
2014,3,spco2_le_threshold,1000,spatial_coverage_minus_random,p95_absolute_error,20,1.5613730110632074,3.413175476709457,0.1108087824728988,3.037450029421726,0.3
2014,3,spco2_le_threshold,1000,spatial_coverage_minus_random,p99_absolute_error,20,1.0693068759021975,8.578412084307821,-2.5911148237860484,4.705449361813283,0.4
2014,3,spco2_le_threshold,1000,spatial_coverage_minus_random,rmse,20,0.4987150308783727,1.4355338742394195,-0.12345601108609974,1.121262165781738,0.25
2014,3,spco2_le_threshold,5000,historical_density_minus_random,mae,20,5.993228878885302,0.5207410294778811,5.773831976721237,6.220160525524727,0.0
2014,3,spco2_le_threshold,5000,historical_density_minus_random,median_absolute_error,20,2.2211859004920727,0.29587270259879894,2.0947951328229166,2.3453290646879648,0.0
2014,3,spco2_le_threshold,5000,historical_density_minus_random,p95_absolute_error,20,29.502601296545826,3.1775189792269125,28.159365395349774,30.821313131445077,0.0
2014,3,spco2_le_threshold,5000,historical_density_minus_random,p99_absolute_error,20,67.44294062437731,21.08534700164717,58.53040095043937,76.41470943489183,0.0
2014,3,spco2_le_threshold,5000,historical_density_minus_random,rmse,20,13.356024534905506,1.3800994593197065,12.78667863452167,13.96293446706255,0.0
2014,3,spco2_le_threshold,5000,spatial_coverage_minus_random,mae,20,0.34109070587966606,0.5999528457234866,0.08488256706601283,0.591942270837445,0.25
2014,3,spco2_le_threshold,5000,spatial_coverage_minus_random,median_absolute_error,20,0.4090057167447726,0.4327470538560965,0.22501621996809426,0.5978015571664881,0.15
2014,3,spco2_le_threshold,5000,spatial_coverage_minus_random,p95_absolute_error,20,0.5938414199756721,1.9885082441368593,-0.25822982644824083,1.455981325706072,0.5
2014,3,spco2_le_threshold,5000,spatial_coverage_minus_random,p99_absolute_error,20,0.1769614838033277,4.7141220528963075,-1.7930952430195641,2.2641177328677577,0.55
2014,3,spco2_le_threshold,5000,spatial_coverage_minus_random,rmse,20,-0.13229556441969006,1.2179482561302133,-0.6657961115310564,0.3819350992927016,0.55
2014,4,all,1000,historical_density_minus_random,mae,20,4.297078592242114,0.8067567113836259,3.9458162359149904,4.6229965035110006,0.0
2014,4,all,1000,historical_density_minus_random,median_absolute_error,20,2.4335465903297404,0.5411057085448999,2.209047147526605,2.671620658593031,0.0
2014,4,all,1000,historical_density_minus_random,p95_absolute_error,20,17.13291521745511,5.277854613564439,14.84428288965867,19.33831453202957,0.0
2014,4,all,1000,historical_density_minus_random,p99_absolute_error,20,33.04759082231217,12.363039598115101,27.715241486240124,38.38079924962373,0.0
2014,4,all,1000,historical_density_minus_random,rmse,20,7.326957485106057,1.3847054787042479,6.739989658502456,7.903508243972038,0.0
2014,4,all,1000,spatial_coverage_minus_random,mae,20,0.4803498713496796,0.8463068584242068,0.09806726847465863,0.8293539839491815,0.25
2014,4,all,1000,spatial_coverage_minus_random,median_absolute_error,20,0.4538194832020409,0.5331549599994452,0.20289252391815185,0.663949589018075,0.1
2014,4,all,1000,spatial_coverage_minus_random,p95_absolute_error,20,1.025866918287471,3.3525972494467147,-0.44367214745640743,2.3870659433375208,0.3
2014,4,all,1000,spatial_coverage_minus_random,p99_absolute_error,20,3.973454179361269,10.344885111017124,-0.515794223307469,8.166795858473519,0.25
2014,4,all,1000,spatial_coverage_minus_random,rmse,20,0.333023302637829,1.217187884208918,-0.20276872481989727,0.837749245143646,0.35
2014,4,all,5000,historical_density_minus_random,mae,20,5.0732623028191615,0.5998135807655902,4.819644401132178,5.327404565749772,0.0
2014,4,all,5000,historical_density_minus_random,median_absolute_error,20,2.1771752524064896,0.26957535043706704,2.0629452562871142,2.2917363758639717,0.0
2014,4,all,5000,historical_density_minus_random,p95_absolute_error,20,24.40696159941566,4.533916369378425,22.48812261018559,26.29799664934318,0.0
2014,4,all,5000,historical_density_minus_random,p99_absolute_error,20,42.46738628233928,11.157778736068918,37.76007335221577,47.3092148694821,0.0
2014,4,all,5000,historical_density_minus_random,rmse,20,9.160273186640001,1.2196014157231982,8.632053453557628,9.68887549437472,0.0
2014,4,all,5000,spatial_coverage_minus_random,mae,20,0.7975653851425145,0.45689677291801345,0.6191741901165233,1.0069565390055433,0.0
2014,4,all,5000,spatial_coverage_minus_random,median_absolute_error,20,0.5758966493688373,0.3856508522250207,0.4208738668179703,0.7488598079991127,0.0
2014,4,all,5000,spatial_coverage_minus_random,p95_absolute_error,20,1.5522983355488709,1.8415892448479723,0.7667399302348923,2.342828701248547,0.2
2014,4,all,5000,spatial_coverage_minus_random,p99_absolute_error,20,6.294130936597947,3.6587730018792657,4.708936611982007,7.843807983999781,0.0
2014,4,all,5000,spatial_coverage_minus_random,rmse,20,0.9311900888351688,0.7718026564157721,0.5884401849813696,1.2499289150316581,0.1
2014,4,spco2_le_threshold,1000,historical_density_minus_random,mae,20,4.288895561304529,0.8072456098490258,3.9349653428886,4.62633279681751,0.0
2014,4,spco2_le_threshold,1000,historical_density_minus_random,median_absolute_error,20,2.4339656648439756,0.5414624645483828,2.21078671639775,2.669592164812472,0.0
2014,4,spco2_le_threshold,1000,historical_density_minus_random,p95_absolute_error,20,17.094438898445468,5.270521943589321,14.798735813241729,19.324295161947575,0.0
2014,4,spco2_le_threshold,1000,historical_density_minus_random,p99_absolute_error,20,32.970982375606624,12.275765570743669,27.904942517443683,38.24490785382557,0.0
2014,4,spco2_le_threshold,1000,historical_density_minus_random,rmse,20,7.695727757448549,1.5066218447362165,7.065731068400527,8.33101746369406,0.0
2014,4,spco2_le_threshold,1000,spatial_coverage_minus_random,mae,20,0.48163465009632433,0.8487258544523303,0.09609076642885009,0.8202323395032507,0.25
2014,4,spco2_le_threshold,1000,spatial_coverage_minus_random,median_absolute_error,20,0.4541783725942052,0.5328836923454029,0.21119628690597647,0.6663777814309141,0.1
2014,4,spco2_le_threshold,1000,spatial_coverage_minus_random,p95_absolute_error,20,1.0219775338098256,3.3474148119308604,-0.45323317483618863,2.404960326524136,0.3
2014,4,spco2_le_threshold,1000,spatial_coverage_minus_random,p99_absolute_error,20,3.946446594890715,10.257011840276823,-0.5492854665242526,8.196823700179996,0.25
2014,4,spco2_le_threshold,1000,spatial_coverage_minus_random,rmse,20,0.43024666114701554,1.4536978031643408,-0.2003883466763387,1.0370423074350255,0.4
2014,4,spco2_le_threshold,5000,historical_density_minus_random,mae,20,5.063142358274203,0.6010896188770971,4.807734919811865,5.31442115988835,0.0
2014,4,spco2_le_threshold,5000,historical_density_minus_random,median_absolute_error,20,2.1768312885983354,0.26945191764363824,2.0629044895082935,2.290163889864923,0.0
2014,4,spco2_le_threshold,5000,historical_density_minus_random,p95_absolute_error,20,24.357494172462665,4.52576657084303,22.407977970324634,26.262310580466746,0.0
2014,4,spco2_le_threshold,5000,historical_density_minus_random,p99_absolute_error,20,42.38547990273431,11.090007538429498,37.855500187550135,47.22432110525282,0.0
2014,4,spco2_le_threshold,5000,historical_density_minus_random,rmse,20,9.88837426375068,1.4152258956192443,9.275726853233015,10.48149691772754,0.0
2014,4,spco2_le_threshold,5000,spatial_coverage_minus_random,mae,20,0.8060457769754195,0.45810200500327314,0.6273806930304355,1.0234267654465778,0.0
2014,4,spco2_le_threshold,5000,spatial_coverage_minus_random,median_absolute_error,20,0.5756577388295228,0.38500355598968133,0.42128393543915127,0.7489232483643807,0.0
2014,4,spco2_le_threshold,5000,spatial_coverage_minus_random,p95_absolute_error,20,1.5549298919458168,1.8415596239558192,0.7642704665552664,2.3437084375229835,0.2
2014,4,spco2_le_threshold,5000,spatial_coverage_minus_random,p99_absolute_error,20,6.194321019326157,3.624010086129693,4.621820683568726,7.72640306658155,0.0
2014,4,spco2_le_threshold,5000,spatial_coverage_minus_random,rmse,20,1.5886750118111275,0.8433869171535793,1.229840349170597,1.9585040738009132,0.0
