validation_scheme,year,spatial_fold,budget,comparison,metric,n_seeds,random_value,comparator_value,mean_difference,sd_seed_difference,seed_fraction_below_zero
month_stratified_hidden_cells,2005,,5000,historical_spatial_month_balanced_minus_random,bias,20,0.11759021120447186,-4.265219600696684,-4.382809811901155,0.9196781847013398,1.0
month_stratified_hidden_cells,2005,,5000,historical_spatial_month_balanced_minus_random,mae,20,10.782642385456018,15.26458802710519,4.481945641649174,0.7800872632425251,0.0
month_stratified_hidden_cells,2005,,5000,historical_spatial_month_balanced_minus_random,median_absolute_error,20,6.940798336305095,8.261133234583218,1.3203348982781236,0.2678227092448764,0.0
month_stratified_hidden_cells,2005,,5000,historical_spatial_month_balanced_minus_random,p95_absolute_error,20,29.74570770793908,53.084421291416696,23.33871358347761,4.906959956888684,0.0
month_stratified_hidden_cells,2005,,5000,historical_spatial_month_balanced_minus_random,p99_absolute_error,20,67.39412921060737,122.07209445527171,54.67796524466435,11.647769497712572,0.0
month_stratified_hidden_cells,2005,,5000,historical_spatial_month_balanced_minus_random,rmse,20,26.494569312158184,35.44704398753852,8.952474675380344,2.3720633241358593,0.0
month_stratified_hidden_cells,2010,,5000,historical_spatial_month_balanced_minus_random,bias,20,-0.02366751658634337,-3.416427545657605,-3.392760029071262,0.7387536628362618,1.0
month_stratified_hidden_cells,2010,,5000,historical_spatial_month_balanced_minus_random,mae,20,11.039887373868492,15.235519032836379,4.195631658967888,0.5117697577557287,0.0
month_stratified_hidden_cells,2010,,5000,historical_spatial_month_balanced_minus_random,median_absolute_error,20,7.0876070473094135,8.665386263701247,1.5777792163918334,0.2167161304152756,0.0
month_stratified_hidden_cells,2010,,5000,historical_spatial_month_balanced_minus_random,p95_absolute_error,20,31.12969281602932,48.939035788098444,17.809342972069125,3.1046867647682697,0.0
month_stratified_hidden_cells,2010,,5000,historical_spatial_month_balanced_minus_random,p99_absolute_error,20,66.47152963103716,111.83346202937341,45.361932398336265,13.388832505437842,0.0
month_stratified_hidden_cells,2010,,5000,historical_spatial_month_balanced_minus_random,rmse,20,27.607048007991427,35.689328314664266,8.082280306672837,1.4388336176680265,0.0
month_stratified_hidden_cells,2014,,5000,historical_spatial_month_balanced_minus_random,bias,20,0.10055865094777712,-3.713041005783437,-3.8135996567312143,0.9646632559765208,1.0
month_stratified_hidden_cells,2014,,5000,historical_spatial_month_balanced_minus_random,mae,20,10.985996004771057,15.157842437878497,4.17184643310744,0.5541193604761427,0.0
month_stratified_hidden_cells,2014,,5000,historical_spatial_month_balanced_minus_random,median_absolute_error,20,7.221888598277431,8.951737667696394,1.7298490694189623,0.2580191205528057,0.0
month_stratified_hidden_cells,2014,,5000,historical_spatial_month_balanced_minus_random,p95_absolute_error,20,31.211136603154955,49.226932036744984,18.01579543359003,3.4547247280518376,0.0
month_stratified_hidden_cells,2014,,5000,historical_spatial_month_balanced_minus_random,p99_absolute_error,20,65.35219381398768,104.31003003974463,38.957836225756935,12.017690250426654,0.0
month_stratified_hidden_cells,2014,,5000,historical_spatial_month_balanced_minus_random,rmse,20,23.705525385476705,31.761233858148813,8.055708472672109,1.3701261929473063,0.0
whole_spatial_blocks,2005,0.0,5000,historical_spatial_month_balanced_minus_random,bias,20,0.6426126416014897,-4.063065434206842,-4.705678075808331,1.268721104416356,1.0
whole_spatial_blocks,2005,0.0,5000,historical_spatial_month_balanced_minus_random,mae,20,13.098274810904917,17.116641912626882,4.018367101721965,0.7281135790302787,0.0
whole_spatial_blocks,2005,0.0,5000,historical_spatial_month_balanced_minus_random,median_absolute_error,20,8.219067820424893,9.683477318834466,1.4644094984095712,0.2909161615010942,0.0
whole_spatial_blocks,2005,0.0,5000,historical_spatial_month_balanced_minus_random,p95_absolute_error,20,37.336077090465665,57.959766146116785,20.623689055651116,4.038122213219658,0.0
whole_spatial_blocks,2005,0.0,5000,historical_spatial_month_balanced_minus_random,p99_absolute_error,20,95.78195012619315,137.32329831185683,41.541348185663665,16.011937635457663,0.05
whole_spatial_blocks,2005,0.0,5000,historical_spatial_month_balanced_minus_random,rmse,20,25.85785066272677,33.04610221387889,7.188251551152122,2.442010355705538,0.05
whole_spatial_blocks,2005,1.0,5000,historical_spatial_month_balanced_minus_random,bias,20,0.6724207642119725,-2.7770763801392278,-3.4494971443512,1.3527367527580387,1.0
whole_spatial_blocks,2005,1.0,5000,historical_spatial_month_balanced_minus_random,mae,20,11.65576708041506,14.70301892176602,3.04725184135096,0.7425832649912597,0.0
whole_spatial_blocks,2005,1.0,5000,historical_spatial_month_balanced_minus_random,median_absolute_error,20,7.578629507810073,8.762264165106059,1.1836346572959855,0.22584530052312224,0.0
whole_spatial_blocks,2005,1.0,5000,historical_spatial_month_balanced_minus_random,p95_absolute_error,20,33.64109242860948,46.47768564844507,12.836593219835583,3.5547927093389706,0.0
whole_spatial_blocks,2005,1.0,5000,historical_spatial_month_balanced_minus_random,p99_absolute_error,20,80.38002420650744,114.18955456914838,33.80953036264095,20.121995949883075,0.05
whole_spatial_blocks,2005,1.0,5000,historical_spatial_month_balanced_minus_random,rmse,20,20.677362498208964,27.128987178113913,6.45162467990495,3.3035620498223643,0.05
whole_spatial_blocks,2005,2.0,5000,historical_spatial_month_balanced_minus_random,bias,20,0.15810641625436372,-3.9704895914192035,-4.128596007673567,1.7064775287976472,1.0
whole_spatial_blocks,2005,2.0,5000,historical_spatial_month_balanced_minus_random,mae,20,13.78220647179046,18.014961958623992,4.232755486833531,1.066747479623845,0.0
whole_spatial_blocks,2005,2.0,5000,historical_spatial_month_balanced_minus_random,median_absolute_error,20,8.517593155885443,10.127027559499734,1.60943440361429,0.23562898864313284,0.0
whole_spatial_blocks,2005,2.0,5000,historical_spatial_month_balanced_minus_random,p95_absolute_error,20,36.92092110548882,59.15693961065968,22.236018505170854,3.981404985291834,0.0
whole_spatial_blocks,2005,2.0,5000,historical_spatial_month_balanced_minus_random,p99_absolute_error,20,102.62729400147573,151.40344489683596,48.77615089536023,37.90340756953884,0.15
whole_spatial_blocks,2005,2.0,5000,historical_spatial_month_balanced_minus_random,rmse,20,34.78126208349667,42.12097634283204,7.339714259335364,3.757515789540847,0.1
whole_spatial_blocks,2005,3.0,5000,historical_spatial_month_balanced_minus_random,bias,20,0.4537075895786007,-4.592551893255488,-5.046259482834089,0.9379891434722255,1.0
whole_spatial_blocks,2005,3.0,5000,historical_spatial_month_balanced_minus_random,mae,20,12.026514733445893,17.13231486125827,5.105800127812376,0.7413794674966985,0.0
whole_spatial_blocks,2005,3.0,5000,historical_spatial_month_balanced_minus_random,median_absolute_error,20,7.993020960854894,9.360251488995008,1.3672305281401136,0.29520776681307614,0.0
whole_spatial_blocks,2005,3.0,5000,historical_spatial_month_balanced_minus_random,p95_absolute_error,20,32.466997258689034,60.79315862461491,28.326161365925874,6.155282975517074,0.0
whole_spatial_blocks,2005,3.0,5000,historical_spatial_month_balanced_minus_random,p99_absolute_error,20,60.561752348236304,113.17079418276394,52.60904183452764,14.21383323934535,0.0
whole_spatial_blocks,2005,3.0,5000,historical_spatial_month_balanced_minus_random,rmse,20,39.99506302170977,49.25659621310781,9.261533191398048,1.4854827406519906,0.0
whole_spatial_blocks,2005,4.0,5000,historical_spatial_month_balanced_minus_random,bias,20,-0.8813146832134638,-5.7431707374776,-4.861856054264137,1.1428436494122465,1.0
whole_spatial_blocks,2005,4.0,5000,historical_spatial_month_balanced_minus_random,mae,20,12.823888051735882,16.778139910137885,3.954251858402002,0.6749328386618495,0.0
whole_spatial_blocks,2005,4.0,5000,historical_spatial_month_balanced_minus_random,median_absolute_error,20,8.450102550688516,10.060451435953938,1.6103488852654206,0.2614734304875326,0.0
whole_spatial_blocks,2005,4.0,5000,historical_spatial_month_balanced_minus_random,p95_absolute_error,20,37.663135930702516,52.91143837046915,15.248302439766633,5.210505625031994,0.0
whole_spatial_blocks,2005,4.0,5000,historical_spatial_month_balanced_minus_random,p99_absolute_error,20,65.87749600776878,114.6807258996666,48.80322989189782,16.47661227386351,0.0
whole_spatial_blocks,2005,4.0,5000,historical_spatial_month_balanced_minus_random,rmse,20,22.902231748247537,31.7822469908634,8.880015242615858,1.6745052529847408,0.0
whole_spatial_blocks,2010,0.0,5000,historical_spatial_month_balanced_minus_random,bias,20,0.4871144159644681,-3.4249741215247793,-3.912088537489248,0.9845391889549768,1.0
whole_spatial_blocks,2010,0.0,5000,historical_spatial_month_balanced_minus_random,mae,20,13.27329666360545,17.487588281262433,4.214291617656983,0.7479692884079655,0.0
whole_spatial_blocks,2010,0.0,5000,historical_spatial_month_balanced_minus_random,median_absolute_error,20,8.254524784586861,9.98663769681352,1.7321129122266599,0.309191095197621,0.0
whole_spatial_blocks,2010,0.0,5000,historical_spatial_month_balanced_minus_random,p95_absolute_error,20,38.25417572065232,54.56298847760045,16.308812756948125,3.1014460632246443,0.0
whole_spatial_blocks,2010,0.0,5000,historical_spatial_month_balanced_minus_random,p99_absolute_error,20,95.7182379737134,145.59654897990407,49.878311006190685,27.82340027692601,0.05
whole_spatial_blocks,2010,0.0,5000,historical_spatial_month_balanced_minus_random,rmse,20,27.271153505601365,35.55253328906705,8.281379783465681,2.436818790261416,0.0
whole_spatial_blocks,2010,1.0,5000,historical_spatial_month_balanced_minus_random,bias,20,1.0388292852693224,-1.6652951672361325,-2.704124452505455,1.2077000601833559,1.0
whole_spatial_blocks,2010,1.0,5000,historical_spatial_month_balanced_minus_random,mae,20,12.45525330440518,15.689551157175785,3.234297852770605,0.6837506195856562,0.0
whole_spatial_blocks,2010,1.0,5000,historical_spatial_month_balanced_minus_random,median_absolute_error,20,7.831676945992049,9.397682749466949,1.5660058034748985,0.28716657011271124,0.0
whole_spatial_blocks,2010,1.0,5000,historical_spatial_month_balanced_minus_random,p95_absolute_error,20,36.63708743783215,46.80127055597451,10.164183118142356,2.828937690902291,0.0
whole_spatial_blocks,2010,1.0,5000,historical_spatial_month_balanced_minus_random,p99_absolute_error,20,89.00934005882874,119.80384664846011,30.794506589631357,21.645605898162557,0.05
whole_spatial_blocks,2010,1.0,5000,historical_spatial_month_balanced_minus_random,rmse,20,23.037187099567763,29.942559705249675,6.905372605681913,3.0514064470407387,0.05
whole_spatial_blocks,2010,2.0,5000,historical_spatial_month_balanced_minus_random,bias,20,-0.2528460918175437,-3.398898271554264,-3.1460521797367202,1.8138850614219892,0.95
whole_spatial_blocks,2010,2.0,5000,historical_spatial_month_balanced_minus_random,mae,20,13.332982191719987,17.45512755805266,4.12214536633267,0.6453660633924857,0.0
whole_spatial_blocks,2010,2.0,5000,historical_spatial_month_balanced_minus_random,median_absolute_error,20,8.187585022488571,9.873684678855232,1.6860996563666617,0.3343182844661489,0.0
whole_spatial_blocks,2010,2.0,5000,historical_spatial_month_balanced_minus_random,p95_absolute_error,20,36.410991005832315,56.80932846491171,20.39833745907939,5.765878439410278,0.0
whole_spatial_blocks,2010,2.0,5000,historical_spatial_month_balanced_minus_random,p99_absolute_error,20,94.03023751878608,129.92279216944112,35.892554650655036,21.30709306400076,0.05
whole_spatial_blocks,2010,2.0,5000,historical_spatial_month_balanced_minus_random,rmse,20,34.67344106470759,40.61124987488263,5.937808810175044,1.430211192497013,0.0
whole_spatial_blocks,2010,3.0,5000,historical_spatial_month_balanced_minus_random,bias,20,-0.1784470957919857,-3.7983566962024873,-3.6199096004105016,0.7589795131773581,1.0
whole_spatial_blocks,2010,3.0,5000,historical_spatial_month_balanced_minus_random,mae,20,12.304350363342465,16.038688806056438,3.7343384427139745,0.6938973114492656,0.0
whole_spatial_blocks,2010,3.0,5000,historical_spatial_month_balanced_minus_random,median_absolute_error,20,8.292928733554469,9.527819936023699,1.2348912024692296,0.40834403438601663,0.0
whole_spatial_blocks,2010,3.0,5000,historical_spatial_month_balanced_minus_random,p95_absolute_error,20,33.85912452899875,50.51580672897849,16.656682199979734,3.3203114686274673,0.0
whole_spatial_blocks,2010,3.0,5000,historical_spatial_month_balanced_minus_random,p99_absolute_error,20,62.12450376107171,101.67281705881877,39.54831329774707,15.060057452765255,0.0
whole_spatial_blocks,2010,3.0,5000,historical_spatial_month_balanced_minus_random,rmse,20,34.23608972244841,42.566544593881055,8.330454871432645,1.2843460566251559,0.0
whole_spatial_blocks,2010,4.0,5000,historical_spatial_month_balanced_minus_random,bias,20,-0.6377110495001872,-4.028014984201971,-3.3903039347017847,0.9516396307558959,1.0
whole_spatial_blocks,2010,4.0,5000,historical_spatial_month_balanced_minus_random,mae,20,12.976844806693176,16.40993329095848,3.433088484265305,0.63380845385637,0.0
whole_spatial_blocks,2010,4.0,5000,historical_spatial_month_balanced_minus_random,median_absolute_error,20,8.67825294942193,10.221947765400042,1.5436948159781114,0.2886121827800626,0.0
whole_spatial_blocks,2010,4.0,5000,historical_spatial_month_balanced_minus_random,p95_absolute_error,20,38.29053693043565,50.798797516977466,12.508260586541812,4.002538386612874,0.0
whole_spatial_blocks,2010,4.0,5000,historical_spatial_month_balanced_minus_random,p99_absolute_error,20,67.40235796222773,98.90033844033404,31.49798047810632,7.093818774544205,0.0
whole_spatial_blocks,2010,4.0,5000,historical_spatial_month_balanced_minus_random,rmse,20,24.357729568661,31.60402186008799,7.246292291426987,1.2266562097861629,0.0
whole_spatial_blocks,2014,0.0,5000,historical_spatial_month_balanced_minus_random,bias,20,0.6912771122721073,-3.4837575929102336,-4.175034705182341,1.0905403072510398,1.0
whole_spatial_blocks,2014,0.0,5000,historical_spatial_month_balanced_minus_random,mae,20,13.539173812083058,17.238854377633114,3.699680565550055,0.7315197210876163,0.0
whole_spatial_blocks,2014,0.0,5000,historical_spatial_month_balanced_minus_random,median_absolute_error,20,8.725240623377974,10.343716763782874,1.6184761404048984,0.393193541902279,0.0
whole_spatial_blocks,2014,0.0,5000,historical_spatial_month_balanced_minus_random,p95_absolute_error,20,38.104893493730124,53.435670439147394,15.330776945417279,3.3074557063584353,0.0
whole_spatial_blocks,2014,0.0,5000,historical_spatial_month_balanced_minus_random,p99_absolute_error,20,91.74352403839569,138.64151006145266,46.89798602305697,17.829928018141818,0.0
whole_spatial_blocks,2014,0.0,5000,historical_spatial_month_balanced_minus_random,rmse,20,26.73875685010181,33.75375754111059,7.01500069100878,1.957490696448122,0.0
whole_spatial_blocks,2014,1.0,5000,historical_spatial_month_balanced_minus_random,bias,20,1.186351281795048,-0.7347785257584057,-1.9211298075534535,0.983788651801648,1.0
whole_spatial_blocks,2014,1.0,5000,historical_spatial_month_balanced_minus_random,mae,20,12.138578113523817,15.284476627643581,3.1458985141197653,0.7141366992986438,0.0
whole_spatial_blocks,2014,1.0,5000,historical_spatial_month_balanced_minus_random,median_absolute_error,20,8.049073851188703,9.95833981525152,1.9092659640628171,0.2930513388889937,0.0
whole_spatial_blocks,2014,1.0,5000,historical_spatial_month_balanced_minus_random,p95_absolute_error,20,35.79387922076087,45.527919768837876,9.734040548077008,3.748374564008176,0.0
whole_spatial_blocks,2014,1.0,5000,historical_spatial_month_balanced_minus_random,p99_absolute_error,20,79.24525657767887,96.14571899484889,16.90046241717002,19.322488877947308,0.2
whole_spatial_blocks,2014,1.0,5000,historical_spatial_month_balanced_minus_random,rmse,20,20.285300872628586,26.114939436298478,5.829638563669894,2.0524928032662983,0.0
whole_spatial_blocks,2014,2.0,5000,historical_spatial_month_balanced_minus_random,bias,20,-0.363121524030914,-3.6424779329488004,-3.2793564089178857,1.6893963058596375,1.0
whole_spatial_blocks,2014,2.0,5000,historical_spatial_month_balanced_minus_random,mae,20,14.111092165057963,18.633809698350532,4.522717533292569,1.0391194140310498,0.0
whole_spatial_blocks,2014,2.0,5000,historical_spatial_month_balanced_minus_random,median_absolute_error,20,8.891454408249427,10.791145682023645,1.8996912737742186,0.3392877762277445,0.0
whole_spatial_blocks,2014,2.0,5000,historical_spatial_month_balanced_minus_random,p95_absolute_error,20,41.13240590004219,62.15436159725484,21.021955697212658,7.602705605144483,0.0
whole_spatial_blocks,2014,2.0,5000,historical_spatial_month_balanced_minus_random,p99_absolute_error,20,93.96473740195543,132.42153712243925,38.456799720483815,17.07390322439848,0.05
whole_spatial_blocks,2014,2.0,5000,historical_spatial_month_balanced_minus_random,rmse,20,29.21702995246452,36.34347742991387,7.126447477449345,1.9196802920326839,0.0
whole_spatial_blocks,2014,3.0,5000,historical_spatial_month_balanced_minus_random,bias,20,-0.7067640251581698,-5.4151556986873555,-4.708391673529186,0.8976916184749709,1.0
whole_spatial_blocks,2014,3.0,5000,historical_spatial_month_balanced_minus_random,mae,20,12.01972488333403,16.79533275497672,4.775607871642693,0.699415092406805,0.0
whole_spatial_blocks,2014,3.0,5000,historical_spatial_month_balanced_minus_random,median_absolute_error,20,8.135578722191806,9.819536576676194,1.683957854484388,0.3254700057098253,0.0
whole_spatial_blocks,2014,3.0,5000,historical_spatial_month_balanced_minus_random,p95_absolute_error,20,34.353842504926305,56.13446955083457,21.78062704590826,4.061917371716706,0.0
whole_spatial_blocks,2014,3.0,5000,historical_spatial_month_balanced_minus_random,p99_absolute_error,20,60.59119523652198,109.1410947817969,48.549899545274904,18.049745733952175,0.0
whole_spatial_blocks,2014,3.0,5000,historical_spatial_month_balanced_minus_random,rmse,20,24.914871261853698,35.474917652934884,10.560046391081189,1.430502669872859,0.0
whole_spatial_blocks,2014,4.0,5000,historical_spatial_month_balanced_minus_random,bias,20,-0.7576110079727495,-5.299716082002642,-4.542105074029893,1.0376152209838092,1.0
whole_spatial_blocks,2014,4.0,5000,historical_spatial_month_balanced_minus_random,mae,20,12.885207770634523,16.743210010843303,3.85800224020878,0.7092495874086029,0.0
whole_spatial_blocks,2014,4.0,5000,historical_spatial_month_balanced_minus_random,median_absolute_error,20,8.616168785951302,10.382488549501023,1.7663197635497192,0.3117954173800841,0.0
whole_spatial_blocks,2014,4.0,5000,historical_spatial_month_balanced_minus_random,p95_absolute_error,20,37.9614250658067,52.508757640718684,14.547332574911973,3.8762108856973727,0.0
whole_spatial_blocks,2014,4.0,5000,historical_spatial_month_balanced_minus_random,p99_absolute_error,20,66.45070925060313,105.67500482186081,39.22429557125766,15.170419160173212,0.0
whole_spatial_blocks,2014,4.0,5000,historical_spatial_month_balanced_minus_random,rmse,20,24.293211097796302,31.84346074199081,7.55024964419451,1.5500212192842349,0.0
