year,evaluation_domain,budget,comparison,metric,n_seeds,mean_area_weighting_change,sd_area_weighting_change,seed_bootstrap_low,seed_bootstrap_high,fraction_change_below_zero
2005,all,500,historical_density_minus_random,mae,20,0.033267522533347124,0.268281781561365,-0.08764780163567971,0.14493568376756258,0.35
2005,all,500,historical_density_minus_random,median_absolute_error,20,0.04030294364190323,0.23158426329158208,-0.06368559664120554,0.133884209247075,0.25
2005,all,500,historical_density_minus_random,p95_absolute_error,20,-0.17230672860689458,1.2164511989503763,-0.7000371600066952,0.35050821012526556,0.45
2005,all,500,historical_density_minus_random,p99_absolute_error,20,-0.20517880322521442,2.048161476964035,-1.0814967522991812,0.6680473506335681,0.5
2005,all,500,historical_density_minus_random,rmse,20,-0.019809539006886378,0.3402106483968434,-0.16623841106339443,0.12381551537934049,0.5
2005,all,500,spatial_coverage_minus_random,mae,20,0.03596589428823523,0.13600057359016232,-0.021074410333568,0.09596352675361992,0.45
2005,all,500,spatial_coverage_minus_random,median_absolute_error,20,-0.0010865367002125454,0.1593562337696897,-0.06758934483549447,0.06985806568919053,0.6
2005,all,500,spatial_coverage_minus_random,p95_absolute_error,20,0.18792570327120228,0.6056689568834459,-0.055613264646933995,0.45733660231882306,0.5
2005,all,500,spatial_coverage_minus_random,p99_absolute_error,20,0.31632203290883343,1.5449521509028075,-0.3139423553021722,1.0047785724542835,0.4
2005,all,500,spatial_coverage_minus_random,rmse,20,0.05110111204973612,0.1516746800271173,-0.01235324739175416,0.11884348106187807,0.4
2005,all,1000,historical_density_minus_random,mae,20,-0.029462110562554565,0.22007857401687933,-0.12580565315734227,0.06325527570568804,0.5
2005,all,1000,historical_density_minus_random,median_absolute_error,20,0.03843524692746743,0.1311587273018445,-0.01939282394829663,0.09270302792274969,0.3
2005,all,1000,historical_density_minus_random,p95_absolute_error,20,-0.37377220679313483,1.5244442147507173,-1.0107723725756625,0.29748597816234484,0.65
2005,all,1000,historical_density_minus_random,p99_absolute_error,20,-1.3626144640854858,2.342819402842281,-2.3454474341351483,-0.3713915857125304,0.75
2005,all,1000,historical_density_minus_random,rmse,20,-0.12875834180171966,0.3565887815302801,-0.28704322073816774,0.01535881950962703,0.6
2005,all,1000,spatial_coverage_minus_random,mae,20,-0.008723544033727338,0.13133574317792213,-0.06107067069532763,0.05021661266467115,0.6
2005,all,1000,spatial_coverage_minus_random,median_absolute_error,20,0.004047086323603818,0.15922969554874553,-0.06210509752598126,0.0727488922039368,0.55
2005,all,1000,spatial_coverage_minus_random,p95_absolute_error,20,-0.051577816563027366,0.41806157088509477,-0.2300563819886378,0.1285279298877196,0.5
2005,all,1000,spatial_coverage_minus_random,p99_absolute_error,20,-0.4111488382420979,1.4244979874766663,-1.0174757517587325,0.18544756157969491,0.65
2005,all,1000,spatial_coverage_minus_random,rmse,20,-0.02485356553419911,0.12818423445915922,-0.07935152755315213,0.028904109832542386,0.65
2005,all,2500,historical_density_minus_random,mae,20,-0.0706611007257889,0.24215798166482172,-0.17674416117751518,0.031012524536372717,0.7
2005,all,2500,historical_density_minus_random,median_absolute_error,20,-0.050101376828314434,0.12941332344873652,-0.10595516339950567,0.005582473693168093,0.6
2005,all,2500,historical_density_minus_random,p95_absolute_error,20,-0.01596892993042367,2.0595177173230543,-0.9084381370166192,0.8480061851939588,0.5
2005,all,2500,historical_density_minus_random,p99_absolute_error,20,-0.4102698611867684,3.683206246260421,-1.9701341391324396,1.1640767747459513,0.6
2005,all,2500,historical_density_minus_random,rmse,20,-0.061435230240593754,0.5458344169553054,-0.3051909821994677,0.16739701022219708,0.55
2005,all,2500,spatial_coverage_minus_random,mae,20,-0.0054828324198342715,0.12220179145749707,-0.0574826765045372,0.04721850759178565,0.45
2005,all,2500,spatial_coverage_minus_random,median_absolute_error,20,-0.0015011844362717909,0.11610857173153707,-0.050566671753367945,0.047813288023234465,0.35
2005,all,2500,spatial_coverage_minus_random,p95_absolute_error,20,0.0002515761095642548,0.36095533983984207,-0.15172905876212844,0.1543322229395059,0.55
2005,all,2500,spatial_coverage_minus_random,p99_absolute_error,20,-0.530709010104869,1.5001509442059082,-1.1653524052401216,0.12205161187764371,0.6
2005,all,2500,spatial_coverage_minus_random,rmse,20,0.013023214454852161,0.1899076606958568,-0.07221716550566666,0.0917881743254378,0.45
2005,all,5000,historical_density_minus_random,mae,20,0.0274332987271362,0.18987410807057548,-0.05392761526295153,0.1085758109782488,0.4
2005,all,5000,historical_density_minus_random,median_absolute_error,20,0.03825329027873753,0.12688427954965706,-0.016842978598735635,0.09175839342744045,0.4
2005,all,5000,historical_density_minus_random,p95_absolute_error,20,-0.0307625883135648,1.9442453498941252,-0.8664136228356619,0.8033372997922688,0.5
2005,all,5000,historical_density_minus_random,p99_absolute_error,20,0.09061463362222302,2.5133844977124595,-0.9887375470443266,1.1343878799427258,0.45
2005,all,5000,historical_density_minus_random,rmse,20,-0.019250883990525436,0.4343913779310874,-0.20013626744214044,0.16865563080389612,0.45
2005,all,5000,spatial_coverage_minus_random,mae,20,0.03145236669917889,0.11330466785133497,-0.01625145621723008,0.08035218507996127,0.5
2005,all,5000,spatial_coverage_minus_random,median_absolute_error,20,0.019291383063733743,0.11477373607436281,-0.028228178649736806,0.06987190736783482,0.45
2005,all,5000,spatial_coverage_minus_random,p95_absolute_error,20,0.11374698466887541,0.4415596710976465,-0.07517375229742027,0.3081942193946688,0.45
2005,all,5000,spatial_coverage_minus_random,p99_absolute_error,20,0.008485792402626747,0.9022945471006336,-0.38122797120017515,0.38851573181694665,0.45
2005,all,5000,spatial_coverage_minus_random,rmse,20,0.02019275387519818,0.20091289401762588,-0.07131315282383659,0.10015590553511439,0.45
2005,spco2_le_threshold,500,historical_density_minus_random,mae,20,0.033292339838775706,0.2682380392676536,-0.08457701907463676,0.145043213166754,0.35
2005,spco2_le_threshold,500,historical_density_minus_random,median_absolute_error,20,0.04027916275804416,0.2317457238438279,-0.061469812768377166,0.13547627245449223,0.25
2005,spco2_le_threshold,500,historical_density_minus_random,p95_absolute_error,20,-0.16837675571273483,1.19119868741339,-0.6802216985014005,0.32620929141454474,0.45
2005,spco2_le_threshold,500,historical_density_minus_random,p99_absolute_error,20,-0.3176657617566095,2.0613500915230976,-1.1939859821327818,0.5611092718526934,0.5
2005,spco2_le_threshold,500,historical_density_minus_random,rmse,20,-0.022980882402791725,0.38667205191188353,-0.18798970972832948,0.14073705536123945,0.5
2005,spco2_le_threshold,500,spatial_coverage_minus_random,mae,20,0.0358053077389969,0.13612865709810001,-0.020546124292580747,0.09586689370568345,0.45
2005,spco2_le_threshold,500,spatial_coverage_minus_random,median_absolute_error,20,-0.001214533204519333,0.15931585476588372,-0.06841734477119976,0.06718721743325502,0.6
2005,spco2_le_threshold,500,spatial_coverage_minus_random,p95_absolute_error,20,0.1909759837011901,0.5932780953129816,-0.04978250848077377,0.4594845678690194,0.5
2005,spco2_le_threshold,500,spatial_coverage_minus_random,p99_absolute_error,20,0.258847993695779,1.4969374911246103,-0.3588892256555621,0.9228048384944662,0.5
2005,spco2_le_threshold,500,spatial_coverage_minus_random,rmse,20,0.05451308040061651,0.184382856492609,-0.020081371940060853,0.13613221966368125,0.45
2005,spco2_le_threshold,1000,historical_density_minus_random,mae,20,-0.029407781742795326,0.22000735020625323,-0.12663159928539847,0.06038112643694347,0.5
2005,spco2_le_threshold,1000,historical_density_minus_random,median_absolute_error,20,0.038253867772988316,0.1307534758905251,-0.019748740124202545,0.09067277216426438,0.3
2005,spco2_le_threshold,1000,historical_density_minus_random,p95_absolute_error,20,-0.3716897969399704,1.5224177558754104,-1.020890198813578,0.2859903210490705,0.65
2005,spco2_le_threshold,1000,historical_density_minus_random,p99_absolute_error,20,-1.331820959883094,2.1240838194120495,-2.222297754997361,-0.40495196388604077,0.75
2005,spco2_le_threshold,1000,historical_density_minus_random,rmse,20,-0.15114208127597334,0.40856504647790637,-0.33244243747745517,0.01576017409261451,0.6
2005,spco2_le_threshold,1000,spatial_coverage_minus_random,mae,20,-0.008586985603818329,0.1312922336081328,-0.061069039279446895,0.04986536637346908,0.6
2005,spco2_le_threshold,1000,spatial_coverage_minus_random,median_absolute_error,20,0.003905011552355092,0.15923345788318005,-0.06110925313092164,0.07555236613890401,0.6
2005,spco2_le_threshold,1000,spatial_coverage_minus_random,p95_absolute_error,20,-0.05603797810996904,0.4206249020678531,-0.23489205839407698,0.1255263657685927,0.45
2005,spco2_le_threshold,1000,spatial_coverage_minus_random,p99_absolute_error,20,-0.41763744057013386,1.329900488334246,-0.9900166602687911,0.1490775342628746,0.6
2005,spco2_le_threshold,1000,spatial_coverage_minus_random,rmse,20,-0.02023530277651383,0.14844606434537416,-0.08035260240130603,0.04383164202140404,0.6
2005,spco2_le_threshold,2500,historical_density_minus_random,mae,20,-0.0706179511445569,0.24206205153201846,-0.17865436082627925,0.032156102320796943,0.7
2005,spco2_le_threshold,2500,historical_density_minus_random,median_absolute_error,20,-0.050309337541253274,0.12956452865575582,-0.10697092145754983,0.0037293246158938936,0.6
2005,spco2_le_threshold,2500,historical_density_minus_random,p95_absolute_error,20,-0.010144124627307427,2.0509654886015465,-0.8955873019485525,0.8635034549314882,0.5
2005,spco2_le_threshold,2500,historical_density_minus_random,p99_absolute_error,20,-0.43633953959200655,3.7790338817055784,-2.050274750348685,1.1915329832308048,0.6
2005,spco2_le_threshold,2500,historical_density_minus_random,rmse,20,-0.07237068564812361,0.6376005870042282,-0.3421853122967128,0.1918079792075657,0.55
2005,spco2_le_threshold,2500,spatial_coverage_minus_random,mae,20,-0.005497169164852484,0.1225088886943166,-0.05819943785859849,0.04835202450952066,0.45
2005,spco2_le_threshold,2500,spatial_coverage_minus_random,median_absolute_error,20,-0.001634923585453385,0.1163262695896684,-0.05202398000310987,0.047394033099387556,0.35
2005,spco2_le_threshold,2500,spatial_coverage_minus_random,p95_absolute_error,20,-0.0004289192913142805,0.35856123008788043,-0.14973673218725542,0.15544762367422393,0.55
2005,spco2_le_threshold,2500,spatial_coverage_minus_random,p99_absolute_error,20,-0.4637223750975978,1.5329048555068654,-1.1183512347696738,0.18132993941633296,0.5
2005,spco2_le_threshold,2500,spatial_coverage_minus_random,rmse,20,0.016284765842199546,0.22147450029482826,-0.08033306688741945,0.11319542913427073,0.6
2005,spco2_le_threshold,5000,historical_density_minus_random,mae,20,0.027376989689269115,0.18939746544050276,-0.05399589789154959,0.10608887720364941,0.4
2005,spco2_le_threshold,5000,historical_density_minus_random,median_absolute_error,20,0.03832860018064532,0.12698498098805094,-0.016253316172362083,0.09202609025888948,0.4
2005,spco2_le_threshold,5000,historical_density_minus_random,p95_absolute_error,20,-0.029559473538974146,1.9319013084735093,-0.8603037980470079,0.768422629284051,0.5
2005,spco2_le_threshold,5000,historical_density_minus_random,p99_absolute_error,20,0.02848159490988955,2.6071673952877843,-1.1111552131285762,1.126267211732993,0.5
2005,spco2_le_threshold,5000,historical_density_minus_random,rmse,20,-0.021302283203532824,0.5082847998468115,-0.22957945892453424,0.19599329284233233,0.5
2005,spco2_le_threshold,5000,spatial_coverage_minus_random,mae,20,0.031282507362254165,0.1134280200551705,-0.015562049869684005,0.0813288172740041,0.5
2005,spco2_le_threshold,5000,spatial_coverage_minus_random,median_absolute_error,20,0.019548089450228213,0.11488884511437637,-0.027399094199011473,0.07165899221565268,0.45
2005,spco2_le_threshold,5000,spatial_coverage_minus_random,p95_absolute_error,20,0.1114519097131865,0.4447887662339796,-0.07647157376955616,0.30799595113010153,0.45
2005,spco2_le_threshold,5000,spatial_coverage_minus_random,p99_absolute_error,20,0.0038681691310301636,0.9595918749004942,-0.39714039775957766,0.4137243432562273,0.5
2005,spco2_le_threshold,5000,spatial_coverage_minus_random,rmse,20,0.01793785610590935,0.25830072002474336,-0.10049054854971434,0.11768610477532404,0.45
2010,all,500,historical_density_minus_random,mae,20,-0.12012401641230067,0.25399300792488855,-0.22973363122777465,-0.014251700915924816,0.65
2010,all,500,historical_density_minus_random,median_absolute_error,20,-0.07259998312193963,0.2127045356835787,-0.16431585923777647,0.01827726468988594,0.6
2010,all,500,historical_density_minus_random,p95_absolute_error,20,-0.7556691726974568,1.6470230761136482,-1.4657479802160187,-0.06709255283342239,0.6
2010,all,500,historical_density_minus_random,p99_absolute_error,20,0.050521926956148634,2.5364935863601072,-1.0098758235279253,1.159541555809714,0.55
2010,all,500,historical_density_minus_random,rmse,20,-0.12388173358199336,0.3929513728128852,-0.2951707508295245,0.04327080886535189,0.65
2010,all,500,spatial_coverage_minus_random,mae,20,-0.03207749244133405,0.12111533416571277,-0.08349946182187001,0.019209907007483127,0.6
2010,all,500,spatial_coverage_minus_random,median_absolute_error,20,-0.015885314127926646,0.10483251497197058,-0.06199486082315157,0.030048795027083592,0.5
2010,all,500,spatial_coverage_minus_random,p95_absolute_error,20,-0.11574477064472802,0.523709270633957,-0.35065023762745556,0.09777759341642862,0.5
2010,all,500,spatial_coverage_minus_random,p99_absolute_error,20,-0.19454435559903827,1.2563502044563055,-0.7284611755950806,0.3317709507585573,0.6
2010,all,500,spatial_coverage_minus_random,rmse,20,-0.0340100358289364,0.1441741938636303,-0.09950602358070525,0.02419626646359559,0.55
2010,all,1000,historical_density_minus_random,mae,20,-0.05333017662408783,0.18835113591769131,-0.13484051631791125,0.0259674756345794,0.6
2010,all,1000,historical_density_minus_random,median_absolute_error,20,-0.031983069408502054,0.12791214700346973,-0.08522292017005828,0.02359098436541387,0.6
2010,all,1000,historical_density_minus_random,p95_absolute_error,20,-0.38992866730132814,1.5662703476155686,-1.1237012199423633,0.22462597481937627,0.6
2010,all,1000,historical_density_minus_random,p99_absolute_error,20,0.021452701785221427,2.472007684409095,-1.0489580730710593,1.0682721045022594,0.5
2010,all,1000,historical_density_minus_random,rmse,20,-0.07682299249371996,0.3324032653161374,-0.2221278235907626,0.0601270002292632,0.55
2010,all,1000,spatial_coverage_minus_random,mae,20,-0.041421419201207565,0.11955247722136983,-0.0928478583783605,0.008159594332218523,0.65
2010,all,1000,spatial_coverage_minus_random,median_absolute_error,20,-0.03641705766390117,0.10797005473283854,-0.0832534890731573,0.009988180029277422,0.6
2010,all,1000,spatial_coverage_minus_random,p95_absolute_error,20,-0.060639496805183477,0.48988553883970176,-0.27839922115411975,0.1363109169431493,0.55
2010,all,1000,spatial_coverage_minus_random,p99_absolute_error,20,0.4454352374312812,1.378093187670294,-0.14513489890672873,1.0367324767145418,0.35
2010,all,1000,spatial_coverage_minus_random,rmse,20,-0.0013609894608251794,0.14406984763649464,-0.06699248637791184,0.05648174125419491,0.5
2010,all,2500,historical_density_minus_random,mae,20,-0.08112904008664097,0.24169295969108395,-0.18255647574698142,0.025121594934300925,0.6
2010,all,2500,historical_density_minus_random,median_absolute_error,20,-0.040910825055607336,0.14387487564860885,-0.10345567372818981,0.019172988566189302,0.6
2010,all,2500,historical_density_minus_random,p95_absolute_error,20,-0.4080385296102026,1.7914896863887826,-1.1623366507128123,0.3748203885635678,0.6
2010,all,2500,historical_density_minus_random,p99_absolute_error,20,-0.5815540741422607,3.928855768354771,-2.2500376635787527,1.0948700160736466,0.6
2010,all,2500,historical_density_minus_random,rmse,20,-0.12854344066508822,0.43348325082753036,-0.3253278081250934,0.048872699480504295,0.65
2010,all,2500,spatial_coverage_minus_random,mae,20,0.003341819539077301,0.11482085520712348,-0.04327642206798704,0.05437176757036985,0.55
2010,all,2500,spatial_coverage_minus_random,median_absolute_error,20,0.021153549109438098,0.12463764413939855,-0.029722506298724086,0.0761920477863555,0.5
2010,all,2500,spatial_coverage_minus_random,p95_absolute_error,20,0.01054526602130008,0.3691852406442375,-0.14422675424514653,0.16691754016610105,0.5
2010,all,2500,spatial_coverage_minus_random,p99_absolute_error,20,-0.12528175182561202,1.2981451199952614,-0.6542887984813923,0.4728051775016214,0.6
2010,all,2500,spatial_coverage_minus_random,rmse,20,-0.04030511363591954,0.15143093522237233,-0.1069697890799084,0.02213683972804005,0.55
2010,all,5000,historical_density_minus_random,mae,20,-0.03613432351489578,0.2815924388122776,-0.15416406542260935,0.08602526349221937,0.6
2010,all,5000,historical_density_minus_random,median_absolute_error,20,0.008553310562052763,0.15380408826456582,-0.05597550006067024,0.07478410963291172,0.45
2010,all,5000,historical_density_minus_random,p95_absolute_error,20,-0.12139160143271539,1.8978357034753481,-0.9155045533920291,0.6922924184559479,0.5
2010,all,5000,historical_density_minus_random,p99_absolute_error,20,-1.4243026280170725,3.8063299001380666,-3.0564843863898825,0.14423795671966014,0.6
2010,all,5000,historical_density_minus_random,rmse,20,-0.10965538842768865,0.47080326367802044,-0.307727804375712,0.0935428101572275,0.7
2010,all,5000,spatial_coverage_minus_random,mae,20,-0.05412485681774726,0.1128260335091586,-0.10237347907289394,-0.005873708282071409,0.7
2010,all,5000,spatial_coverage_minus_random,median_absolute_error,20,-0.029800828680132,0.10527752681370903,-0.07600922467575692,0.01461628774458018,0.55
2010,all,5000,spatial_coverage_minus_random,p95_absolute_error,20,-0.25668853460374363,0.42791845414218294,-0.438374144015731,-0.07754569721949493,0.75
2010,all,5000,spatial_coverage_minus_random,p99_absolute_error,20,-0.8183548104722327,1.0783559315391993,-1.3111328312463173,-0.3831984694698988,0.85
2010,all,5000,spatial_coverage_minus_random,rmse,20,-0.06471941764104726,0.14134009417441296,-0.12519081791488404,-0.002102179662511087,0.7
2010,spco2_le_threshold,500,historical_density_minus_random,mae,20,-0.12003140593501664,0.25406896015944685,-0.2312402442674126,-0.015665883099780013,0.65
2010,spco2_le_threshold,500,historical_density_minus_random,median_absolute_error,20,-0.07228615753840298,0.21300708201093996,-0.16328335996481394,0.01811702743169957,0.6
2010,spco2_le_threshold,500,historical_density_minus_random,p95_absolute_error,20,-0.7472514053667405,1.6187383423756063,-1.4649028205049641,-0.08048589842707182,0.6
2010,spco2_le_threshold,500,historical_density_minus_random,p99_absolute_error,20,0.023163230911128263,2.5318964007339644,-1.039052291892936,1.1379867043340317,0.55
2010,spco2_le_threshold,500,historical_density_minus_random,rmse,20,-0.14376080416616221,0.4618756477141651,-0.3416455923150974,0.047407420040241156,0.65
2010,spco2_le_threshold,500,spatial_coverage_minus_random,mae,20,-0.03220256580315485,0.12105055893619592,-0.08415145204094823,0.019552456256604005,0.6
2010,spco2_le_threshold,500,spatial_coverage_minus_random,median_absolute_error,20,-0.015999287915377674,0.10435833548819277,-0.059872468782502145,0.02776669142939923,0.5
2010,spco2_le_threshold,500,spatial_coverage_minus_random,p95_absolute_error,20,-0.1166275739138896,0.5103868600201752,-0.342887643662179,0.09087358348642521,0.45
2010,spco2_le_threshold,500,spatial_coverage_minus_random,p99_absolute_error,20,-0.2689387981797074,1.257899463745123,-0.8237611284226477,0.2436486356325224,0.55
2010,spco2_le_threshold,500,spatial_coverage_minus_random,rmse,20,-0.04196831925742497,0.16905551842682204,-0.11896885329795667,0.026441228401822236,0.65
2010,spco2_le_threshold,1000,historical_density_minus_random,mae,20,-0.05325314833673298,0.18825801796541378,-0.13488048236863576,0.026407861174356968,0.65
2010,spco2_le_threshold,1000,historical_density_minus_random,median_absolute_error,20,-0.03248138194133217,0.12756874910421329,-0.08545779589427459,0.022739622453880316,0.6
2010,spco2_le_threshold,1000,historical_density_minus_random,p95_absolute_error,20,-0.37349438359211556,1.5221715568849457,-1.063866108773658,0.23388888336158484,0.6
2010,spco2_le_threshold,1000,historical_density_minus_random,p99_absolute_error,20,-0.14023006440514063,2.5665780735594645,-1.27189500638917,0.9117971036395834,0.55
2010,spco2_le_threshold,1000,historical_density_minus_random,rmse,20,-0.09143077763269887,0.3866665249144872,-0.2609131278925831,0.07313317544893098,0.6
2010,spco2_le_threshold,1000,spatial_coverage_minus_random,mae,20,-0.04152905325215295,0.11961593674720428,-0.09326894125678993,0.008416254146955163,0.65
2010,spco2_le_threshold,1000,spatial_coverage_minus_random,median_absolute_error,20,-0.03681352591277685,0.10780481923544337,-0.08394051337087262,0.010374543195915898,0.6
2010,spco2_le_threshold,1000,spatial_coverage_minus_random,p95_absolute_error,20,-0.06556155331188188,0.4831104732219284,-0.2749191029367865,0.1344694182516739,0.5
2010,spco2_le_threshold,1000,spatial_coverage_minus_random,p99_absolute_error,20,0.4081975784560875,1.3559055228969292,-0.17034377703733775,0.9817605712977605,0.35
2010,spco2_le_threshold,1000,spatial_coverage_minus_random,rmse,20,-0.014870002318138582,0.1774598718107717,-0.09487592029015163,0.05703799451756099,0.45
2010,spco2_le_threshold,2500,historical_density_minus_random,mae,20,-0.08142498254726867,0.24184473789716684,-0.18001397243198836,0.025798252453371317,0.6
2010,spco2_le_threshold,2500,historical_density_minus_random,median_absolute_error,20,-0.040891606377869,0.14412916681012886,-0.10461757843705792,0.018926886473237807,0.6
2010,spco2_le_threshold,2500,historical_density_minus_random,p95_absolute_error,20,-0.396074763432994,1.7962579814863424,-1.1609542229646235,0.3809765368235875,0.6
2010,spco2_le_threshold,2500,historical_density_minus_random,p99_absolute_error,20,-0.5796322510497603,3.6366724527926144,-2.1355575859438813,1.0054196516670029,0.55
2010,spco2_le_threshold,2500,historical_density_minus_random,rmse,20,-0.166403895975089,0.5220983104447632,-0.39360158692774394,0.04876612020833853,0.6
2010,spco2_le_threshold,2500,spatial_coverage_minus_random,mae,20,0.003003344010477199,0.11469168781361322,-0.04404737917110857,0.05580504231505363,0.55
2010,spco2_le_threshold,2500,spatial_coverage_minus_random,median_absolute_error,20,0.02055335673864251,0.12440522653409718,-0.030467774175599913,0.07484712544599496,0.5
2010,spco2_le_threshold,2500,spatial_coverage_minus_random,p95_absolute_error,20,0.010611577075332645,0.37432061741401973,-0.15013876640468057,0.17060037347546889,0.5
2010,spco2_le_threshold,2500,spatial_coverage_minus_random,p99_absolute_error,20,-0.13446828753576057,1.182674057023373,-0.597897413088968,0.41498757177425105,0.65
2010,spco2_le_threshold,2500,spatial_coverage_minus_random,rmse,20,-0.06641826286466444,0.18384044199814104,-0.14731387755090397,0.010550800298206684,0.55
2010,spco2_le_threshold,5000,historical_density_minus_random,mae,20,-0.036399993083038006,0.28166396385679393,-0.15524186006771806,0.08610745429369525,0.6
2010,spco2_le_threshold,5000,historical_density_minus_random,median_absolute_error,20,0.008384039778846409,0.15354366260700003,-0.05651400016542701,0.07409831304764959,0.45
2010,spco2_le_threshold,5000,historical_density_minus_random,p95_absolute_error,20,-0.12789731602881282,1.8833821964127184,-0.9176032927473453,0.697027785741626,0.5
2010,spco2_le_threshold,5000,historical_density_minus_random,p99_absolute_error,20,-1.53366103137748,3.9028797489322464,-3.2444015253115226,0.05907798851752415,0.55
2010,spco2_le_threshold,5000,historical_density_minus_random,rmse,20,-0.14858799268761347,0.5560401291178525,-0.37701707911308807,0.09229980434482644,0.7
2010,spco2_le_threshold,5000,spatial_coverage_minus_random,mae,20,-0.054041287463070575,0.11272158272672085,-0.10124518534026682,-0.005328396099352833,0.7
2010,spco2_le_threshold,5000,spatial_coverage_minus_random,median_absolute_error,20,-0.02995234925252817,0.10564371914703924,-0.07551661842050945,0.014555971926105861,0.55
2010,spco2_le_threshold,5000,spatial_coverage_minus_random,p95_absolute_error,20,-0.2577175875050969,0.424614555291035,-0.43828214728796294,-0.08083043056740803,0.75
2010,spco2_le_threshold,5000,spatial_coverage_minus_random,p99_absolute_error,20,-0.8406106861285563,1.069556539218146,-1.2973248492983052,-0.40092998084266107,0.85
2010,spco2_le_threshold,5000,spatial_coverage_minus_random,rmse,20,-0.08667147982810125,0.17880631385088552,-0.16284922789901082,-0.009395594163773044,0.7
2014,all,500,historical_density_minus_random,mae,20,-0.06701833289731758,0.2729213479289321,-0.17783336932256735,0.05262197985023442,0.6
2014,all,500,historical_density_minus_random,median_absolute_error,20,-0.043589816914631305,0.27025028638927767,-0.14802169431753068,0.08139890756217147,0.65
2014,all,500,historical_density_minus_random,p95_absolute_error,20,0.20822934561819134,1.0982243556686093,-0.26355592404452916,0.6783514506458163,0.35
2014,all,500,historical_density_minus_random,p99_absolute_error,20,-0.8789297213478054,2.3156022897592186,-1.908346530606946,0.06620456081907121,0.6
2014,all,500,historical_density_minus_random,rmse,20,-0.08853382549951991,0.3476017447292065,-0.24066515554443368,0.05825521417624943,0.7
2014,all,500,spatial_coverage_minus_random,mae,20,0.002726394595141124,0.21428946479878733,-0.08773433753394276,0.09203604389480455,0.45
2014,all,500,spatial_coverage_minus_random,median_absolute_error,20,0.03446980134499711,0.19857414342045615,-0.048619115283384834,0.1196646677662303,0.45
2014,all,500,spatial_coverage_minus_random,p95_absolute_error,20,-0.10517182275003725,0.7758618913610553,-0.4249402572056562,0.23772571138819495,0.6
2014,all,500,spatial_coverage_minus_random,p99_absolute_error,20,-0.40014765118018725,1.3988811183354375,-1.0366425527522558,0.1723452900443659,0.45
2014,all,500,spatial_coverage_minus_random,rmse,20,-0.045453889132751515,0.2315469022318942,-0.14530545086255559,0.05350865357266657,0.6
2014,all,1000,historical_density_minus_random,mae,20,0.018329627826937457,0.30851651103373556,-0.11120628463433961,0.15107927321897258,0.45
2014,all,1000,historical_density_minus_random,median_absolute_error,20,0.014702502088074809,0.21799276046483257,-0.07576205581174966,0.11089642141015667,0.5
2014,all,1000,historical_density_minus_random,p95_absolute_error,20,0.2798628787605809,2.043386161966904,-0.5856999352432539,1.167037558391749,0.6
2014,all,1000,historical_density_minus_random,p99_absolute_error,20,0.07745364766915888,3.0848127637597984,-1.188060271375559,1.4586086087695016,0.6
2014,all,1000,historical_density_minus_random,rmse,20,0.04570852979163829,0.4687434571545524,-0.1503363189463773,0.25186585385959287,0.6
2014,all,1000,spatial_coverage_minus_random,mae,20,-0.019311565317611565,0.14200335002533107,-0.07664127384815102,0.04285397983499024,0.65
2014,all,1000,spatial_coverage_minus_random,median_absolute_error,20,-0.042888348622622634,0.14351699008663432,-0.10396457362506585,0.020144012482770996,0.7
2014,all,1000,spatial_coverage_minus_random,p95_absolute_error,20,-0.016408466333471983,0.5673881578824425,-0.24684296757519247,0.2369546707372802,0.6
2014,all,1000,spatial_coverage_minus_random,p99_absolute_error,20,-0.1473238341483199,1.1573685089736345,-0.6240018369677937,0.3597592789016416,0.65
2014,all,1000,spatial_coverage_minus_random,rmse,20,0.0094184987106961,0.1644896131600106,-0.06006483554925599,0.08009987564976515,0.5
2014,all,2500,historical_density_minus_random,mae,20,-0.010079461560786296,0.2569162020454047,-0.12146018916608245,0.09918151610057123,0.5
2014,all,2500,historical_density_minus_random,median_absolute_error,20,-0.03093365963942455,0.17093693736086116,-0.10316480982216993,0.04343488246813153,0.55
2014,all,2500,historical_density_minus_random,p95_absolute_error,20,0.00294103995027708,2.2900055130039103,-0.9309456756911125,1.0292478994306473,0.6
2014,all,2500,historical_density_minus_random,p99_absolute_error,20,-0.4362335182425804,4.417580647546164,-2.2512415861858437,1.5050747605831825,0.5
2014,all,2500,historical_density_minus_random,rmse,20,0.004275088152712936,0.6146876564856619,-0.2532382234525467,0.26967516639020833,0.55
2014,all,2500,spatial_coverage_minus_random,mae,20,-0.0604640348659168,0.11866462298116315,-0.10930443971634908,-0.009205160569350963,0.6
2014,all,2500,spatial_coverage_minus_random,median_absolute_error,20,-0.04175591209116047,0.10491177773634568,-0.08649320030682148,0.004290272359149309,0.7
2014,all,2500,spatial_coverage_minus_random,p95_absolute_error,20,-0.19514485207957638,0.35421472212847105,-0.34908872249845113,-0.04544065030344159,0.7
2014,all,2500,spatial_coverage_minus_random,p99_absolute_error,20,-0.3970312168076065,1.5452084067151566,-1.1050036889893797,0.21358025713732748,0.6
2014,all,2500,spatial_coverage_minus_random,rmse,20,-0.06169131481401226,0.17296677578350658,-0.13926415660744845,0.010750601400562582,0.5
2014,all,5000,historical_density_minus_random,mae,20,-0.0055799784791425115,0.2594507837268896,-0.1145144642244869,0.1043252456505361,0.5
2014,all,5000,historical_density_minus_random,median_absolute_error,20,-0.00293672536867009,0.13930750831379257,-0.060083712265391845,0.05811302271741828,0.55
2014,all,5000,historical_density_minus_random,p95_absolute_error,20,-0.004592413137697626,2.105005082416651,-0.8990110476408598,0.9036354911704845,0.5
2014,all,5000,historical_density_minus_random,p99_absolute_error,20,-1.3118605725962644,4.196882501536763,-3.203398237883613,0.46396242889800654,0.6
2014,all,5000,historical_density_minus_random,rmse,20,-0.05568107478372406,0.5546726940898998,-0.2896761321988696,0.18138619320362956,0.55
2014,all,5000,spatial_coverage_minus_random,mae,20,-0.001992569788730778,0.11786310085643688,-0.05358769212291017,0.04802054540309755,0.5
2014,all,5000,spatial_coverage_minus_random,median_absolute_error,20,-0.022388792326108856,0.09215924648989193,-0.06241642043604622,0.015268495130930853,0.6
2014,all,5000,spatial_coverage_minus_random,p95_absolute_error,20,-0.007915482829086596,0.5142950353472023,-0.230453424081917,0.2023124125004485,0.55
2014,all,5000,spatial_coverage_minus_random,p99_absolute_error,20,-0.011357680447850137,1.148529937084517,-0.4977058438739392,0.4896590573630393,0.55
2014,all,5000,spatial_coverage_minus_random,rmse,20,0.05642003029890165,0.1389295077571714,-0.003922016576979651,0.11449715873972402,0.4
2014,spco2_le_threshold,500,historical_density_minus_random,mae,20,-0.06698771389470962,0.2729396141413861,-0.1744268048995942,0.053053311954573995,0.6
2014,spco2_le_threshold,500,historical_density_minus_random,median_absolute_error,20,-0.043573332111526454,0.27021543908288365,-0.14939046441015136,0.07960942997600041,0.65
2014,spco2_le_threshold,500,historical_density_minus_random,p95_absolute_error,20,0.18898733806597753,1.1029047824365124,-0.28695794228637184,0.6582131193423977,0.35
2014,spco2_le_threshold,500,historical_density_minus_random,p99_absolute_error,20,-0.8036027638028216,2.347294913853148,-1.8517798938747239,0.14340621460017453,0.6
2014,spco2_le_threshold,500,historical_density_minus_random,rmse,20,-0.09965778911876973,0.3792479775374975,-0.26175066292233756,0.06030853047125259,0.7
2014,spco2_le_threshold,500,spatial_coverage_minus_random,mae,20,0.0027635625213223215,0.21427418439566234,-0.09104601444860579,0.09331840137152092,0.45
2014,spco2_le_threshold,500,spatial_coverage_minus_random,median_absolute_error,20,0.03411285284768012,0.1989401816857326,-0.04917615356919177,0.11939129550210639,0.45
2014,spco2_le_threshold,500,spatial_coverage_minus_random,p95_absolute_error,20,-0.11445228871908383,0.77353318012634,-0.4321793386090935,0.23124248833472782,0.6
2014,spco2_le_threshold,500,spatial_coverage_minus_random,p99_absolute_error,20,-0.34570771540399986,1.3711547442006886,-0.960734184791432,0.2253862565417723,0.5
2014,spco2_le_threshold,500,spatial_coverage_minus_random,rmse,20,-0.04799617281295844,0.26060509633551365,-0.16062217057670347,0.062390263129699065,0.5
2014,spco2_le_threshold,1000,historical_density_minus_random,mae,20,0.018248046244991368,0.30855424471059134,-0.11398502861794274,0.1484962995539057,0.45
2014,spco2_le_threshold,1000,historical_density_minus_random,median_absolute_error,20,0.014395232755734334,0.21853020218198277,-0.07493381840376248,0.111299311335842,0.5
2014,spco2_le_threshold,1000,historical_density_minus_random,p95_absolute_error,20,0.28534824150702337,2.032869429796326,-0.5641262241054151,1.1579966982145768,0.6
2014,spco2_le_threshold,1000,historical_density_minus_random,p99_absolute_error,20,-0.04241913423207766,3.1188218122044042,-1.2987727707819647,1.3512198463923824,0.6
2014,spco2_le_threshold,1000,historical_density_minus_random,rmse,20,0.0407035018475236,0.5155368237122442,-0.17191648434693318,0.26380905047297176,0.6
2014,spco2_le_threshold,1000,spatial_coverage_minus_random,mae,20,-0.019367565691822547,0.14205268434032675,-0.07589042682975669,0.0446418208321547,0.65
2014,spco2_le_threshold,1000,spatial_coverage_minus_random,median_absolute_error,20,-0.04339491184125135,0.1438797083343727,-0.1054311705069889,0.019866948287863548,0.7
2014,spco2_le_threshold,1000,spatial_coverage_minus_random,p95_absolute_error,20,-0.02201556461439901,0.561923975825605,-0.25369274912009365,0.22696360463287316,0.6
2014,spco2_le_threshold,1000,spatial_coverage_minus_random,p99_absolute_error,20,-0.27960532898812074,1.104935392997268,-0.7535649190537178,0.19884116981523933,0.6
2014,spco2_le_threshold,1000,spatial_coverage_minus_random,rmse,20,0.005795523255491897,0.19610231825098648,-0.07630075556711287,0.09114294810426879,0.55
2014,spco2_le_threshold,2500,historical_density_minus_random,mae,20,-0.010208057651412972,0.2568081158769143,-0.12132688888650629,0.10009041806757521,0.5
2014,spco2_le_threshold,2500,historical_density_minus_random,median_absolute_error,20,-0.030851681795922924,0.1711746999538553,-0.10385473117637468,0.04174691413133901,0.55
2014,spco2_le_threshold,2500,historical_density_minus_random,p95_absolute_error,20,-0.0004290908336042065,2.282834596416821,-0.9363298777775706,1.0355388435756103,0.6
2014,spco2_le_threshold,2500,historical_density_minus_random,p99_absolute_error,20,-0.39222484001946256,4.405045675860135,-2.2375682306601044,1.500030095965905,0.5
2014,spco2_le_threshold,2500,historical_density_minus_random,rmse,20,-0.00614108747056612,0.6733958372736427,-0.28974155921613587,0.28796222438004515,0.5
2014,spco2_le_threshold,2500,spatial_coverage_minus_random,mae,20,-0.06045947642044638,0.11872961408661724,-0.11100496817491018,-0.00854017587021375,0.6
2014,spco2_le_threshold,2500,spatial_coverage_minus_random,median_absolute_error,20,-0.041402075279673045,0.10509873549606082,-0.08480639185063144,0.004464925689244365,0.7
2014,spco2_le_threshold,2500,spatial_coverage_minus_random,p95_absolute_error,20,-0.20567780754976966,0.3517095211498387,-0.35945226238149297,-0.056616955718174405,0.7
2014,spco2_le_threshold,2500,spatial_coverage_minus_random,p99_absolute_error,20,-0.4437514707637919,1.5405861826912637,-1.1427367933957353,0.14696876520714425,0.55
2014,spco2_le_threshold,2500,spatial_coverage_minus_random,rmse,20,-0.07208770057448054,0.21628272783633212,-0.16857451009762994,0.016630965043977267,0.55
2014,spco2_le_threshold,5000,historical_density_minus_random,mae,20,-0.005682875245100272,0.2595134313156096,-0.11340239292301332,0.10486032316719358,0.5
2014,spco2_le_threshold,5000,historical_density_minus_random,median_absolute_error,20,-0.003079242446018793,0.13943220521441377,-0.059824476790007186,0.05882035871927172,0.55
2014,spco2_le_threshold,5000,historical_density_minus_random,p95_absolute_error,20,0.009522241210114224,2.120563286254246,-0.9088785925312145,0.9121727123898937,0.5
2014,spco2_le_threshold,5000,historical_density_minus_random,p99_absolute_error,20,-1.2137698047527348,4.131162382383975,-3.0152653074487445,0.5187403796124807,0.65
2014,spco2_le_threshold,5000,historical_density_minus_random,rmse,20,-0.06721841529148805,0.6341533259743681,-0.33656349766117594,0.20119015128435958,0.6
2014,spco2_le_threshold,5000,spatial_coverage_minus_random,mae,20,-0.0022205357211891657,0.11794400679568408,-0.05362993889848691,0.047215231280842505,0.5
2014,spco2_le_threshold,5000,spatial_coverage_minus_random,median_absolute_error,20,-0.0226680029866728,0.0923745603882085,-0.06413057636777007,0.014517247751485772,0.65
2014,spco2_le_threshold,5000,spatial_coverage_minus_random,p95_absolute_error,20,-0.0005926299304284732,0.514401021500209,-0.2269981220192934,0.2172493671318951,0.55
2014,spco2_le_threshold,5000,spatial_coverage_minus_random,p99_absolute_error,20,-0.037367966848905955,1.1382797936132303,-0.5159357694800066,0.45273065166362053,0.55
2014,spco2_le_threshold,5000,spatial_coverage_minus_random,rmse,20,0.0470572560482541,0.18603700598437767,-0.03290614561175522,0.12678430150677558,0.55
