regime,budget_fraction,seed,random_rmse,coverage_rmse,rmse_gain,random_cell_cv,coverage_cell_cv,cell_cv_reduction,relative_rmse_gain_pct,spatial_test_fold
spatial_fold_0,0.2,0,29.223221047747728,28.61307502543847,0.6101460223092587,1.7736081724696606,0.7395264358072073,1.0340817366624533,2.0878808031200364,0
spatial_fold_0,0.2,1,29.01401040994252,28.84858187230525,0.16542853763727194,1.740026709047746,0.7484308576708422,0.9915958513769038,0.570167775153837,0
spatial_fold_0,0.2,2,29.57993834899557,28.644429065525017,0.9355092834705516,1.7348097948512298,0.7272361104608241,1.0075736843904055,3.16264784744664,0
spatial_fold_0,0.2,3,29.266483199477168,28.78119137416415,0.48529182531301984,1.7225306291205251,0.743636888909742,0.9788937402107831,1.6581829186832033,0
spatial_fold_0,0.2,4,29.930384773820197,29.05432739708612,0.876057376734078,1.7542289808964913,0.7690591999752037,0.9851697809212876,2.9269833426944665,0
spatial_fold_0,0.2,5,28.68577300506045,28.239832046593893,0.4459409584665579,1.756027083698227,0.7441434475015863,1.0118836361966408,1.554571872223522,0
spatial_fold_0,0.2,6,30.391836410097145,29.21999192499374,1.1718444851034064,1.7646965345705303,0.7581408793947088,1.0065556551758217,3.855787025472676,0
spatial_fold_0,0.2,7,29.56834796740133,29.53395914693267,0.034388820468659986,1.7526306117006678,0.7496840264372463,1.0029465852634214,0.11630281308436019,0
spatial_fold_0,0.2,8,29.636225077743894,28.96986643755117,0.6663586401927262,1.7438490868328853,0.7668642803386468,0.9769848064942385,2.248459911627361,0
spatial_fold_0,0.2,9,29.90704244848688,28.525758075662417,1.3812843728244637,1.775411284098852,0.7500250285394306,1.0253862555594213,4.618592343939207,0
spatial_fold_0,0.2,10,30.366112568508203,29.07425901137028,1.291853557137923,1.7587609643047213,0.7519246232855628,1.0068363410191585,4.254260581506459,0
spatial_fold_0,0.2,11,28.80291659924431,28.80172540030736,0.001191198936947302,1.7307983452533164,0.7652040660867416,0.9655942791665748,0.00413568859543396,0
spatial_fold_0,0.2,12,28.984151192233934,29.22212362044761,-0.23797242821367703,1.793468386450306,0.750217895282337,1.043250491167969,-0.8210432889179787,0
spatial_fold_0,0.2,13,29.70442795656053,29.41067858696137,0.2937493695991584,1.7741164903244215,0.7782569539735763,0.9958595363508452,0.9889076807967306,0
spatial_fold_0,0.2,14,29.95318854247063,28.563856207021548,1.3893323354490832,1.7240866511383537,0.7112330518475863,1.0128535992907675,4.638345375081349,0
spatial_fold_0,0.2,15,28.197792668939925,28.559708511689852,-0.3619158427499265,1.7072294231804863,0.7655733137262702,0.9416561094542161,-1.283489977385994,0
spatial_fold_0,0.2,16,29.073320356125752,28.376050218384464,0.6972701377412882,1.7676511355211395,0.7737913266610085,0.993859808860131,2.398316151028733,0
spatial_fold_0,0.2,17,29.183332229469613,28.8094657895385,0.37386643993111335,1.7766861974411428,0.7745909585526658,1.002095238888477,1.2810957877989662,0
spatial_fold_0,0.2,18,29.57305161686011,28.809862099896208,0.7631895169639016,1.7536611798318458,0.7476437479516039,1.0060174318802417,2.5806924724967986,0
spatial_fold_0,0.2,19,29.926943654736185,29.02840775026641,0.8985359044697745,1.773226838452645,0.7854348204023234,0.9877920180503217,3.0024312366678108,0
spatial_fold_1,0.2,0,23.99448706074228,24.107067682120032,-0.11258062137775227,1.617922952723165,0.6882387915045267,0.9296841612186384,-0.46919369892239543,1
spatial_fold_1,0.2,1,23.47051830629541,23.95199621906757,-0.48147791277216,1.6449054233441942,0.7115767671981034,0.9333286561460908,-2.05141576546699,1
spatial_fold_1,0.2,2,23.594120192593213,23.25818184444401,0.3359383481492024,1.60077440841173,0.6628987537490122,0.9378756546627177,1.42382231423345,1
spatial_fold_1,0.2,3,23.78304074140505,24.24988273406411,-0.46684199265905946,1.6240835591709082,0.6736793924215779,0.9504041667493303,-1.9629197028885865,1
spatial_fold_1,0.2,4,27.26927275959497,25.15554406674509,2.113728692849879,1.6435362670450673,0.6878091385815884,0.9557271284634788,7.751320365176009,1
spatial_fold_1,0.2,5,23.949179293167067,23.803485601023493,0.14569369214357408,1.648847481951021,0.7156237067679522,0.9332237751830689,0.6083452395595949,1
spatial_fold_1,0.2,6,23.074687926565563,23.73282377949104,-0.6581358529254757,1.634717765121076,0.6734487008684329,0.9612690642526431,-2.8521982833309445,1
spatial_fold_1,0.2,7,27.568149663587768,23.391338021093368,4.1768116424944,1.608598932366354,0.6545853438437992,0.9540135885225549,15.150859573325539,1
spatial_fold_1,0.2,8,24.19917983623099,24.25051149980831,-0.05133166357732222,1.6793899125725682,0.7156713685264536,0.9637185440461146,-0.21212150132653876,1
spatial_fold_1,0.2,9,23.256891776266595,23.230179021889818,0.02671275437677778,1.624986394681145,0.7089835833389024,0.9160028113422425,0.11485952049722249,1
spatial_fold_1,0.2,10,24.388785052380637,23.406854933478183,0.9819301189024543,1.625091343001968,0.6805303646743562,0.9445609783276118,4.0261543032731195,1
spatial_fold_1,0.2,11,23.85696819685564,23.39921883576397,0.4577493610916683,1.6488267952383595,0.7024479528402752,0.9463788423980843,1.918723943941879,1
spatial_fold_1,0.2,12,25.752457532913315,22.775410742596893,2.9770467903164217,1.6602614473849997,0.6945807672196008,0.9656806801653989,11.560243470012765,1
spatial_fold_1,0.2,13,23.098531721853178,22.936865451130576,0.16166627072260198,1.623539749407355,0.6715720997876067,0.9519676496197482,0.6998984726360418,1
spatial_fold_1,0.2,14,28.7593875800506,26.315808733270536,2.4435788467800634,1.6109673448430415,0.6711035414052258,0.9398638034378157,8.496630326283757,1
spatial_fold_1,0.2,15,24.24325598512995,23.52741678738462,0.7158391977453284,1.6712913743588529,0.6882112576966294,0.9830801166622235,2.9527353841596264,1
spatial_fold_1,0.2,16,23.77565980842183,23.65552399947692,0.12013580894490872,1.6537131423254228,0.6969719984316404,0.9567411438937824,0.5052890641644954,1
spatial_fold_1,0.2,17,25.625528388034816,23.49970730268,2.125821085354815,1.643386374303493,0.6893887209849249,0.9539976533185682,8.29571610452104,1
spatial_fold_1,0.2,18,24.752906649053045,23.573967119209517,1.1789395298435288,1.6887831386976246,0.7279992008542597,0.9607839378433649,4.762832690958461,1
spatial_fold_1,0.2,19,23.39489135123009,23.710410201511444,-0.31551885028135374,1.614647244802843,0.7013896842191828,0.9132575605836603,-1.348665593459847,1
spatial_fold_2,0.2,0,21.71710257211369,21.663182652873843,0.053919919239845626,1.7276720754826909,0.7428195631883886,0.9848525122943023,0.24828320933144488,2
spatial_fold_2,0.2,1,21.655209128877875,21.656053331863685,-0.0008442029858102273,1.7563610402360923,0.7510125118877623,1.00534852834833,-0.0038983829746740114,2
spatial_fold_2,0.2,2,21.392956807251856,20.82569553549877,0.567261271753086,1.738509197402911,0.7418130629937246,0.9966961344091864,2.6516263126413357,2
spatial_fold_2,0.2,3,21.18268325018084,21.48601985664671,-0.30333660646586935,1.6863035632490764,0.7464078939736614,0.939895669275415,-1.4320027490534266,2
spatial_fold_2,0.2,4,21.441376719355976,21.708586294245663,-0.2672095748896872,1.7261001048810305,0.757991378933424,0.9681087259476064,-1.2462332917665058,2
spatial_fold_2,0.2,5,21.218212253559425,21.47201314049325,-0.2538008869338242,1.6959180853900404,0.7092372433344019,0.9866808420556386,-1.1961464231806251,2
spatial_fold_2,0.2,6,21.96395504515601,21.51519022768433,0.4487648174716803,1.7367770160687608,0.76112501556855,0.9756520005002108,2.043187652447195,2
spatial_fold_2,0.2,7,22.38724540861732,21.63817329766229,0.74907211095503,1.7005982704653222,0.7625820394978633,0.9380162309674589,3.345977127970806,2
spatial_fold_2,0.2,8,21.974544370677737,21.853290897486545,0.12125347319119228,1.7175020876931222,0.7279669695278691,0.9895351181652531,0.5517906134745154,2
spatial_fold_2,0.2,9,21.27134452714852,21.68989120816408,-0.4185466810155596,1.6873982106171308,0.7050310615550266,0.9823671490621042,-1.9676550322494675,2
spatial_fold_2,0.2,10,21.398209824572348,21.951316945911103,-0.5531071213387548,1.7440442885735798,0.7324835158171875,1.0115607727563924,-2.584828945380289,2
spatial_fold_2,0.2,11,21.34416703838233,21.34170381060296,0.002463227779369248,1.716536494233786,0.7334640133663407,0.9830724808674453,0.01154051959460272,2
spatial_fold_2,0.2,12,21.9275907666628,22.368517861379235,-0.4409270947164359,1.753409176814384,0.7490724256876282,1.0043367511267558,-2.0108323773845282,2
spatial_fold_2,0.2,13,21.88804904575001,21.67612974442137,0.21191930132863845,1.680199320909582,0.7044252421242673,0.9757740787853147,0.9681963928611843,2
spatial_fold_2,0.2,14,22.04455107889249,21.725950680717112,0.3186003981753771,1.7010103636668066,0.7303529650018945,0.9706573986649121,1.4452569119469838,2
spatial_fold_2,0.2,15,22.15443181755702,21.75028537483632,0.4041464427206982,1.7398164038879085,0.7580336214433776,0.9817827824445309,1.8242239117160246,2
spatial_fold_2,0.2,16,21.324828536780178,21.409546412778525,-0.08471787599834713,1.7241470549755096,0.7246948775658767,0.9994521774096329,-0.39727342169354024,2
spatial_fold_2,0.2,17,22.09682840636306,21.22238534464306,0.8744430617199974,1.7101844383787124,0.7258819799859325,0.9843024583927799,3.9573238549845033,2
spatial_fold_2,0.2,18,21.81558248861941,21.273620985666454,0.5419615029529545,1.7667383021808163,0.7396228035755428,1.0271154986052735,2.4842861896338593,2
spatial_fold_2,0.2,19,22.57555069859803,21.941860271965645,0.6336904266323842,1.7077278371526952,0.7106304337947613,0.9970974033579338,2.8069766053225766,2
spatial_fold_3,0.2,0,26.52061264666763,26.462493943031333,0.05811870363629623,1.7053888010495342,0.7045041106262064,1.0008846904233277,0.21914540365491508,3
spatial_fold_3,0.2,1,26.129746069733987,25.326014487121583,0.8037315826124036,1.7267889880469782,0.7323368488927667,0.9944521391542115,3.0759257302670986,3
spatial_fold_3,0.2,2,25.58009661780769,25.190897674811158,0.3891989429965328,1.7092746118257307,0.7048897153527475,1.0043848964729833,1.5214912938428478,3
spatial_fold_3,0.2,3,25.975992377627342,25.28397802096404,0.6920143566633037,1.6918693972492818,0.7071008176440343,0.9847685796052474,2.664053586877871,3
spatial_fold_3,0.2,4,25.67804151074408,25.518777273243487,0.1592642375005937,1.66264881370954,0.7065077753248875,0.9561410383846526,0.6202351430655455,3
spatial_fold_3,0.2,5,26.81587661029279,25.273545893940423,1.5423307163523674,1.6818063487060564,0.7159294301252308,0.9658769185808256,5.751558074220746,3
spatial_fold_3,0.2,6,26.349370237515966,24.77802803339561,1.5713422041203557,1.7006223196614492,0.7347565263300071,0.9658657933314421,5.963490550081894,3
spatial_fold_3,0.2,7,25.495566298929106,25.64748933741116,-0.15192303848205313,1.718416679779714,0.7399394619711105,0.9784772178086035,-0.5958802275689573,3
spatial_fold_3,0.2,8,25.82236292194483,24.832525834583578,0.9898370873612521,1.7314183249776685,0.7260334298541397,1.005384895123529,3.8332552692923803,3
spatial_fold_3,0.2,9,26.007797051374123,25.137522091151133,0.8702749602229893,1.6848425551153094,0.7041100835805707,0.9807324715347387,3.346207902591305,3
spatial_fold_3,0.2,10,26.07522894098856,25.64019503526888,0.4350339057196777,1.686204321377878,0.7133081257886358,0.9728961955892421,1.668380004272303,3
spatial_fold_3,0.2,11,25.90891738770705,24.972073984125835,0.9368434035812143,1.6975325967728891,0.7218886734111445,0.9756439233617447,3.6159110377406836,3
spatial_fold_3,0.2,12,25.855750053488027,25.956603407845687,-0.10085335435766041,1.67488917607766,0.7108317071675986,0.9640574689100615,-0.39006160776239,3
spatial_fold_3,0.2,13,26.59280552733805,25.421016097957654,1.1717894293803965,1.7342860085404042,0.744010862110501,0.9902751464299031,4.406415216987048,3
spatial_fold_3,0.2,14,25.7328822979926,25.520209216447483,0.2126730815451161,1.657618195119082,0.6916502037391987,0.9659679913798833,0.8264642844214406,3
spatial_fold_3,0.2,15,26.477661373258737,25.77406341553819,0.7035979577205467,1.7083204866496426,0.7203131917321705,0.9880072949174722,2.6573266717246766,3
spatial_fold_3,0.2,16,26.53705647831147,26.20791643430433,0.3291400440071399,1.7330704499501015,0.7373603890580551,0.9957100608920464,1.2403035139791918,3
spatial_fold_3,0.2,17,26.79451915627783,26.0607727267082,0.7337464295696279,1.700244912482901,0.7137497285470009,0.9864951839359002,2.7384198435884772,3
spatial_fold_3,0.2,18,26.81191798806907,25.96595132424916,0.8459666638199081,1.7368726953296387,0.7480485102865538,0.9888241850430849,3.155188913364391,3
spatial_fold_3,0.2,19,25.853530139169745,25.67059830746865,0.18293183170109373,1.6788421381596332,0.7011931734952697,0.9776489646643636,0.7075700328596146,3
spatial_fold_4,0.2,0,37.23769290779502,36.41529420960476,0.8223986981902627,1.635006768382003,0.681820062318458,0.953186706063545,2.208511414030456,4
spatial_fold_4,0.2,1,35.249980308428455,35.30753283716557,-0.05755252873711214,1.6758950088463946,0.7021939610175139,0.9737010478288808,-0.16326967627653122,4
spatial_fold_4,0.2,2,35.36532981582145,35.755550056920924,-0.3902202410994775,1.663551192389352,0.7100204464154969,0.9535307459738551,-1.1033977150268341,4
spatial_fold_4,0.2,3,34.57471905421677,33.94581865141759,0.6289004027991822,1.636863846940022,0.6803192037167817,0.9565446432232404,1.8189602692447067,4
spatial_fold_4,0.2,4,36.43436277378926,37.06161374591582,-0.6272509721265607,1.6710961285417996,0.7012363686941752,0.9698597598476244,-1.721591718293486,4
spatial_fold_4,0.2,5,34.36715602131932,36.64019974640206,-2.2730437250827435,1.697638759066313,0.7116017398181249,0.986037019248188,-6.6140000751667785,4
spatial_fold_4,0.2,6,35.94405816846778,35.473147319936736,0.4709108485310409,1.710934180225134,0.7355554875181414,0.9753786927069927,1.3101215403222093,4
spatial_fold_4,0.2,7,34.69120803744552,36.16431463788845,-1.4731066004429323,1.633454265895647,0.6813958519582539,0.9520584139373931,-4.246339876238579,4
spatial_fold_4,0.2,8,35.19476988352081,34.34142072934885,0.8533491541719656,1.7001413668811978,0.7563019399814591,0.9438394268997387,2.424647630872926,4
spatial_fold_4,0.2,9,36.78956919457495,39.333052366153154,-2.5434831715782025,1.662071908662128,0.6894761905290941,0.9725957181330339,-6.913598683708611,4
spatial_fold_4,0.2,10,35.33723559368358,36.880269912647385,-1.5430343189638052,1.651743931998518,0.711017758459054,0.9407261735394641,-4.366596008544646,4
spatial_fold_4,0.2,11,34.8835033755764,37.31371436162485,-2.4302109860484435,1.6237444565106245,0.6804688400623843,0.9432756164482402,-6.96664827463961,4
spatial_fold_4,0.2,12,34.75114494955263,36.060422215136725,-1.3092772655840932,1.6550272547352538,0.7017588537663295,0.9532684009689243,-3.7675802264493394,4
spatial_fold_4,0.2,13,36.80282498475151,35.92585792006865,0.8769670646828587,1.6958146144092154,0.7230415466092297,0.9727730677999857,2.382879751883753,4
spatial_fold_4,0.2,14,35.97006596914505,36.287280118833465,-0.317214149688418,1.669594259538263,0.7056305334137167,0.9639637261245462,-0.8818837028559324,4
spatial_fold_4,0.2,15,34.29370723922932,36.03905475379959,-1.7453475145702697,1.6813633640332617,0.7138701386879526,0.9674932253453091,-5.089410434383509,4
spatial_fold_4,0.2,16,34.92640412779772,36.18962886300047,-1.2632247352027548,1.7414600397638562,0.7461154692357571,0.9953445705280991,-3.6168187557486395,4
spatial_fold_4,0.2,17,36.53963888963082,36.41853173220409,0.12110715742673506,1.677454359529504,0.7163076201343559,0.961146739395148,0.3314404879384364,4
spatial_fold_4,0.2,18,35.317760528841525,36.05007391630858,-0.7323133874670518,1.670533085896023,0.7467701691370286,0.9237629167589944,-2.0734989322695676,4
spatial_fold_4,0.2,19,34.68777816289874,34.982358040517745,-0.2945798776190074,1.666476495713204,0.7132937239148487,0.9531827717983554,-0.8492324767404197,4
